ISO-10303-21;
HEADER;
FILE_DESCRIPTION(('FreeCAD Model'),'2;1');
FILE_NAME('Open CASCADE Shape Model','2024-12-26T22:41:24',(''),(''),
  'Open CASCADE STEP processor 7.8','FreeCAD','Unknown');
FILE_SCHEMA(('AUTOMOTIVE_DESIGN { 1 0 10303 214 1 1 1 1 }'));
ENDSEC;
DATA;
#1 = APPLICATION_PROTOCOL_DEFINITION('international standard',
  'automotive_design',2000,#2);
#2 = APPLICATION_CONTEXT(
  'core data for automotive mechanical design processes');
#3 = SHAPE_DEFINITION_REPRESENTATION(#4,#10);
#4 = PRODUCT_DEFINITION_SHAPE('','',#5);
#5 = PRODUCT_DEFINITION('design','',#6,#9);
#6 = PRODUCT_DEFINITION_FORMATION('','',#7);
#7 = PRODUCT('Body','Body','',(#8));
#8 = PRODUCT_CONTEXT('',#2,'mechanical');
#9 = PRODUCT_DEFINITION_CONTEXT('part definition',#2,'design');
#10 = ADVANCED_BREP_SHAPE_REPRESENTATION('',(#11,#15),#7557);
#11 = AXIS2_PLACEMENT_3D('',#12,#13,#14);
#12 = CARTESIAN_POINT('',(0.,0.,0.));
#13 = DIRECTION('',(0.,0.,1.));
#14 = DIRECTION('',(1.,0.,-0.));
#15 = MANIFOLD_SOLID_BREP('',#16);
#16 = CLOSED_SHELL('',(#17,#57,#88,#119,#1256,#1977,#1989,#2020,#2045,
    #2070,#2094,#2118,#2143,#2168,#2185,#2216,#2241,#2265,#2290,#2314,
    #2339,#2363,#2381,#2412,#2437,#2461,#2486,#2510,#2535,#2559,#2577,
    #2608,#2633,#2657,#2682,#2706,#2731,#2755,#2773,#2804,#2829,#2854,
    #2878,#2902,#2927,#2952,#2969,#3000,#3025,#3049,#3074,#3098,#3123,
    #3147,#3165,#3196,#3221,#3245,#3270,#3294,#3319,#3343,#3361,#3392,
    #3417,#3441,#3466,#3490,#3515,#3539,#3557,#3588,#3613,#3637,#3662,
    #3686,#3711,#3735,#3753,#3784,#3809,#3833,#3858,#3882,#3907,#3931,
    #3949,#3980,#4005,#4029,#4054,#4078,#4103,#4127,#4145,#4176,#4201,
    #4225,#4250,#4274,#4299,#4323,#4341,#4372,#4397,#4421,#4446,#4470,
    #4495,#4519,#4537,#4568,#4593,#4617,#4642,#4666,#4691,#4715,#4733,
    #4764,#4789,#4813,#4838,#4862,#4887,#4911,#4929,#4960,#4985,#5009,
    #5034,#5058,#5083,#5107,#5125,#5150,#5175,#5200,#5225,#5250,#5275,
    #5300,#5325,#5350,#5375,#5400,#5425,#5450,#5475,#5500,#5525,#5550,
    #5575,#5600,#5625,#5650,#5675,#5700,#5725,#5750,#5775,#5800,#5825,
    #5850,#5875,#5900,#5925,#5950,#5975,#6000,#6025,#6050,#6075,#6100,
    #6125,#6150,#6175,#6200,#6225,#6250,#6275,#6300,#6325,#6350,#6375,
    #6400,#6425,#6450,#6475,#6500,#6525,#6550,#6575,#6600,#6625,#6650,
    #6675,#6700,#6725,#6741,#6757,#6773,#6789,#6805,#6821,#6837,#6853,
    #6869,#6885,#6901,#6917,#6933,#6949,#6965,#6981,#6990,#6999,#7008,
    #7017,#7026,#7035,#7044,#7053,#7062,#7071,#7080,#7089,#7098,#7107,
    #7116,#7125,#7134,#7143,#7152,#7161,#7170,#7179,#7188,#7197,#7206,
    #7215,#7224,#7233,#7242,#7251,#7260,#7269,#7278,#7287,#7296,#7305,
    #7314,#7323,#7332,#7341,#7350,#7359,#7368,#7377,#7386,#7395,#7404,
    #7413,#7422,#7431,#7440,#7449,#7458,#7467,#7476,#7485,#7494,#7503,
    #7512,#7521,#7530,#7539,#7548));
#17 = ADVANCED_FACE('',(#18),#52,.F.);
#18 = FACE_BOUND('',#19,.F.);
#19 = EDGE_LOOP('',(#20,#30,#38,#46));
#20 = ORIENTED_EDGE('',*,*,#21,.T.);
#21 = EDGE_CURVE('',#22,#24,#26,.T.);
#22 = VERTEX_POINT('',#23);
#23 = CARTESIAN_POINT('',(-10.1,-10.1,0.));
#24 = VERTEX_POINT('',#25);
#25 = CARTESIAN_POINT('',(-10.1,-10.1,5.9));
#26 = LINE('',#27,#28);
#27 = CARTESIAN_POINT('',(-10.1,-10.1,0.));
#28 = VECTOR('',#29,1.);
#29 = DIRECTION('',(0.,0.,1.));
#30 = ORIENTED_EDGE('',*,*,#31,.T.);
#31 = EDGE_CURVE('',#24,#32,#34,.T.);
#32 = VERTEX_POINT('',#33);
#33 = CARTESIAN_POINT('',(10.1,-10.1,5.9));
#34 = LINE('',#35,#36);
#35 = CARTESIAN_POINT('',(-10.1,-10.1,5.9));
#36 = VECTOR('',#37,1.);
#37 = DIRECTION('',(1.,0.,0.));
#38 = ORIENTED_EDGE('',*,*,#39,.F.);
#39 = EDGE_CURVE('',#40,#32,#42,.T.);
#40 = VERTEX_POINT('',#41);
#41 = CARTESIAN_POINT('',(10.1,-10.1,0.));
#42 = LINE('',#43,#44);
#43 = CARTESIAN_POINT('',(10.1,-10.1,0.));
#44 = VECTOR('',#45,1.);
#45 = DIRECTION('',(0.,0.,1.));
#46 = ORIENTED_EDGE('',*,*,#47,.F.);
#47 = EDGE_CURVE('',#22,#40,#48,.T.);
#48 = LINE('',#49,#50);
#49 = CARTESIAN_POINT('',(-10.1,-10.1,0.));
#50 = VECTOR('',#51,1.);
#51 = DIRECTION('',(1.,0.,0.));
#52 = PLANE('',#53);
#53 = AXIS2_PLACEMENT_3D('',#54,#55,#56);
#54 = CARTESIAN_POINT('',(-10.1,-10.1,0.));
#55 = DIRECTION('',(0.,1.,0.));
#56 = DIRECTION('',(1.,0.,0.));
#57 = ADVANCED_FACE('',(#58),#83,.F.);
#58 = FACE_BOUND('',#59,.F.);
#59 = EDGE_LOOP('',(#60,#70,#76,#77));
#60 = ORIENTED_EDGE('',*,*,#61,.T.);
#61 = EDGE_CURVE('',#62,#64,#66,.T.);
#62 = VERTEX_POINT('',#63);
#63 = CARTESIAN_POINT('',(-10.1,10.1,0.));
#64 = VERTEX_POINT('',#65);
#65 = CARTESIAN_POINT('',(-10.1,10.1,5.9));
#66 = LINE('',#67,#68);
#67 = CARTESIAN_POINT('',(-10.1,10.1,0.));
#68 = VECTOR('',#69,1.);
#69 = DIRECTION('',(0.,0.,1.));
#70 = ORIENTED_EDGE('',*,*,#71,.T.);
#71 = EDGE_CURVE('',#64,#24,#72,.T.);
#72 = LINE('',#73,#74);
#73 = CARTESIAN_POINT('',(-10.1,10.1,5.9));
#74 = VECTOR('',#75,1.);
#75 = DIRECTION('',(0.,-1.,0.));
#76 = ORIENTED_EDGE('',*,*,#21,.F.);
#77 = ORIENTED_EDGE('',*,*,#78,.F.);
#78 = EDGE_CURVE('',#62,#22,#79,.T.);
#79 = LINE('',#80,#81);
#80 = CARTESIAN_POINT('',(-10.1,10.1,0.));
#81 = VECTOR('',#82,1.);
#82 = DIRECTION('',(0.,-1.,0.));
#83 = PLANE('',#84);
#84 = AXIS2_PLACEMENT_3D('',#85,#86,#87);
#85 = CARTESIAN_POINT('',(-10.1,10.1,0.));
#86 = DIRECTION('',(1.,0.,0.));
#87 = DIRECTION('',(0.,-1.,0.));
#88 = ADVANCED_FACE('',(#89),#114,.F.);
#89 = FACE_BOUND('',#90,.F.);
#90 = EDGE_LOOP('',(#91,#92,#100,#108));
#91 = ORIENTED_EDGE('',*,*,#39,.T.);
#92 = ORIENTED_EDGE('',*,*,#93,.T.);
#93 = EDGE_CURVE('',#32,#94,#96,.T.);
#94 = VERTEX_POINT('',#95);
#95 = CARTESIAN_POINT('',(10.1,10.1,5.9));
#96 = LINE('',#97,#98);
#97 = CARTESIAN_POINT('',(10.1,-10.1,5.9));
#98 = VECTOR('',#99,1.);
#99 = DIRECTION('',(0.,1.,0.));
#100 = ORIENTED_EDGE('',*,*,#101,.F.);
#101 = EDGE_CURVE('',#102,#94,#104,.T.);
#102 = VERTEX_POINT('',#103);
#103 = CARTESIAN_POINT('',(10.1,10.1,0.));
#104 = LINE('',#105,#106);
#105 = CARTESIAN_POINT('',(10.1,10.1,0.));
#106 = VECTOR('',#107,1.);
#107 = DIRECTION('',(0.,0.,1.));
#108 = ORIENTED_EDGE('',*,*,#109,.F.);
#109 = EDGE_CURVE('',#40,#102,#110,.T.);
#110 = LINE('',#111,#112);
#111 = CARTESIAN_POINT('',(10.1,-10.1,0.));
#112 = VECTOR('',#113,1.);
#113 = DIRECTION('',(0.,1.,0.));
#114 = PLANE('',#115);
#115 = AXIS2_PLACEMENT_3D('',#116,#117,#118);
#116 = CARTESIAN_POINT('',(10.1,-10.1,0.));
#117 = DIRECTION('',(-1.,0.,0.));
#118 = DIRECTION('',(0.,1.,0.));
#119 = ADVANCED_FACE('',(#120,#131,#201,#271,#341,#411,#481,#551,#621,
    #691,#761,#831,#901,#971,#1041,#1111,#1181),#1251,.F.);
#120 = FACE_BOUND('',#121,.F.);
#121 = EDGE_LOOP('',(#122,#123,#124,#130));
#122 = ORIENTED_EDGE('',*,*,#47,.T.);
#123 = ORIENTED_EDGE('',*,*,#109,.T.);
#124 = ORIENTED_EDGE('',*,*,#125,.T.);
#125 = EDGE_CURVE('',#102,#62,#126,.T.);
#126 = LINE('',#127,#128);
#127 = CARTESIAN_POINT('',(10.1,10.1,0.));
#128 = VECTOR('',#129,1.);
#129 = DIRECTION('',(-1.,0.,0.));
#130 = ORIENTED_EDGE('',*,*,#78,.T.);
#131 = FACE_BOUND('',#132,.F.);
#132 = EDGE_LOOP('',(#133,#143,#152,#160,#169,#177,#186,#194));
#133 = ORIENTED_EDGE('',*,*,#134,.F.);
#134 = EDGE_CURVE('',#135,#137,#139,.T.);
#135 = VERTEX_POINT('',#136);
#136 = CARTESIAN_POINT('',(-7.65,-9.,0.));
#137 = VERTEX_POINT('',#138);
#138 = CARTESIAN_POINT('',(-7.35,-9.,0.));
#139 = LINE('',#140,#141);
#140 = CARTESIAN_POINT('',(-7.65,-9.,0.));
#141 = VECTOR('',#142,1.);
#142 = DIRECTION('',(1.,0.,0.));
#143 = ORIENTED_EDGE('',*,*,#144,.F.);
#144 = EDGE_CURVE('',#145,#135,#147,.T.);
#145 = VERTEX_POINT('',#146);
#146 = CARTESIAN_POINT('',(-7.75,-8.9,0.));
#147 = CIRCLE('',#148,0.1);
#148 = AXIS2_PLACEMENT_3D('',#149,#150,#151);
#149 = CARTESIAN_POINT('',(-7.65,-8.9,0.));
#150 = DIRECTION('',(0.,0.,1.));
#151 = DIRECTION('',(1.,0.,0.));
#152 = ORIENTED_EDGE('',*,*,#153,.F.);
#153 = EDGE_CURVE('',#154,#145,#156,.T.);
#154 = VERTEX_POINT('',#155);
#155 = CARTESIAN_POINT('',(-7.75,-8.6,0.));
#156 = LINE('',#157,#158);
#157 = CARTESIAN_POINT('',(-7.75,-8.6,0.));
#158 = VECTOR('',#159,1.);
#159 = DIRECTION('',(0.,-1.,0.));
#160 = ORIENTED_EDGE('',*,*,#161,.F.);
#161 = EDGE_CURVE('',#162,#154,#164,.T.);
#162 = VERTEX_POINT('',#163);
#163 = CARTESIAN_POINT('',(-7.65,-8.5,0.));
#164 = CIRCLE('',#165,0.1);
#165 = AXIS2_PLACEMENT_3D('',#166,#167,#168);
#166 = CARTESIAN_POINT('',(-7.65,-8.6,0.));
#167 = DIRECTION('',(0.,0.,1.));
#168 = DIRECTION('',(1.,0.,0.));
#169 = ORIENTED_EDGE('',*,*,#170,.F.);
#170 = EDGE_CURVE('',#171,#162,#173,.T.);
#171 = VERTEX_POINT('',#172);
#172 = CARTESIAN_POINT('',(-7.35,-8.5,0.));
#173 = LINE('',#174,#175);
#174 = CARTESIAN_POINT('',(-7.35,-8.5,0.));
#175 = VECTOR('',#176,1.);
#176 = DIRECTION('',(-1.,0.,0.));
#177 = ORIENTED_EDGE('',*,*,#178,.F.);
#178 = EDGE_CURVE('',#179,#171,#181,.T.);
#179 = VERTEX_POINT('',#180);
#180 = CARTESIAN_POINT('',(-7.25,-8.6,0.));
#181 = CIRCLE('',#182,0.1);
#182 = AXIS2_PLACEMENT_3D('',#183,#184,#185);
#183 = CARTESIAN_POINT('',(-7.35,-8.6,0.));
#184 = DIRECTION('',(0.,0.,1.));
#185 = DIRECTION('',(1.,0.,0.));
#186 = ORIENTED_EDGE('',*,*,#187,.F.);
#187 = EDGE_CURVE('',#188,#179,#190,.T.);
#188 = VERTEX_POINT('',#189);
#189 = CARTESIAN_POINT('',(-7.25,-8.9,0.));
#190 = LINE('',#191,#192);
#191 = CARTESIAN_POINT('',(-7.25,-8.9,0.));
#192 = VECTOR('',#193,1.);
#193 = DIRECTION('',(0.,1.,0.));
#194 = ORIENTED_EDGE('',*,*,#195,.F.);
#195 = EDGE_CURVE('',#137,#188,#196,.T.);
#196 = CIRCLE('',#197,0.1);
#197 = AXIS2_PLACEMENT_3D('',#198,#199,#200);
#198 = CARTESIAN_POINT('',(-7.35,-8.9,0.));
#199 = DIRECTION('',(0.,0.,1.));
#200 = DIRECTION('',(1.,0.,0.));
#201 = FACE_BOUND('',#202,.F.);
#202 = EDGE_LOOP('',(#203,#213,#222,#230,#239,#247,#256,#264));
#203 = ORIENTED_EDGE('',*,*,#204,.F.);
#204 = EDGE_CURVE('',#205,#207,#209,.T.);
#205 = VERTEX_POINT('',#206);
#206 = CARTESIAN_POINT('',(-7.65,-6.46,-2.819966482548E-16));
#207 = VERTEX_POINT('',#208);
#208 = CARTESIAN_POINT('',(-7.35,-6.46,-2.819966482548E-16));
#209 = LINE('',#210,#211);
#210 = CARTESIAN_POINT('',(-7.65,-6.46,-2.819966482548E-16));
#211 = VECTOR('',#212,1.);
#212 = DIRECTION('',(1.,0.,0.));
#213 = ORIENTED_EDGE('',*,*,#214,.F.);
#214 = EDGE_CURVE('',#215,#205,#217,.T.);
#215 = VERTEX_POINT('',#216);
#216 = CARTESIAN_POINT('',(-7.75,-6.36,-2.819966482548E-16));
#217 = CIRCLE('',#218,0.1);
#218 = AXIS2_PLACEMENT_3D('',#219,#220,#221);
#219 = CARTESIAN_POINT('',(-7.65,-6.36,-2.819966482548E-16));
#220 = DIRECTION('',(0.,0.,1.));
#221 = DIRECTION('',(1.,0.,0.));
#222 = ORIENTED_EDGE('',*,*,#223,.F.);
#223 = EDGE_CURVE('',#224,#215,#226,.T.);
#224 = VERTEX_POINT('',#225);
#225 = CARTESIAN_POINT('',(-7.75,-6.06,-2.819966482548E-16));
#226 = LINE('',#227,#228);
#227 = CARTESIAN_POINT('',(-7.75,-6.06,-2.819966482548E-16));
#228 = VECTOR('',#229,1.);
#229 = DIRECTION('',(0.,-1.,0.));
#230 = ORIENTED_EDGE('',*,*,#231,.F.);
#231 = EDGE_CURVE('',#232,#224,#234,.T.);
#232 = VERTEX_POINT('',#233);
#233 = CARTESIAN_POINT('',(-7.65,-5.96,-2.819966482548E-16));
#234 = CIRCLE('',#235,0.1);
#235 = AXIS2_PLACEMENT_3D('',#236,#237,#238);
#236 = CARTESIAN_POINT('',(-7.65,-6.06,-2.819966482548E-16));
#237 = DIRECTION('',(0.,0.,1.));
#238 = DIRECTION('',(1.,0.,0.));
#239 = ORIENTED_EDGE('',*,*,#240,.F.);
#240 = EDGE_CURVE('',#241,#232,#243,.T.);
#241 = VERTEX_POINT('',#242);
#242 = CARTESIAN_POINT('',(-7.35,-5.96,-2.819966482548E-16));
#243 = LINE('',#244,#245);
#244 = CARTESIAN_POINT('',(-7.35,-5.96,-2.819966482548E-16));
#245 = VECTOR('',#246,1.);
#246 = DIRECTION('',(-1.,0.,0.));
#247 = ORIENTED_EDGE('',*,*,#248,.F.);
#248 = EDGE_CURVE('',#249,#241,#251,.T.);
#249 = VERTEX_POINT('',#250);
#250 = CARTESIAN_POINT('',(-7.25,-6.06,-2.819966482548E-16));
#251 = CIRCLE('',#252,0.1);
#252 = AXIS2_PLACEMENT_3D('',#253,#254,#255);
#253 = CARTESIAN_POINT('',(-7.35,-6.06,-2.819966482548E-16));
#254 = DIRECTION('',(0.,0.,1.));
#255 = DIRECTION('',(1.,0.,0.));
#256 = ORIENTED_EDGE('',*,*,#257,.F.);
#257 = EDGE_CURVE('',#258,#249,#260,.T.);
#258 = VERTEX_POINT('',#259);
#259 = CARTESIAN_POINT('',(-7.25,-6.36,-2.819966482548E-16));
#260 = LINE('',#261,#262);
#261 = CARTESIAN_POINT('',(-7.25,-6.36,-2.819966482548E-16));
#262 = VECTOR('',#263,1.);
#263 = DIRECTION('',(0.,1.,0.));
#264 = ORIENTED_EDGE('',*,*,#265,.F.);
#265 = EDGE_CURVE('',#207,#258,#266,.T.);
#266 = CIRCLE('',#267,0.1);
#267 = AXIS2_PLACEMENT_3D('',#268,#269,#270);
#268 = CARTESIAN_POINT('',(-7.35,-6.36,-2.819966482548E-16));
#269 = DIRECTION('',(0.,0.,1.));
#270 = DIRECTION('',(1.,0.,0.));
#271 = FACE_BOUND('',#272,.F.);
#272 = EDGE_LOOP('',(#273,#283,#292,#300,#309,#317,#326,#334));
#273 = ORIENTED_EDGE('',*,*,#274,.F.);
#274 = EDGE_CURVE('',#275,#277,#279,.T.);
#275 = VERTEX_POINT('',#276);
#276 = CARTESIAN_POINT('',(-7.65,-3.92,-5.639932965096E-16));
#277 = VERTEX_POINT('',#278);
#278 = CARTESIAN_POINT('',(-7.35,-3.92,-5.639932965096E-16));
#279 = LINE('',#280,#281);
#280 = CARTESIAN_POINT('',(-7.65,-3.92,-5.639932965096E-16));
#281 = VECTOR('',#282,1.);
#282 = DIRECTION('',(1.,0.,0.));
#283 = ORIENTED_EDGE('',*,*,#284,.F.);
#284 = EDGE_CURVE('',#285,#275,#287,.T.);
#285 = VERTEX_POINT('',#286);
#286 = CARTESIAN_POINT('',(-7.75,-3.82,-5.639932965096E-16));
#287 = CIRCLE('',#288,0.1);
#288 = AXIS2_PLACEMENT_3D('',#289,#290,#291);
#289 = CARTESIAN_POINT('',(-7.65,-3.82,-5.639932965096E-16));
#290 = DIRECTION('',(0.,0.,1.));
#291 = DIRECTION('',(1.,0.,0.));
#292 = ORIENTED_EDGE('',*,*,#293,.F.);
#293 = EDGE_CURVE('',#294,#285,#296,.T.);
#294 = VERTEX_POINT('',#295);
#295 = CARTESIAN_POINT('',(-7.75,-3.52,-5.639932965096E-16));
#296 = LINE('',#297,#298);
#297 = CARTESIAN_POINT('',(-7.75,-3.52,-5.639932965096E-16));
#298 = VECTOR('',#299,1.);
#299 = DIRECTION('',(0.,-1.,0.));
#300 = ORIENTED_EDGE('',*,*,#301,.F.);
#301 = EDGE_CURVE('',#302,#294,#304,.T.);
#302 = VERTEX_POINT('',#303);
#303 = CARTESIAN_POINT('',(-7.65,-3.42,-5.639932965096E-16));
#304 = CIRCLE('',#305,0.1);
#305 = AXIS2_PLACEMENT_3D('',#306,#307,#308);
#306 = CARTESIAN_POINT('',(-7.65,-3.52,-5.639932965096E-16));
#307 = DIRECTION('',(0.,0.,1.));
#308 = DIRECTION('',(1.,0.,0.));
#309 = ORIENTED_EDGE('',*,*,#310,.F.);
#310 = EDGE_CURVE('',#311,#302,#313,.T.);
#311 = VERTEX_POINT('',#312);
#312 = CARTESIAN_POINT('',(-7.35,-3.42,-5.639932965096E-16));
#313 = LINE('',#314,#315);
#314 = CARTESIAN_POINT('',(-7.35,-3.42,-5.639932965096E-16));
#315 = VECTOR('',#316,1.);
#316 = DIRECTION('',(-1.,0.,0.));
#317 = ORIENTED_EDGE('',*,*,#318,.F.);
#318 = EDGE_CURVE('',#319,#311,#321,.T.);
#319 = VERTEX_POINT('',#320);
#320 = CARTESIAN_POINT('',(-7.25,-3.52,-5.639932965096E-16));
#321 = CIRCLE('',#322,0.1);
#322 = AXIS2_PLACEMENT_3D('',#323,#324,#325);
#323 = CARTESIAN_POINT('',(-7.35,-3.52,-5.639932965096E-16));
#324 = DIRECTION('',(0.,0.,1.));
#325 = DIRECTION('',(1.,0.,0.));
#326 = ORIENTED_EDGE('',*,*,#327,.F.);
#327 = EDGE_CURVE('',#328,#319,#330,.T.);
#328 = VERTEX_POINT('',#329);
#329 = CARTESIAN_POINT('',(-7.25,-3.82,-5.639932965096E-16));
#330 = LINE('',#331,#332);
#331 = CARTESIAN_POINT('',(-7.25,-3.82,-5.639932965096E-16));
#332 = VECTOR('',#333,1.);
#333 = DIRECTION('',(0.,1.,0.));
#334 = ORIENTED_EDGE('',*,*,#335,.F.);
#335 = EDGE_CURVE('',#277,#328,#336,.T.);
#336 = CIRCLE('',#337,0.1);
#337 = AXIS2_PLACEMENT_3D('',#338,#339,#340);
#338 = CARTESIAN_POINT('',(-7.35,-3.82,-5.639932965096E-16));
#339 = DIRECTION('',(0.,0.,1.));
#340 = DIRECTION('',(1.,0.,0.));
#341 = FACE_BOUND('',#342,.F.);
#342 = EDGE_LOOP('',(#343,#353,#362,#370,#379,#387,#396,#404));
#343 = ORIENTED_EDGE('',*,*,#344,.F.);
#344 = EDGE_CURVE('',#345,#347,#349,.T.);
#345 = VERTEX_POINT('',#346);
#346 = CARTESIAN_POINT('',(-7.65,-1.38,-8.459899447644E-16));
#347 = VERTEX_POINT('',#348);
#348 = CARTESIAN_POINT('',(-7.35,-1.38,-8.459899447644E-16));
#349 = LINE('',#350,#351);
#350 = CARTESIAN_POINT('',(-7.65,-1.38,-8.459899447644E-16));
#351 = VECTOR('',#352,1.);
#352 = DIRECTION('',(1.,0.,0.));
#353 = ORIENTED_EDGE('',*,*,#354,.F.);
#354 = EDGE_CURVE('',#355,#345,#357,.T.);
#355 = VERTEX_POINT('',#356);
#356 = CARTESIAN_POINT('',(-7.75,-1.28,-8.459899447644E-16));
#357 = CIRCLE('',#358,0.1);
#358 = AXIS2_PLACEMENT_3D('',#359,#360,#361);
#359 = CARTESIAN_POINT('',(-7.65,-1.28,-8.459899447644E-16));
#360 = DIRECTION('',(0.,0.,1.));
#361 = DIRECTION('',(1.,0.,0.));
#362 = ORIENTED_EDGE('',*,*,#363,.F.);
#363 = EDGE_CURVE('',#364,#355,#366,.T.);
#364 = VERTEX_POINT('',#365);
#365 = CARTESIAN_POINT('',(-7.75,-0.98,-8.459899447644E-16));
#366 = LINE('',#367,#368);
#367 = CARTESIAN_POINT('',(-7.75,-0.98,-8.459899447644E-16));
#368 = VECTOR('',#369,1.);
#369 = DIRECTION('',(0.,-1.,0.));
#370 = ORIENTED_EDGE('',*,*,#371,.F.);
#371 = EDGE_CURVE('',#372,#364,#374,.T.);
#372 = VERTEX_POINT('',#373);
#373 = CARTESIAN_POINT('',(-7.65,-0.88,-8.459899447644E-16));
#374 = CIRCLE('',#375,0.1);
#375 = AXIS2_PLACEMENT_3D('',#376,#377,#378);
#376 = CARTESIAN_POINT('',(-7.65,-0.98,-8.459899447644E-16));
#377 = DIRECTION('',(0.,0.,1.));
#378 = DIRECTION('',(1.,0.,0.));
#379 = ORIENTED_EDGE('',*,*,#380,.F.);
#380 = EDGE_CURVE('',#381,#372,#383,.T.);
#381 = VERTEX_POINT('',#382);
#382 = CARTESIAN_POINT('',(-7.35,-0.88,-8.459899447644E-16));
#383 = LINE('',#384,#385);
#384 = CARTESIAN_POINT('',(-7.35,-0.88,-8.459899447644E-16));
#385 = VECTOR('',#386,1.);
#386 = DIRECTION('',(-1.,0.,0.));
#387 = ORIENTED_EDGE('',*,*,#388,.F.);
#388 = EDGE_CURVE('',#389,#381,#391,.T.);
#389 = VERTEX_POINT('',#390);
#390 = CARTESIAN_POINT('',(-7.25,-0.98,-8.459899447644E-16));
#391 = CIRCLE('',#392,0.1);
#392 = AXIS2_PLACEMENT_3D('',#393,#394,#395);
#393 = CARTESIAN_POINT('',(-7.35,-0.98,-8.459899447644E-16));
#394 = DIRECTION('',(0.,0.,1.));
#395 = DIRECTION('',(1.,0.,0.));
#396 = ORIENTED_EDGE('',*,*,#397,.F.);
#397 = EDGE_CURVE('',#398,#389,#400,.T.);
#398 = VERTEX_POINT('',#399);
#399 = CARTESIAN_POINT('',(-7.25,-1.28,-8.459899447644E-16));
#400 = LINE('',#401,#402);
#401 = CARTESIAN_POINT('',(-7.25,-1.28,-8.459899447644E-16));
#402 = VECTOR('',#403,1.);
#403 = DIRECTION('',(0.,1.,0.));
#404 = ORIENTED_EDGE('',*,*,#405,.F.);
#405 = EDGE_CURVE('',#347,#398,#406,.T.);
#406 = CIRCLE('',#407,0.1);
#407 = AXIS2_PLACEMENT_3D('',#408,#409,#410);
#408 = CARTESIAN_POINT('',(-7.35,-1.28,-8.459899447644E-16));
#409 = DIRECTION('',(0.,0.,1.));
#410 = DIRECTION('',(1.,0.,0.));
#411 = FACE_BOUND('',#412,.F.);
#412 = EDGE_LOOP('',(#413,#423,#432,#440,#449,#457,#466,#474));
#413 = ORIENTED_EDGE('',*,*,#414,.F.);
#414 = EDGE_CURVE('',#415,#417,#419,.T.);
#415 = VERTEX_POINT('',#416);
#416 = CARTESIAN_POINT('',(7.25,-8.6,0.));
#417 = VERTEX_POINT('',#418);
#418 = CARTESIAN_POINT('',(7.25,-8.9,0.));
#419 = LINE('',#420,#421);
#420 = CARTESIAN_POINT('',(7.25,-8.6,0.));
#421 = VECTOR('',#422,1.);
#422 = DIRECTION('',(0.,-1.,0.));
#423 = ORIENTED_EDGE('',*,*,#424,.F.);
#424 = EDGE_CURVE('',#425,#415,#427,.T.);
#425 = VERTEX_POINT('',#426);
#426 = CARTESIAN_POINT('',(7.35,-8.499999999995,0.));
#427 = CIRCLE('',#428,0.1);
#428 = AXIS2_PLACEMENT_3D('',#429,#430,#431);
#429 = CARTESIAN_POINT('',(7.35,-8.6,0.));
#430 = DIRECTION('',(0.,0.,1.));
#431 = DIRECTION('',(1.,0.,0.));
#432 = ORIENTED_EDGE('',*,*,#433,.F.);
#433 = EDGE_CURVE('',#434,#425,#436,.T.);
#434 = VERTEX_POINT('',#435);
#435 = CARTESIAN_POINT('',(7.65,-8.499999999995,0.));
#436 = LINE('',#437,#438);
#437 = CARTESIAN_POINT('',(7.65,-8.49999999999,0.));
#438 = VECTOR('',#439,1.);
#439 = DIRECTION('',(-1.,0.,0.));
#440 = ORIENTED_EDGE('',*,*,#441,.F.);
#441 = EDGE_CURVE('',#442,#434,#444,.T.);
#442 = VERTEX_POINT('',#443);
#443 = CARTESIAN_POINT('',(7.750000000005,-8.6,0.));
#444 = CIRCLE('',#445,0.1);
#445 = AXIS2_PLACEMENT_3D('',#446,#447,#448);
#446 = CARTESIAN_POINT('',(7.65,-8.6,0.));
#447 = DIRECTION('',(0.,0.,1.));
#448 = DIRECTION('',(1.,0.,0.));
#449 = ORIENTED_EDGE('',*,*,#450,.F.);
#450 = EDGE_CURVE('',#451,#442,#453,.T.);
#451 = VERTEX_POINT('',#452);
#452 = CARTESIAN_POINT('',(7.750000000005,-8.9,0.));
#453 = LINE('',#454,#455);
#454 = CARTESIAN_POINT('',(7.75000000001,-8.9,0.));
#455 = VECTOR('',#456,1.);
#456 = DIRECTION('',(0.,1.,0.));
#457 = ORIENTED_EDGE('',*,*,#458,.F.);
#458 = EDGE_CURVE('',#459,#451,#461,.T.);
#459 = VERTEX_POINT('',#460);
#460 = CARTESIAN_POINT('',(7.65,-9.,0.));
#461 = CIRCLE('',#462,0.1);
#462 = AXIS2_PLACEMENT_3D('',#463,#464,#465);
#463 = CARTESIAN_POINT('',(7.65,-8.9,0.));
#464 = DIRECTION('',(0.,0.,1.));
#465 = DIRECTION('',(1.,0.,0.));
#466 = ORIENTED_EDGE('',*,*,#467,.F.);
#467 = EDGE_CURVE('',#468,#459,#470,.T.);
#468 = VERTEX_POINT('',#469);
#469 = CARTESIAN_POINT('',(7.35,-9.,0.));
#470 = LINE('',#471,#472);
#471 = CARTESIAN_POINT('',(7.35,-9.,0.));
#472 = VECTOR('',#473,1.);
#473 = DIRECTION('',(1.,0.,0.));
#474 = ORIENTED_EDGE('',*,*,#475,.F.);
#475 = EDGE_CURVE('',#417,#468,#476,.T.);
#476 = CIRCLE('',#477,0.1);
#477 = AXIS2_PLACEMENT_3D('',#478,#479,#480);
#478 = CARTESIAN_POINT('',(7.35,-8.9,0.));
#479 = DIRECTION('',(0.,0.,1.));
#480 = DIRECTION('',(1.,0.,0.));
#481 = FACE_BOUND('',#482,.F.);
#482 = EDGE_LOOP('',(#483,#493,#502,#510,#519,#527,#536,#544));
#483 = ORIENTED_EDGE('',*,*,#484,.F.);
#484 = EDGE_CURVE('',#485,#487,#489,.T.);
#485 = VERTEX_POINT('',#486);
#486 = CARTESIAN_POINT('',(7.25,-6.06,-2.819966482548E-16));
#487 = VERTEX_POINT('',#488);
#488 = CARTESIAN_POINT('',(7.25,-6.36,-2.819966482548E-16));
#489 = LINE('',#490,#491);
#490 = CARTESIAN_POINT('',(7.25,-6.06,-2.819966482548E-16));
#491 = VECTOR('',#492,1.);
#492 = DIRECTION('',(0.,-1.,0.));
#493 = ORIENTED_EDGE('',*,*,#494,.F.);
#494 = EDGE_CURVE('',#495,#485,#497,.T.);
#495 = VERTEX_POINT('',#496);
#496 = CARTESIAN_POINT('',(7.35,-5.959999999995,-2.819966482548E-16));
#497 = CIRCLE('',#498,0.1);
#498 = AXIS2_PLACEMENT_3D('',#499,#500,#501);
#499 = CARTESIAN_POINT('',(7.35,-6.06,-2.819966482548E-16));
#500 = DIRECTION('',(0.,0.,1.));
#501 = DIRECTION('',(1.,0.,0.));
#502 = ORIENTED_EDGE('',*,*,#503,.F.);
#503 = EDGE_CURVE('',#504,#495,#506,.T.);
#504 = VERTEX_POINT('',#505);
#505 = CARTESIAN_POINT('',(7.65,-5.959999999995,-2.819966482548E-16));
#506 = LINE('',#507,#508);
#507 = CARTESIAN_POINT('',(7.65,-5.95999999999,-2.819966482548E-16));
#508 = VECTOR('',#509,1.);
#509 = DIRECTION('',(-1.,0.,0.));
#510 = ORIENTED_EDGE('',*,*,#511,.F.);
#511 = EDGE_CURVE('',#512,#504,#514,.T.);
#512 = VERTEX_POINT('',#513);
#513 = CARTESIAN_POINT('',(7.750000000005,-6.06,-2.819966482548E-16));
#514 = CIRCLE('',#515,0.1);
#515 = AXIS2_PLACEMENT_3D('',#516,#517,#518);
#516 = CARTESIAN_POINT('',(7.65,-6.06,-2.819966482548E-16));
#517 = DIRECTION('',(0.,0.,1.));
#518 = DIRECTION('',(1.,0.,0.));
#519 = ORIENTED_EDGE('',*,*,#520,.F.);
#520 = EDGE_CURVE('',#521,#512,#523,.T.);
#521 = VERTEX_POINT('',#522);
#522 = CARTESIAN_POINT('',(7.750000000005,-6.36,-2.819966482548E-16));
#523 = LINE('',#524,#525);
#524 = CARTESIAN_POINT('',(7.75000000001,-6.36,-2.819966482548E-16));
#525 = VECTOR('',#526,1.);
#526 = DIRECTION('',(0.,1.,0.));
#527 = ORIENTED_EDGE('',*,*,#528,.F.);
#528 = EDGE_CURVE('',#529,#521,#531,.T.);
#529 = VERTEX_POINT('',#530);
#530 = CARTESIAN_POINT('',(7.65,-6.46,-2.819966482548E-16));
#531 = CIRCLE('',#532,0.1);
#532 = AXIS2_PLACEMENT_3D('',#533,#534,#535);
#533 = CARTESIAN_POINT('',(7.65,-6.36,-2.819966482548E-16));
#534 = DIRECTION('',(0.,0.,1.));
#535 = DIRECTION('',(1.,0.,0.));
#536 = ORIENTED_EDGE('',*,*,#537,.F.);
#537 = EDGE_CURVE('',#538,#529,#540,.T.);
#538 = VERTEX_POINT('',#539);
#539 = CARTESIAN_POINT('',(7.35,-6.46,-2.819966482548E-16));
#540 = LINE('',#541,#542);
#541 = CARTESIAN_POINT('',(7.35,-6.46,-2.819966482548E-16));
#542 = VECTOR('',#543,1.);
#543 = DIRECTION('',(1.,0.,0.));
#544 = ORIENTED_EDGE('',*,*,#545,.F.);
#545 = EDGE_CURVE('',#487,#538,#546,.T.);
#546 = CIRCLE('',#547,0.1);
#547 = AXIS2_PLACEMENT_3D('',#548,#549,#550);
#548 = CARTESIAN_POINT('',(7.35,-6.36,-2.819966482548E-16));
#549 = DIRECTION('',(0.,0.,1.));
#550 = DIRECTION('',(1.,0.,0.));
#551 = FACE_BOUND('',#552,.F.);
#552 = EDGE_LOOP('',(#553,#563,#572,#580,#589,#597,#606,#614));
#553 = ORIENTED_EDGE('',*,*,#554,.F.);
#554 = EDGE_CURVE('',#555,#557,#559,.T.);
#555 = VERTEX_POINT('',#556);
#556 = CARTESIAN_POINT('',(7.25,-3.52,-5.639932965096E-16));
#557 = VERTEX_POINT('',#558);
#558 = CARTESIAN_POINT('',(7.25,-3.82,-5.639932965096E-16));
#559 = LINE('',#560,#561);
#560 = CARTESIAN_POINT('',(7.25,-3.52,-5.639932965096E-16));
#561 = VECTOR('',#562,1.);
#562 = DIRECTION('',(0.,-1.,0.));
#563 = ORIENTED_EDGE('',*,*,#564,.F.);
#564 = EDGE_CURVE('',#565,#555,#567,.T.);
#565 = VERTEX_POINT('',#566);
#566 = CARTESIAN_POINT('',(7.35,-3.419999999995,-5.639932965096E-16));
#567 = CIRCLE('',#568,0.1);
#568 = AXIS2_PLACEMENT_3D('',#569,#570,#571);
#569 = CARTESIAN_POINT('',(7.35,-3.52,-5.639932965096E-16));
#570 = DIRECTION('',(0.,0.,1.));
#571 = DIRECTION('',(1.,0.,0.));
#572 = ORIENTED_EDGE('',*,*,#573,.F.);
#573 = EDGE_CURVE('',#574,#565,#576,.T.);
#574 = VERTEX_POINT('',#575);
#575 = CARTESIAN_POINT('',(7.65,-3.419999999995,-5.639932965096E-16));
#576 = LINE('',#577,#578);
#577 = CARTESIAN_POINT('',(7.65,-3.41999999999,-5.639932965096E-16));
#578 = VECTOR('',#579,1.);
#579 = DIRECTION('',(-1.,0.,0.));
#580 = ORIENTED_EDGE('',*,*,#581,.F.);
#581 = EDGE_CURVE('',#582,#574,#584,.T.);
#582 = VERTEX_POINT('',#583);
#583 = CARTESIAN_POINT('',(7.750000000005,-3.52,-5.639932965096E-16));
#584 = CIRCLE('',#585,0.1);
#585 = AXIS2_PLACEMENT_3D('',#586,#587,#588);
#586 = CARTESIAN_POINT('',(7.65,-3.52,-5.639932965096E-16));
#587 = DIRECTION('',(0.,0.,1.));
#588 = DIRECTION('',(1.,0.,0.));
#589 = ORIENTED_EDGE('',*,*,#590,.F.);
#590 = EDGE_CURVE('',#591,#582,#593,.T.);
#591 = VERTEX_POINT('',#592);
#592 = CARTESIAN_POINT('',(7.750000000005,-3.82,-5.639932965096E-16));
#593 = LINE('',#594,#595);
#594 = CARTESIAN_POINT('',(7.75000000001,-3.82,-5.639932965096E-16));
#595 = VECTOR('',#596,1.);
#596 = DIRECTION('',(0.,1.,0.));
#597 = ORIENTED_EDGE('',*,*,#598,.F.);
#598 = EDGE_CURVE('',#599,#591,#601,.T.);
#599 = VERTEX_POINT('',#600);
#600 = CARTESIAN_POINT('',(7.65,-3.92,-5.639932965096E-16));
#601 = CIRCLE('',#602,0.1);
#602 = AXIS2_PLACEMENT_3D('',#603,#604,#605);
#603 = CARTESIAN_POINT('',(7.65,-3.82,-5.639932965096E-16));
#604 = DIRECTION('',(0.,0.,1.));
#605 = DIRECTION('',(1.,0.,0.));
#606 = ORIENTED_EDGE('',*,*,#607,.F.);
#607 = EDGE_CURVE('',#608,#599,#610,.T.);
#608 = VERTEX_POINT('',#609);
#609 = CARTESIAN_POINT('',(7.35,-3.92,-5.639932965096E-16));
#610 = LINE('',#611,#612);
#611 = CARTESIAN_POINT('',(7.35,-3.92,-5.639932965096E-16));
#612 = VECTOR('',#613,1.);
#613 = DIRECTION('',(1.,0.,0.));
#614 = ORIENTED_EDGE('',*,*,#615,.F.);
#615 = EDGE_CURVE('',#557,#608,#616,.T.);
#616 = CIRCLE('',#617,0.1);
#617 = AXIS2_PLACEMENT_3D('',#618,#619,#620);
#618 = CARTESIAN_POINT('',(7.35,-3.82,-5.639932965096E-16));
#619 = DIRECTION('',(0.,0.,1.));
#620 = DIRECTION('',(1.,0.,0.));
#621 = FACE_BOUND('',#622,.F.);
#622 = EDGE_LOOP('',(#623,#633,#642,#650,#659,#667,#676,#684));
#623 = ORIENTED_EDGE('',*,*,#624,.F.);
#624 = EDGE_CURVE('',#625,#627,#629,.T.);
#625 = VERTEX_POINT('',#626);
#626 = CARTESIAN_POINT('',(7.25,-0.98,-8.459899447644E-16));
#627 = VERTEX_POINT('',#628);
#628 = CARTESIAN_POINT('',(7.25,-1.28,-8.459899447644E-16));
#629 = LINE('',#630,#631);
#630 = CARTESIAN_POINT('',(7.25,-0.98,-8.459899447644E-16));
#631 = VECTOR('',#632,1.);
#632 = DIRECTION('',(0.,-1.,0.));
#633 = ORIENTED_EDGE('',*,*,#634,.F.);
#634 = EDGE_CURVE('',#635,#625,#637,.T.);
#635 = VERTEX_POINT('',#636);
#636 = CARTESIAN_POINT('',(7.35,-0.879999999995,-8.459899447644E-16));
#637 = CIRCLE('',#638,0.1);
#638 = AXIS2_PLACEMENT_3D('',#639,#640,#641);
#639 = CARTESIAN_POINT('',(7.35,-0.98,-8.459899447644E-16));
#640 = DIRECTION('',(0.,0.,1.));
#641 = DIRECTION('',(1.,0.,0.));
#642 = ORIENTED_EDGE('',*,*,#643,.F.);
#643 = EDGE_CURVE('',#644,#635,#646,.T.);
#644 = VERTEX_POINT('',#645);
#645 = CARTESIAN_POINT('',(7.65,-0.879999999995,-8.459899447644E-16));
#646 = LINE('',#647,#648);
#647 = CARTESIAN_POINT('',(7.65,-0.87999999999,-8.459899447644E-16));
#648 = VECTOR('',#649,1.);
#649 = DIRECTION('',(-1.,0.,0.));
#650 = ORIENTED_EDGE('',*,*,#651,.F.);
#651 = EDGE_CURVE('',#652,#644,#654,.T.);
#652 = VERTEX_POINT('',#653);
#653 = CARTESIAN_POINT('',(7.750000000005,-0.98,-8.459899447644E-16));
#654 = CIRCLE('',#655,0.1);
#655 = AXIS2_PLACEMENT_3D('',#656,#657,#658);
#656 = CARTESIAN_POINT('',(7.65,-0.98,-8.459899447644E-16));
#657 = DIRECTION('',(0.,0.,1.));
#658 = DIRECTION('',(1.,0.,0.));
#659 = ORIENTED_EDGE('',*,*,#660,.F.);
#660 = EDGE_CURVE('',#661,#652,#663,.T.);
#661 = VERTEX_POINT('',#662);
#662 = CARTESIAN_POINT('',(7.750000000005,-1.28,-8.459899447644E-16));
#663 = LINE('',#664,#665);
#664 = CARTESIAN_POINT('',(7.75000000001,-1.28,-8.459899447644E-16));
#665 = VECTOR('',#666,1.);
#666 = DIRECTION('',(0.,1.,0.));
#667 = ORIENTED_EDGE('',*,*,#668,.F.);
#668 = EDGE_CURVE('',#669,#661,#671,.T.);
#669 = VERTEX_POINT('',#670);
#670 = CARTESIAN_POINT('',(7.65,-1.38,-8.459899447644E-16));
#671 = CIRCLE('',#672,0.1);
#672 = AXIS2_PLACEMENT_3D('',#673,#674,#675);
#673 = CARTESIAN_POINT('',(7.65,-1.28,-8.459899447644E-16));
#674 = DIRECTION('',(0.,0.,1.));
#675 = DIRECTION('',(1.,0.,0.));
#676 = ORIENTED_EDGE('',*,*,#677,.F.);
#677 = EDGE_CURVE('',#678,#669,#680,.T.);
#678 = VERTEX_POINT('',#679);
#679 = CARTESIAN_POINT('',(7.35,-1.38,-8.459899447644E-16));
#680 = LINE('',#681,#682);
#681 = CARTESIAN_POINT('',(7.35,-1.38,-8.459899447644E-16));
#682 = VECTOR('',#683,1.);
#683 = DIRECTION('',(1.,0.,0.));
#684 = ORIENTED_EDGE('',*,*,#685,.F.);
#685 = EDGE_CURVE('',#627,#678,#686,.T.);
#686 = CIRCLE('',#687,0.1);
#687 = AXIS2_PLACEMENT_3D('',#688,#689,#690);
#688 = CARTESIAN_POINT('',(7.35,-1.28,-8.459899447644E-16));
#689 = DIRECTION('',(0.,0.,1.));
#690 = DIRECTION('',(1.,0.,0.));
#691 = FACE_BOUND('',#692,.F.);
#692 = EDGE_LOOP('',(#693,#703,#712,#720,#729,#737,#746,#754));
#693 = ORIENTED_EDGE('',*,*,#694,.F.);
#694 = EDGE_CURVE('',#695,#697,#699,.T.);
#695 = VERTEX_POINT('',#696);
#696 = CARTESIAN_POINT('',(-7.65,1.16,-1.127986593019E-15));
#697 = VERTEX_POINT('',#698);
#698 = CARTESIAN_POINT('',(-7.35,1.16,-1.127986593019E-15));
#699 = LINE('',#700,#701);
#700 = CARTESIAN_POINT('',(-7.65,1.16,-1.127986593019E-15));
#701 = VECTOR('',#702,1.);
#702 = DIRECTION('',(1.,0.,0.));
#703 = ORIENTED_EDGE('',*,*,#704,.F.);
#704 = EDGE_CURVE('',#705,#695,#707,.T.);
#705 = VERTEX_POINT('',#706);
#706 = CARTESIAN_POINT('',(-7.75,1.26,-1.127986593019E-15));
#707 = CIRCLE('',#708,0.1);
#708 = AXIS2_PLACEMENT_3D('',#709,#710,#711);
#709 = CARTESIAN_POINT('',(-7.65,1.26,-1.127986593019E-15));
#710 = DIRECTION('',(0.,0.,1.));
#711 = DIRECTION('',(1.,0.,0.));
#712 = ORIENTED_EDGE('',*,*,#713,.F.);
#713 = EDGE_CURVE('',#714,#705,#716,.T.);
#714 = VERTEX_POINT('',#715);
#715 = CARTESIAN_POINT('',(-7.75,1.56,-1.127986593019E-15));
#716 = LINE('',#717,#718);
#717 = CARTESIAN_POINT('',(-7.75,1.56,-1.127986593019E-15));
#718 = VECTOR('',#719,1.);
#719 = DIRECTION('',(0.,-1.,0.));
#720 = ORIENTED_EDGE('',*,*,#721,.F.);
#721 = EDGE_CURVE('',#722,#714,#724,.T.);
#722 = VERTEX_POINT('',#723);
#723 = CARTESIAN_POINT('',(-7.65,1.66,-1.127986593019E-15));
#724 = CIRCLE('',#725,0.1);
#725 = AXIS2_PLACEMENT_3D('',#726,#727,#728);
#726 = CARTESIAN_POINT('',(-7.65,1.56,-1.127986593019E-15));
#727 = DIRECTION('',(0.,0.,1.));
#728 = DIRECTION('',(1.,0.,0.));
#729 = ORIENTED_EDGE('',*,*,#730,.F.);
#730 = EDGE_CURVE('',#731,#722,#733,.T.);
#731 = VERTEX_POINT('',#732);
#732 = CARTESIAN_POINT('',(-7.35,1.66,-1.127986593019E-15));
#733 = LINE('',#734,#735);
#734 = CARTESIAN_POINT('',(-7.35,1.66,-1.127986593019E-15));
#735 = VECTOR('',#736,1.);
#736 = DIRECTION('',(-1.,0.,0.));
#737 = ORIENTED_EDGE('',*,*,#738,.F.);
#738 = EDGE_CURVE('',#739,#731,#741,.T.);
#739 = VERTEX_POINT('',#740);
#740 = CARTESIAN_POINT('',(-7.25,1.56,-1.127986593019E-15));
#741 = CIRCLE('',#742,0.1);
#742 = AXIS2_PLACEMENT_3D('',#743,#744,#745);
#743 = CARTESIAN_POINT('',(-7.35,1.56,-1.127986593019E-15));
#744 = DIRECTION('',(0.,0.,1.));
#745 = DIRECTION('',(1.,0.,0.));
#746 = ORIENTED_EDGE('',*,*,#747,.F.);
#747 = EDGE_CURVE('',#748,#739,#750,.T.);
#748 = VERTEX_POINT('',#749);
#749 = CARTESIAN_POINT('',(-7.25,1.26,-1.127986593019E-15));
#750 = LINE('',#751,#752);
#751 = CARTESIAN_POINT('',(-7.25,1.26,-1.127986593019E-15));
#752 = VECTOR('',#753,1.);
#753 = DIRECTION('',(0.,1.,0.));
#754 = ORIENTED_EDGE('',*,*,#755,.F.);
#755 = EDGE_CURVE('',#697,#748,#756,.T.);
#756 = CIRCLE('',#757,0.1);
#757 = AXIS2_PLACEMENT_3D('',#758,#759,#760);
#758 = CARTESIAN_POINT('',(-7.35,1.26,-1.127986593019E-15));
#759 = DIRECTION('',(0.,0.,1.));
#760 = DIRECTION('',(1.,0.,0.));
#761 = FACE_BOUND('',#762,.F.);
#762 = EDGE_LOOP('',(#763,#773,#782,#790,#799,#807,#816,#824));
#763 = ORIENTED_EDGE('',*,*,#764,.F.);
#764 = EDGE_CURVE('',#765,#767,#769,.T.);
#765 = VERTEX_POINT('',#766);
#766 = CARTESIAN_POINT('',(-7.65,3.7,-1.409983241274E-15));
#767 = VERTEX_POINT('',#768);
#768 = CARTESIAN_POINT('',(-7.35,3.7,-1.409983241274E-15));
#769 = LINE('',#770,#771);
#770 = CARTESIAN_POINT('',(-7.65,3.7,-1.409983241274E-15));
#771 = VECTOR('',#772,1.);
#772 = DIRECTION('',(1.,0.,0.));
#773 = ORIENTED_EDGE('',*,*,#774,.F.);
#774 = EDGE_CURVE('',#775,#765,#777,.T.);
#775 = VERTEX_POINT('',#776);
#776 = CARTESIAN_POINT('',(-7.75,3.8,-1.409983241274E-15));
#777 = CIRCLE('',#778,0.1);
#778 = AXIS2_PLACEMENT_3D('',#779,#780,#781);
#779 = CARTESIAN_POINT('',(-7.65,3.8,-1.409983241274E-15));
#780 = DIRECTION('',(0.,0.,1.));
#781 = DIRECTION('',(1.,0.,0.));
#782 = ORIENTED_EDGE('',*,*,#783,.F.);
#783 = EDGE_CURVE('',#784,#775,#786,.T.);
#784 = VERTEX_POINT('',#785);
#785 = CARTESIAN_POINT('',(-7.75,4.1,-1.409983241274E-15));
#786 = LINE('',#787,#788);
#787 = CARTESIAN_POINT('',(-7.75,4.1,-1.409983241274E-15));
#788 = VECTOR('',#789,1.);
#789 = DIRECTION('',(0.,-1.,0.));
#790 = ORIENTED_EDGE('',*,*,#791,.F.);
#791 = EDGE_CURVE('',#792,#784,#794,.T.);
#792 = VERTEX_POINT('',#793);
#793 = CARTESIAN_POINT('',(-7.65,4.2,-1.409983241274E-15));
#794 = CIRCLE('',#795,0.1);
#795 = AXIS2_PLACEMENT_3D('',#796,#797,#798);
#796 = CARTESIAN_POINT('',(-7.65,4.1,-1.409983241274E-15));
#797 = DIRECTION('',(0.,0.,1.));
#798 = DIRECTION('',(1.,0.,0.));
#799 = ORIENTED_EDGE('',*,*,#800,.F.);
#800 = EDGE_CURVE('',#801,#792,#803,.T.);
#801 = VERTEX_POINT('',#802);
#802 = CARTESIAN_POINT('',(-7.35,4.2,-1.409983241274E-15));
#803 = LINE('',#804,#805);
#804 = CARTESIAN_POINT('',(-7.35,4.2,-1.409983241274E-15));
#805 = VECTOR('',#806,1.);
#806 = DIRECTION('',(-1.,0.,0.));
#807 = ORIENTED_EDGE('',*,*,#808,.F.);
#808 = EDGE_CURVE('',#809,#801,#811,.T.);
#809 = VERTEX_POINT('',#810);
#810 = CARTESIAN_POINT('',(-7.25,4.1,-1.409983241274E-15));
#811 = CIRCLE('',#812,0.1);
#812 = AXIS2_PLACEMENT_3D('',#813,#814,#815);
#813 = CARTESIAN_POINT('',(-7.35,4.1,-1.409983241274E-15));
#814 = DIRECTION('',(0.,0.,1.));
#815 = DIRECTION('',(1.,0.,0.));
#816 = ORIENTED_EDGE('',*,*,#817,.F.);
#817 = EDGE_CURVE('',#818,#809,#820,.T.);
#818 = VERTEX_POINT('',#819);
#819 = CARTESIAN_POINT('',(-7.25,3.8,-1.409983241274E-15));
#820 = LINE('',#821,#822);
#821 = CARTESIAN_POINT('',(-7.25,3.8,-1.409983241274E-15));
#822 = VECTOR('',#823,1.);
#823 = DIRECTION('',(0.,1.,0.));
#824 = ORIENTED_EDGE('',*,*,#825,.F.);
#825 = EDGE_CURVE('',#767,#818,#826,.T.);
#826 = CIRCLE('',#827,0.1);
#827 = AXIS2_PLACEMENT_3D('',#828,#829,#830);
#828 = CARTESIAN_POINT('',(-7.35,3.8,-1.409983241274E-15));
#829 = DIRECTION('',(0.,0.,1.));
#830 = DIRECTION('',(1.,0.,0.));
#831 = FACE_BOUND('',#832,.F.);
#832 = EDGE_LOOP('',(#833,#843,#852,#860,#869,#877,#886,#894));
#833 = ORIENTED_EDGE('',*,*,#834,.F.);
#834 = EDGE_CURVE('',#835,#837,#839,.T.);
#835 = VERTEX_POINT('',#836);
#836 = CARTESIAN_POINT('',(-7.65,6.24,-1.691979889529E-15));
#837 = VERTEX_POINT('',#838);
#838 = CARTESIAN_POINT('',(-7.35,6.24,-1.691979889529E-15));
#839 = LINE('',#840,#841);
#840 = CARTESIAN_POINT('',(-7.65,6.24,-1.691979889529E-15));
#841 = VECTOR('',#842,1.);
#842 = DIRECTION('',(1.,0.,0.));
#843 = ORIENTED_EDGE('',*,*,#844,.F.);
#844 = EDGE_CURVE('',#845,#835,#847,.T.);
#845 = VERTEX_POINT('',#846);
#846 = CARTESIAN_POINT('',(-7.75,6.34,-1.691979889529E-15));
#847 = CIRCLE('',#848,0.1);
#848 = AXIS2_PLACEMENT_3D('',#849,#850,#851);
#849 = CARTESIAN_POINT('',(-7.65,6.34,-1.691979889529E-15));
#850 = DIRECTION('',(0.,0.,1.));
#851 = DIRECTION('',(1.,0.,0.));
#852 = ORIENTED_EDGE('',*,*,#853,.F.);
#853 = EDGE_CURVE('',#854,#845,#856,.T.);
#854 = VERTEX_POINT('',#855);
#855 = CARTESIAN_POINT('',(-7.75,6.64,-1.691979889529E-15));
#856 = LINE('',#857,#858);
#857 = CARTESIAN_POINT('',(-7.75,6.64,-1.691979889529E-15));
#858 = VECTOR('',#859,1.);
#859 = DIRECTION('',(0.,-1.,0.));
#860 = ORIENTED_EDGE('',*,*,#861,.F.);
#861 = EDGE_CURVE('',#862,#854,#864,.T.);
#862 = VERTEX_POINT('',#863);
#863 = CARTESIAN_POINT('',(-7.65,6.74,-1.691979889529E-15));
#864 = CIRCLE('',#865,0.1);
#865 = AXIS2_PLACEMENT_3D('',#866,#867,#868);
#866 = CARTESIAN_POINT('',(-7.65,6.64,-1.691979889529E-15));
#867 = DIRECTION('',(0.,0.,1.));
#868 = DIRECTION('',(1.,0.,0.));
#869 = ORIENTED_EDGE('',*,*,#870,.F.);
#870 = EDGE_CURVE('',#871,#862,#873,.T.);
#871 = VERTEX_POINT('',#872);
#872 = CARTESIAN_POINT('',(-7.35,6.74,-1.691979889529E-15));
#873 = LINE('',#874,#875);
#874 = CARTESIAN_POINT('',(-7.35,6.74,-1.691979889529E-15));
#875 = VECTOR('',#876,1.);
#876 = DIRECTION('',(-1.,0.,0.));
#877 = ORIENTED_EDGE('',*,*,#878,.F.);
#878 = EDGE_CURVE('',#879,#871,#881,.T.);
#879 = VERTEX_POINT('',#880);
#880 = CARTESIAN_POINT('',(-7.25,6.64,-1.691979889529E-15));
#881 = CIRCLE('',#882,0.1);
#882 = AXIS2_PLACEMENT_3D('',#883,#884,#885);
#883 = CARTESIAN_POINT('',(-7.35,6.64,-1.691979889529E-15));
#884 = DIRECTION('',(0.,0.,1.));
#885 = DIRECTION('',(1.,0.,0.));
#886 = ORIENTED_EDGE('',*,*,#887,.F.);
#887 = EDGE_CURVE('',#888,#879,#890,.T.);
#888 = VERTEX_POINT('',#889);
#889 = CARTESIAN_POINT('',(-7.25,6.34,-1.691979889529E-15));
#890 = LINE('',#891,#892);
#891 = CARTESIAN_POINT('',(-7.25,6.34,-1.691979889529E-15));
#892 = VECTOR('',#893,1.);
#893 = DIRECTION('',(0.,1.,0.));
#894 = ORIENTED_EDGE('',*,*,#895,.F.);
#895 = EDGE_CURVE('',#837,#888,#896,.T.);
#896 = CIRCLE('',#897,0.1);
#897 = AXIS2_PLACEMENT_3D('',#898,#899,#900);
#898 = CARTESIAN_POINT('',(-7.35,6.34,-1.691979889529E-15));
#899 = DIRECTION('',(0.,0.,1.));
#900 = DIRECTION('',(1.,0.,0.));
#901 = FACE_BOUND('',#902,.F.);
#902 = EDGE_LOOP('',(#903,#913,#922,#930,#939,#947,#956,#964));
#903 = ORIENTED_EDGE('',*,*,#904,.F.);
#904 = EDGE_CURVE('',#905,#907,#909,.T.);
#905 = VERTEX_POINT('',#906);
#906 = CARTESIAN_POINT('',(-7.65,8.78,-1.973976537784E-15));
#907 = VERTEX_POINT('',#908);
#908 = CARTESIAN_POINT('',(-7.35,8.78,-1.973976537784E-15));
#909 = LINE('',#910,#911);
#910 = CARTESIAN_POINT('',(-7.65,8.78,-1.973976537784E-15));
#911 = VECTOR('',#912,1.);
#912 = DIRECTION('',(1.,0.,0.));
#913 = ORIENTED_EDGE('',*,*,#914,.F.);
#914 = EDGE_CURVE('',#915,#905,#917,.T.);
#915 = VERTEX_POINT('',#916);
#916 = CARTESIAN_POINT('',(-7.75,8.88,-1.973976537784E-15));
#917 = CIRCLE('',#918,0.1);
#918 = AXIS2_PLACEMENT_3D('',#919,#920,#921);
#919 = CARTESIAN_POINT('',(-7.65,8.88,-1.973976537784E-15));
#920 = DIRECTION('',(0.,0.,1.));
#921 = DIRECTION('',(1.,0.,0.));
#922 = ORIENTED_EDGE('',*,*,#923,.F.);
#923 = EDGE_CURVE('',#924,#915,#926,.T.);
#924 = VERTEX_POINT('',#925);
#925 = CARTESIAN_POINT('',(-7.75,9.18,-1.973976537784E-15));
#926 = LINE('',#927,#928);
#927 = CARTESIAN_POINT('',(-7.75,9.18,-1.973976537784E-15));
#928 = VECTOR('',#929,1.);
#929 = DIRECTION('',(0.,-1.,0.));
#930 = ORIENTED_EDGE('',*,*,#931,.F.);
#931 = EDGE_CURVE('',#932,#924,#934,.T.);
#932 = VERTEX_POINT('',#933);
#933 = CARTESIAN_POINT('',(-7.65,9.28,-1.973976537784E-15));
#934 = CIRCLE('',#935,0.1);
#935 = AXIS2_PLACEMENT_3D('',#936,#937,#938);
#936 = CARTESIAN_POINT('',(-7.65,9.18,-1.973976537784E-15));
#937 = DIRECTION('',(0.,0.,1.));
#938 = DIRECTION('',(1.,0.,0.));
#939 = ORIENTED_EDGE('',*,*,#940,.F.);
#940 = EDGE_CURVE('',#941,#932,#943,.T.);
#941 = VERTEX_POINT('',#942);
#942 = CARTESIAN_POINT('',(-7.35,9.28,-1.973976537784E-15));
#943 = LINE('',#944,#945);
#944 = CARTESIAN_POINT('',(-7.35,9.28,-1.973976537784E-15));
#945 = VECTOR('',#946,1.);
#946 = DIRECTION('',(-1.,0.,0.));
#947 = ORIENTED_EDGE('',*,*,#948,.F.);
#948 = EDGE_CURVE('',#949,#941,#951,.T.);
#949 = VERTEX_POINT('',#950);
#950 = CARTESIAN_POINT('',(-7.25,9.18,-1.973976537784E-15));
#951 = CIRCLE('',#952,0.1);
#952 = AXIS2_PLACEMENT_3D('',#953,#954,#955);
#953 = CARTESIAN_POINT('',(-7.35,9.18,-1.973976537784E-15));
#954 = DIRECTION('',(0.,0.,1.));
#955 = DIRECTION('',(1.,0.,0.));
#956 = ORIENTED_EDGE('',*,*,#957,.F.);
#957 = EDGE_CURVE('',#958,#949,#960,.T.);
#958 = VERTEX_POINT('',#959);
#959 = CARTESIAN_POINT('',(-7.25,8.88,-1.973976537784E-15));
#960 = LINE('',#961,#962);
#961 = CARTESIAN_POINT('',(-7.25,8.88,-1.973976537784E-15));
#962 = VECTOR('',#963,1.);
#963 = DIRECTION('',(0.,1.,0.));
#964 = ORIENTED_EDGE('',*,*,#965,.F.);
#965 = EDGE_CURVE('',#907,#958,#966,.T.);
#966 = CIRCLE('',#967,0.1);
#967 = AXIS2_PLACEMENT_3D('',#968,#969,#970);
#968 = CARTESIAN_POINT('',(-7.35,8.88,-1.973976537784E-15));
#969 = DIRECTION('',(0.,0.,1.));
#970 = DIRECTION('',(1.,0.,0.));
#971 = FACE_BOUND('',#972,.F.);
#972 = EDGE_LOOP('',(#973,#983,#992,#1000,#1009,#1017,#1026,#1034));
#973 = ORIENTED_EDGE('',*,*,#974,.F.);
#974 = EDGE_CURVE('',#975,#977,#979,.T.);
#975 = VERTEX_POINT('',#976);
#976 = CARTESIAN_POINT('',(7.25,1.56,-1.127986593019E-15));
#977 = VERTEX_POINT('',#978);
#978 = CARTESIAN_POINT('',(7.25,1.26,-1.127986593019E-15));
#979 = LINE('',#980,#981);
#980 = CARTESIAN_POINT('',(7.25,1.56,-1.127986593019E-15));
#981 = VECTOR('',#982,1.);
#982 = DIRECTION('',(0.,-1.,0.));
#983 = ORIENTED_EDGE('',*,*,#984,.F.);
#984 = EDGE_CURVE('',#985,#975,#987,.T.);
#985 = VERTEX_POINT('',#986);
#986 = CARTESIAN_POINT('',(7.35,1.660000000005,-1.127986593019E-15));
#987 = CIRCLE('',#988,0.1);
#988 = AXIS2_PLACEMENT_3D('',#989,#990,#991);
#989 = CARTESIAN_POINT('',(7.35,1.56,-1.127986593019E-15));
#990 = DIRECTION('',(0.,0.,1.));
#991 = DIRECTION('',(1.,0.,0.));
#992 = ORIENTED_EDGE('',*,*,#993,.F.);
#993 = EDGE_CURVE('',#994,#985,#996,.T.);
#994 = VERTEX_POINT('',#995);
#995 = CARTESIAN_POINT('',(7.65,1.660000000005,-1.127986593019E-15));
#996 = LINE('',#997,#998);
#997 = CARTESIAN_POINT('',(7.65,1.66000000001,-1.127986593019E-15));
#998 = VECTOR('',#999,1.);
#999 = DIRECTION('',(-1.,0.,0.));
#1000 = ORIENTED_EDGE('',*,*,#1001,.F.);
#1001 = EDGE_CURVE('',#1002,#994,#1004,.T.);
#1002 = VERTEX_POINT('',#1003);
#1003 = CARTESIAN_POINT('',(7.750000000005,1.56,-1.127986593019E-15));
#1004 = CIRCLE('',#1005,0.1);
#1005 = AXIS2_PLACEMENT_3D('',#1006,#1007,#1008);
#1006 = CARTESIAN_POINT('',(7.65,1.56,-1.127986593019E-15));
#1007 = DIRECTION('',(0.,0.,1.));
#1008 = DIRECTION('',(1.,0.,0.));
#1009 = ORIENTED_EDGE('',*,*,#1010,.F.);
#1010 = EDGE_CURVE('',#1011,#1002,#1013,.T.);
#1011 = VERTEX_POINT('',#1012);
#1012 = CARTESIAN_POINT('',(7.750000000005,1.26,-1.127986593019E-15));
#1013 = LINE('',#1014,#1015);
#1014 = CARTESIAN_POINT('',(7.75000000001,1.26,-1.127986593019E-15));
#1015 = VECTOR('',#1016,1.);
#1016 = DIRECTION('',(0.,1.,0.));
#1017 = ORIENTED_EDGE('',*,*,#1018,.F.);
#1018 = EDGE_CURVE('',#1019,#1011,#1021,.T.);
#1019 = VERTEX_POINT('',#1020);
#1020 = CARTESIAN_POINT('',(7.65,1.16,-1.127986593019E-15));
#1021 = CIRCLE('',#1022,0.1);
#1022 = AXIS2_PLACEMENT_3D('',#1023,#1024,#1025);
#1023 = CARTESIAN_POINT('',(7.65,1.26,-1.127986593019E-15));
#1024 = DIRECTION('',(0.,0.,1.));
#1025 = DIRECTION('',(1.,0.,0.));
#1026 = ORIENTED_EDGE('',*,*,#1027,.F.);
#1027 = EDGE_CURVE('',#1028,#1019,#1030,.T.);
#1028 = VERTEX_POINT('',#1029);
#1029 = CARTESIAN_POINT('',(7.35,1.16,-1.127986593019E-15));
#1030 = LINE('',#1031,#1032);
#1031 = CARTESIAN_POINT('',(7.35,1.16,-1.127986593019E-15));
#1032 = VECTOR('',#1033,1.);
#1033 = DIRECTION('',(1.,0.,0.));
#1034 = ORIENTED_EDGE('',*,*,#1035,.F.);
#1035 = EDGE_CURVE('',#977,#1028,#1036,.T.);
#1036 = CIRCLE('',#1037,0.1);
#1037 = AXIS2_PLACEMENT_3D('',#1038,#1039,#1040);
#1038 = CARTESIAN_POINT('',(7.35,1.26,-1.127986593019E-15));
#1039 = DIRECTION('',(0.,0.,1.));
#1040 = DIRECTION('',(1.,0.,0.));
#1041 = FACE_BOUND('',#1042,.F.);
#1042 = EDGE_LOOP('',(#1043,#1053,#1062,#1070,#1079,#1087,#1096,#1104));
#1043 = ORIENTED_EDGE('',*,*,#1044,.F.);
#1044 = EDGE_CURVE('',#1045,#1047,#1049,.T.);
#1045 = VERTEX_POINT('',#1046);
#1046 = CARTESIAN_POINT('',(7.25,4.1,-1.409983241274E-15));
#1047 = VERTEX_POINT('',#1048);
#1048 = CARTESIAN_POINT('',(7.25,3.8,-1.409983241274E-15));
#1049 = LINE('',#1050,#1051);
#1050 = CARTESIAN_POINT('',(7.25,4.1,-1.409983241274E-15));
#1051 = VECTOR('',#1052,1.);
#1052 = DIRECTION('',(0.,-1.,0.));
#1053 = ORIENTED_EDGE('',*,*,#1054,.F.);
#1054 = EDGE_CURVE('',#1055,#1045,#1057,.T.);
#1055 = VERTEX_POINT('',#1056);
#1056 = CARTESIAN_POINT('',(7.35,4.200000000005,-1.409983241274E-15));
#1057 = CIRCLE('',#1058,0.1);
#1058 = AXIS2_PLACEMENT_3D('',#1059,#1060,#1061);
#1059 = CARTESIAN_POINT('',(7.35,4.1,-1.409983241274E-15));
#1060 = DIRECTION('',(0.,0.,1.));
#1061 = DIRECTION('',(1.,0.,0.));
#1062 = ORIENTED_EDGE('',*,*,#1063,.F.);
#1063 = EDGE_CURVE('',#1064,#1055,#1066,.T.);
#1064 = VERTEX_POINT('',#1065);
#1065 = CARTESIAN_POINT('',(7.65,4.200000000005,-1.409983241274E-15));
#1066 = LINE('',#1067,#1068);
#1067 = CARTESIAN_POINT('',(7.65,4.20000000001,-1.409983241274E-15));
#1068 = VECTOR('',#1069,1.);
#1069 = DIRECTION('',(-1.,0.,0.));
#1070 = ORIENTED_EDGE('',*,*,#1071,.F.);
#1071 = EDGE_CURVE('',#1072,#1064,#1074,.T.);
#1072 = VERTEX_POINT('',#1073);
#1073 = CARTESIAN_POINT('',(7.750000000005,4.1,-1.409983241274E-15));
#1074 = CIRCLE('',#1075,0.1);
#1075 = AXIS2_PLACEMENT_3D('',#1076,#1077,#1078);
#1076 = CARTESIAN_POINT('',(7.65,4.1,-1.409983241274E-15));
#1077 = DIRECTION('',(0.,0.,1.));
#1078 = DIRECTION('',(1.,0.,0.));
#1079 = ORIENTED_EDGE('',*,*,#1080,.F.);
#1080 = EDGE_CURVE('',#1081,#1072,#1083,.T.);
#1081 = VERTEX_POINT('',#1082);
#1082 = CARTESIAN_POINT('',(7.750000000005,3.8,-1.409983241274E-15));
#1083 = LINE('',#1084,#1085);
#1084 = CARTESIAN_POINT('',(7.75000000001,3.8,-1.409983241274E-15));
#1085 = VECTOR('',#1086,1.);
#1086 = DIRECTION('',(0.,1.,0.));
#1087 = ORIENTED_EDGE('',*,*,#1088,.F.);
#1088 = EDGE_CURVE('',#1089,#1081,#1091,.T.);
#1089 = VERTEX_POINT('',#1090);
#1090 = CARTESIAN_POINT('',(7.65,3.7,-1.409983241274E-15));
#1091 = CIRCLE('',#1092,0.1);
#1092 = AXIS2_PLACEMENT_3D('',#1093,#1094,#1095);
#1093 = CARTESIAN_POINT('',(7.65,3.8,-1.409983241274E-15));
#1094 = DIRECTION('',(0.,0.,1.));
#1095 = DIRECTION('',(1.,0.,0.));
#1096 = ORIENTED_EDGE('',*,*,#1097,.F.);
#1097 = EDGE_CURVE('',#1098,#1089,#1100,.T.);
#1098 = VERTEX_POINT('',#1099);
#1099 = CARTESIAN_POINT('',(7.35,3.7,-1.409983241274E-15));
#1100 = LINE('',#1101,#1102);
#1101 = CARTESIAN_POINT('',(7.35,3.7,-1.409983241274E-15));
#1102 = VECTOR('',#1103,1.);
#1103 = DIRECTION('',(1.,0.,0.));
#1104 = ORIENTED_EDGE('',*,*,#1105,.F.);
#1105 = EDGE_CURVE('',#1047,#1098,#1106,.T.);
#1106 = CIRCLE('',#1107,0.1);
#1107 = AXIS2_PLACEMENT_3D('',#1108,#1109,#1110);
#1108 = CARTESIAN_POINT('',(7.35,3.8,-1.409983241274E-15));
#1109 = DIRECTION('',(0.,0.,1.));
#1110 = DIRECTION('',(1.,0.,0.));
#1111 = FACE_BOUND('',#1112,.F.);
#1112 = EDGE_LOOP('',(#1113,#1123,#1132,#1140,#1149,#1157,#1166,#1174));
#1113 = ORIENTED_EDGE('',*,*,#1114,.F.);
#1114 = EDGE_CURVE('',#1115,#1117,#1119,.T.);
#1115 = VERTEX_POINT('',#1116);
#1116 = CARTESIAN_POINT('',(7.25,6.64,-1.691979889529E-15));
#1117 = VERTEX_POINT('',#1118);
#1118 = CARTESIAN_POINT('',(7.25,6.34,-1.691979889529E-15));
#1119 = LINE('',#1120,#1121);
#1120 = CARTESIAN_POINT('',(7.25,6.64,-1.691979889529E-15));
#1121 = VECTOR('',#1122,1.);
#1122 = DIRECTION('',(0.,-1.,0.));
#1123 = ORIENTED_EDGE('',*,*,#1124,.F.);
#1124 = EDGE_CURVE('',#1125,#1115,#1127,.T.);
#1125 = VERTEX_POINT('',#1126);
#1126 = CARTESIAN_POINT('',(7.35,6.740000000005,-1.691979889529E-15));
#1127 = CIRCLE('',#1128,0.1);
#1128 = AXIS2_PLACEMENT_3D('',#1129,#1130,#1131);
#1129 = CARTESIAN_POINT('',(7.35,6.64,-1.691979889529E-15));
#1130 = DIRECTION('',(0.,0.,1.));
#1131 = DIRECTION('',(1.,0.,0.));
#1132 = ORIENTED_EDGE('',*,*,#1133,.F.);
#1133 = EDGE_CURVE('',#1134,#1125,#1136,.T.);
#1134 = VERTEX_POINT('',#1135);
#1135 = CARTESIAN_POINT('',(7.65,6.740000000005,-1.691979889529E-15));
#1136 = LINE('',#1137,#1138);
#1137 = CARTESIAN_POINT('',(7.65,6.74000000001,-1.691979889529E-15));
#1138 = VECTOR('',#1139,1.);
#1139 = DIRECTION('',(-1.,0.,0.));
#1140 = ORIENTED_EDGE('',*,*,#1141,.F.);
#1141 = EDGE_CURVE('',#1142,#1134,#1144,.T.);
#1142 = VERTEX_POINT('',#1143);
#1143 = CARTESIAN_POINT('',(7.750000000005,6.64,-1.691979889529E-15));
#1144 = CIRCLE('',#1145,0.1);
#1145 = AXIS2_PLACEMENT_3D('',#1146,#1147,#1148);
#1146 = CARTESIAN_POINT('',(7.65,6.64,-1.691979889529E-15));
#1147 = DIRECTION('',(0.,0.,1.));
#1148 = DIRECTION('',(1.,0.,0.));
#1149 = ORIENTED_EDGE('',*,*,#1150,.F.);
#1150 = EDGE_CURVE('',#1151,#1142,#1153,.T.);
#1151 = VERTEX_POINT('',#1152);
#1152 = CARTESIAN_POINT('',(7.750000000005,6.34,-1.691979889529E-15));
#1153 = LINE('',#1154,#1155);
#1154 = CARTESIAN_POINT('',(7.75000000001,6.34,-1.691979889529E-15));
#1155 = VECTOR('',#1156,1.);
#1156 = DIRECTION('',(0.,1.,0.));
#1157 = ORIENTED_EDGE('',*,*,#1158,.F.);
#1158 = EDGE_CURVE('',#1159,#1151,#1161,.T.);
#1159 = VERTEX_POINT('',#1160);
#1160 = CARTESIAN_POINT('',(7.65,6.24,-1.691979889529E-15));
#1161 = CIRCLE('',#1162,0.1);
#1162 = AXIS2_PLACEMENT_3D('',#1163,#1164,#1165);
#1163 = CARTESIAN_POINT('',(7.65,6.34,-1.691979889529E-15));
#1164 = DIRECTION('',(0.,0.,1.));
#1165 = DIRECTION('',(1.,0.,0.));
#1166 = ORIENTED_EDGE('',*,*,#1167,.F.);
#1167 = EDGE_CURVE('',#1168,#1159,#1170,.T.);
#1168 = VERTEX_POINT('',#1169);
#1169 = CARTESIAN_POINT('',(7.35,6.24,-1.691979889529E-15));
#1170 = LINE('',#1171,#1172);
#1171 = CARTESIAN_POINT('',(7.35,6.24,-1.691979889529E-15));
#1172 = VECTOR('',#1173,1.);
#1173 = DIRECTION('',(1.,0.,0.));
#1174 = ORIENTED_EDGE('',*,*,#1175,.F.);
#1175 = EDGE_CURVE('',#1117,#1168,#1176,.T.);
#1176 = CIRCLE('',#1177,0.1);
#1177 = AXIS2_PLACEMENT_3D('',#1178,#1179,#1180);
#1178 = CARTESIAN_POINT('',(7.35,6.34,-1.691979889529E-15));
#1179 = DIRECTION('',(0.,0.,1.));
#1180 = DIRECTION('',(1.,0.,0.));
#1181 = FACE_BOUND('',#1182,.F.);
#1182 = EDGE_LOOP('',(#1183,#1193,#1202,#1210,#1219,#1227,#1236,#1244));
#1183 = ORIENTED_EDGE('',*,*,#1184,.F.);
#1184 = EDGE_CURVE('',#1185,#1187,#1189,.T.);
#1185 = VERTEX_POINT('',#1186);
#1186 = CARTESIAN_POINT('',(7.25,9.18,-1.973976537784E-15));
#1187 = VERTEX_POINT('',#1188);
#1188 = CARTESIAN_POINT('',(7.25,8.88,-1.973976537784E-15));
#1189 = LINE('',#1190,#1191);
#1190 = CARTESIAN_POINT('',(7.25,9.18,-1.973976537784E-15));
#1191 = VECTOR('',#1192,1.);
#1192 = DIRECTION('',(0.,-1.,0.));
#1193 = ORIENTED_EDGE('',*,*,#1194,.F.);
#1194 = EDGE_CURVE('',#1195,#1185,#1197,.T.);
#1195 = VERTEX_POINT('',#1196);
#1196 = CARTESIAN_POINT('',(7.35,9.280000000005,-1.973976537784E-15));
#1197 = CIRCLE('',#1198,0.1);
#1198 = AXIS2_PLACEMENT_3D('',#1199,#1200,#1201);
#1199 = CARTESIAN_POINT('',(7.35,9.18,-1.973976537784E-15));
#1200 = DIRECTION('',(0.,0.,1.));
#1201 = DIRECTION('',(1.,0.,0.));
#1202 = ORIENTED_EDGE('',*,*,#1203,.F.);
#1203 = EDGE_CURVE('',#1204,#1195,#1206,.T.);
#1204 = VERTEX_POINT('',#1205);
#1205 = CARTESIAN_POINT('',(7.65,9.280000000005,-1.973976537784E-15));
#1206 = LINE('',#1207,#1208);
#1207 = CARTESIAN_POINT('',(7.65,9.28000000001,-1.973976537784E-15));
#1208 = VECTOR('',#1209,1.);
#1209 = DIRECTION('',(-1.,0.,0.));
#1210 = ORIENTED_EDGE('',*,*,#1211,.F.);
#1211 = EDGE_CURVE('',#1212,#1204,#1214,.T.);
#1212 = VERTEX_POINT('',#1213);
#1213 = CARTESIAN_POINT('',(7.750000000005,9.18,-1.973976537784E-15));
#1214 = CIRCLE('',#1215,0.1);
#1215 = AXIS2_PLACEMENT_3D('',#1216,#1217,#1218);
#1216 = CARTESIAN_POINT('',(7.65,9.18,-1.973976537784E-15));
#1217 = DIRECTION('',(0.,0.,1.));
#1218 = DIRECTION('',(1.,0.,0.));
#1219 = ORIENTED_EDGE('',*,*,#1220,.F.);
#1220 = EDGE_CURVE('',#1221,#1212,#1223,.T.);
#1221 = VERTEX_POINT('',#1222);
#1222 = CARTESIAN_POINT('',(7.750000000005,8.88,-1.973976537784E-15));
#1223 = LINE('',#1224,#1225);
#1224 = CARTESIAN_POINT('',(7.75000000001,8.88,-1.973976537784E-15));
#1225 = VECTOR('',#1226,1.);
#1226 = DIRECTION('',(0.,1.,0.));
#1227 = ORIENTED_EDGE('',*,*,#1228,.F.);
#1228 = EDGE_CURVE('',#1229,#1221,#1231,.T.);
#1229 = VERTEX_POINT('',#1230);
#1230 = CARTESIAN_POINT('',(7.65,8.78,-1.973976537784E-15));
#1231 = CIRCLE('',#1232,0.1);
#1232 = AXIS2_PLACEMENT_3D('',#1233,#1234,#1235);
#1233 = CARTESIAN_POINT('',(7.65,8.88,-1.973976537784E-15));
#1234 = DIRECTION('',(0.,0.,1.));
#1235 = DIRECTION('',(1.,0.,0.));
#1236 = ORIENTED_EDGE('',*,*,#1237,.F.);
#1237 = EDGE_CURVE('',#1238,#1229,#1240,.T.);
#1238 = VERTEX_POINT('',#1239);
#1239 = CARTESIAN_POINT('',(7.35,8.78,-1.973976537784E-15));
#1240 = LINE('',#1241,#1242);
#1241 = CARTESIAN_POINT('',(7.35,8.78,-1.973976537784E-15));
#1242 = VECTOR('',#1243,1.);
#1243 = DIRECTION('',(1.,0.,0.));
#1244 = ORIENTED_EDGE('',*,*,#1245,.F.);
#1245 = EDGE_CURVE('',#1187,#1238,#1246,.T.);
#1246 = CIRCLE('',#1247,0.1);
#1247 = AXIS2_PLACEMENT_3D('',#1248,#1249,#1250);
#1248 = CARTESIAN_POINT('',(7.35,8.88,-1.973976537784E-15));
#1249 = DIRECTION('',(0.,0.,1.));
#1250 = DIRECTION('',(1.,0.,0.));
#1251 = PLANE('',#1252);
#1252 = AXIS2_PLACEMENT_3D('',#1253,#1254,#1255);
#1253 = CARTESIAN_POINT('',(0.,0.,0.));
#1254 = DIRECTION('',(0.,0.,1.));
#1255 = DIRECTION('',(1.,0.,0.));
#1256 = ADVANCED_FACE('',(#1257,#1268,#1279,#1290,#1301,#1312,#1323,
    #1334,#1345,#1356,#1367,#1378,#1389,#1400,#1411,#1422,#1433,#1444,
    #1455,#1466,#1477,#1488,#1499,#1510,#1521,#1532,#1543,#1554,#1565,
    #1576,#1587,#1598,#1609,#1620,#1631,#1642,#1653,#1664,#1675,#1686,
    #1697,#1708,#1719,#1730,#1741,#1752,#1763,#1774,#1785,#1796,#1807,
    #1818,#1829,#1840,#1851,#1862,#1873,#1884,#1895,#1906,#1917,#1928,
    #1939,#1950,#1961),#1972,.T.);
#1257 = FACE_BOUND('',#1258,.T.);
#1258 = EDGE_LOOP('',(#1259,#1260,#1261,#1267));
#1259 = ORIENTED_EDGE('',*,*,#31,.T.);
#1260 = ORIENTED_EDGE('',*,*,#93,.T.);
#1261 = ORIENTED_EDGE('',*,*,#1262,.T.);
#1262 = EDGE_CURVE('',#94,#64,#1263,.T.);
#1263 = LINE('',#1264,#1265);
#1264 = CARTESIAN_POINT('',(10.1,10.1,5.9));
#1265 = VECTOR('',#1266,1.);
#1266 = DIRECTION('',(-1.,0.,0.));
#1267 = ORIENTED_EDGE('',*,*,#71,.T.);
#1268 = FACE_BOUND('',#1269,.T.);
#1269 = EDGE_LOOP('',(#1270));
#1270 = ORIENTED_EDGE('',*,*,#1271,.F.);
#1271 = EDGE_CURVE('',#1272,#1272,#1274,.T.);
#1272 = VERTEX_POINT('',#1273);
#1273 = CARTESIAN_POINT('',(-7.75,-8.75,5.9));
#1274 = CIRCLE('',#1275,1.);
#1275 = AXIS2_PLACEMENT_3D('',#1276,#1277,#1278);
#1276 = CARTESIAN_POINT('',(-8.75,-8.75,5.9));
#1277 = DIRECTION('',(0.,0.,1.));
#1278 = DIRECTION('',(1.,0.,0.));
#1279 = FACE_BOUND('',#1280,.T.);
#1280 = EDGE_LOOP('',(#1281));
#1281 = ORIENTED_EDGE('',*,*,#1282,.F.);
#1282 = EDGE_CURVE('',#1283,#1283,#1285,.T.);
#1283 = VERTEX_POINT('',#1284);
#1284 = CARTESIAN_POINT('',(-5.25,-8.75,5.9));
#1285 = CIRCLE('',#1286,1.);
#1286 = AXIS2_PLACEMENT_3D('',#1287,#1288,#1289);
#1287 = CARTESIAN_POINT('',(-6.25,-8.75,5.9));
#1288 = DIRECTION('',(0.,0.,1.));
#1289 = DIRECTION('',(1.,0.,0.));
#1290 = FACE_BOUND('',#1291,.T.);
#1291 = EDGE_LOOP('',(#1292));
#1292 = ORIENTED_EDGE('',*,*,#1293,.F.);
#1293 = EDGE_CURVE('',#1294,#1294,#1296,.T.);
#1294 = VERTEX_POINT('',#1295);
#1295 = CARTESIAN_POINT('',(-7.75,-6.25,5.9));
#1296 = CIRCLE('',#1297,1.);
#1297 = AXIS2_PLACEMENT_3D('',#1298,#1299,#1300);
#1298 = CARTESIAN_POINT('',(-8.75,-6.25,5.9));
#1299 = DIRECTION('',(0.,0.,1.));
#1300 = DIRECTION('',(1.,0.,0.));
#1301 = FACE_BOUND('',#1302,.T.);
#1302 = EDGE_LOOP('',(#1303));
#1303 = ORIENTED_EDGE('',*,*,#1304,.F.);
#1304 = EDGE_CURVE('',#1305,#1305,#1307,.T.);
#1305 = VERTEX_POINT('',#1306);
#1306 = CARTESIAN_POINT('',(-5.25,-6.25,5.9));
#1307 = CIRCLE('',#1308,1.);
#1308 = AXIS2_PLACEMENT_3D('',#1309,#1310,#1311);
#1309 = CARTESIAN_POINT('',(-6.25,-6.25,5.9));
#1310 = DIRECTION('',(0.,0.,1.));
#1311 = DIRECTION('',(1.,0.,0.));
#1312 = FACE_BOUND('',#1313,.T.);
#1313 = EDGE_LOOP('',(#1314));
#1314 = ORIENTED_EDGE('',*,*,#1315,.F.);
#1315 = EDGE_CURVE('',#1316,#1316,#1318,.T.);
#1316 = VERTEX_POINT('',#1317);
#1317 = CARTESIAN_POINT('',(-2.75,-8.75,5.9));
#1318 = CIRCLE('',#1319,1.);
#1319 = AXIS2_PLACEMENT_3D('',#1320,#1321,#1322);
#1320 = CARTESIAN_POINT('',(-3.75,-8.75,5.9));
#1321 = DIRECTION('',(0.,0.,1.));
#1322 = DIRECTION('',(1.,0.,0.));
#1323 = FACE_BOUND('',#1324,.T.);
#1324 = EDGE_LOOP('',(#1325));
#1325 = ORIENTED_EDGE('',*,*,#1326,.F.);
#1326 = EDGE_CURVE('',#1327,#1327,#1329,.T.);
#1327 = VERTEX_POINT('',#1328);
#1328 = CARTESIAN_POINT('',(-0.25,-8.75,5.9));
#1329 = CIRCLE('',#1330,1.);
#1330 = AXIS2_PLACEMENT_3D('',#1331,#1332,#1333);
#1331 = CARTESIAN_POINT('',(-1.25,-8.75,5.9));
#1332 = DIRECTION('',(0.,0.,1.));
#1333 = DIRECTION('',(1.,0.,0.));
#1334 = FACE_BOUND('',#1335,.T.);
#1335 = EDGE_LOOP('',(#1336));
#1336 = ORIENTED_EDGE('',*,*,#1337,.F.);
#1337 = EDGE_CURVE('',#1338,#1338,#1340,.T.);
#1338 = VERTEX_POINT('',#1339);
#1339 = CARTESIAN_POINT('',(-2.75,-6.25,5.9));
#1340 = CIRCLE('',#1341,1.);
#1341 = AXIS2_PLACEMENT_3D('',#1342,#1343,#1344);
#1342 = CARTESIAN_POINT('',(-3.75,-6.25,5.9));
#1343 = DIRECTION('',(0.,0.,1.));
#1344 = DIRECTION('',(1.,0.,0.));
#1345 = FACE_BOUND('',#1346,.T.);
#1346 = EDGE_LOOP('',(#1347));
#1347 = ORIENTED_EDGE('',*,*,#1348,.F.);
#1348 = EDGE_CURVE('',#1349,#1349,#1351,.T.);
#1349 = VERTEX_POINT('',#1350);
#1350 = CARTESIAN_POINT('',(-0.25,-6.25,5.9));
#1351 = CIRCLE('',#1352,1.);
#1352 = AXIS2_PLACEMENT_3D('',#1353,#1354,#1355);
#1353 = CARTESIAN_POINT('',(-1.25,-6.25,5.9));
#1354 = DIRECTION('',(0.,0.,1.));
#1355 = DIRECTION('',(1.,0.,0.));
#1356 = FACE_BOUND('',#1357,.T.);
#1357 = EDGE_LOOP('',(#1358));
#1358 = ORIENTED_EDGE('',*,*,#1359,.F.);
#1359 = EDGE_CURVE('',#1360,#1360,#1362,.T.);
#1360 = VERTEX_POINT('',#1361);
#1361 = CARTESIAN_POINT('',(-7.75,-3.75,5.9));
#1362 = CIRCLE('',#1363,1.);
#1363 = AXIS2_PLACEMENT_3D('',#1364,#1365,#1366);
#1364 = CARTESIAN_POINT('',(-8.75,-3.75,5.9));
#1365 = DIRECTION('',(0.,0.,1.));
#1366 = DIRECTION('',(1.,0.,0.));
#1367 = FACE_BOUND('',#1368,.T.);
#1368 = EDGE_LOOP('',(#1369));
#1369 = ORIENTED_EDGE('',*,*,#1370,.F.);
#1370 = EDGE_CURVE('',#1371,#1371,#1373,.T.);
#1371 = VERTEX_POINT('',#1372);
#1372 = CARTESIAN_POINT('',(-5.25,-3.75,5.9));
#1373 = CIRCLE('',#1374,1.);
#1374 = AXIS2_PLACEMENT_3D('',#1375,#1376,#1377);
#1375 = CARTESIAN_POINT('',(-6.25,-3.75,5.9));
#1376 = DIRECTION('',(0.,0.,1.));
#1377 = DIRECTION('',(1.,0.,0.));
#1378 = FACE_BOUND('',#1379,.T.);
#1379 = EDGE_LOOP('',(#1380));
#1380 = ORIENTED_EDGE('',*,*,#1381,.F.);
#1381 = EDGE_CURVE('',#1382,#1382,#1384,.T.);
#1382 = VERTEX_POINT('',#1383);
#1383 = CARTESIAN_POINT('',(-7.75,-1.25,5.9));
#1384 = CIRCLE('',#1385,1.);
#1385 = AXIS2_PLACEMENT_3D('',#1386,#1387,#1388);
#1386 = CARTESIAN_POINT('',(-8.75,-1.25,5.9));
#1387 = DIRECTION('',(0.,0.,1.));
#1388 = DIRECTION('',(1.,0.,0.));
#1389 = FACE_BOUND('',#1390,.T.);
#1390 = EDGE_LOOP('',(#1391));
#1391 = ORIENTED_EDGE('',*,*,#1392,.F.);
#1392 = EDGE_CURVE('',#1393,#1393,#1395,.T.);
#1393 = VERTEX_POINT('',#1394);
#1394 = CARTESIAN_POINT('',(-5.25,-1.25,5.9));
#1395 = CIRCLE('',#1396,1.);
#1396 = AXIS2_PLACEMENT_3D('',#1397,#1398,#1399);
#1397 = CARTESIAN_POINT('',(-6.25,-1.25,5.9));
#1398 = DIRECTION('',(0.,0.,1.));
#1399 = DIRECTION('',(1.,0.,0.));
#1400 = FACE_BOUND('',#1401,.T.);
#1401 = EDGE_LOOP('',(#1402));
#1402 = ORIENTED_EDGE('',*,*,#1403,.F.);
#1403 = EDGE_CURVE('',#1404,#1404,#1406,.T.);
#1404 = VERTEX_POINT('',#1405);
#1405 = CARTESIAN_POINT('',(-2.75,-3.75,5.9));
#1406 = CIRCLE('',#1407,1.);
#1407 = AXIS2_PLACEMENT_3D('',#1408,#1409,#1410);
#1408 = CARTESIAN_POINT('',(-3.75,-3.75,5.9));
#1409 = DIRECTION('',(0.,0.,1.));
#1410 = DIRECTION('',(1.,0.,0.));
#1411 = FACE_BOUND('',#1412,.T.);
#1412 = EDGE_LOOP('',(#1413));
#1413 = ORIENTED_EDGE('',*,*,#1414,.F.);
#1414 = EDGE_CURVE('',#1415,#1415,#1417,.T.);
#1415 = VERTEX_POINT('',#1416);
#1416 = CARTESIAN_POINT('',(-0.25,-3.75,5.9));
#1417 = CIRCLE('',#1418,1.);
#1418 = AXIS2_PLACEMENT_3D('',#1419,#1420,#1421);
#1419 = CARTESIAN_POINT('',(-1.25,-3.75,5.9));
#1420 = DIRECTION('',(0.,0.,1.));
#1421 = DIRECTION('',(1.,0.,0.));
#1422 = FACE_BOUND('',#1423,.T.);
#1423 = EDGE_LOOP('',(#1424));
#1424 = ORIENTED_EDGE('',*,*,#1425,.F.);
#1425 = EDGE_CURVE('',#1426,#1426,#1428,.T.);
#1426 = VERTEX_POINT('',#1427);
#1427 = CARTESIAN_POINT('',(-2.75,-1.25,5.9));
#1428 = CIRCLE('',#1429,1.);
#1429 = AXIS2_PLACEMENT_3D('',#1430,#1431,#1432);
#1430 = CARTESIAN_POINT('',(-3.75,-1.25,5.9));
#1431 = DIRECTION('',(0.,0.,1.));
#1432 = DIRECTION('',(1.,0.,0.));
#1433 = FACE_BOUND('',#1434,.T.);
#1434 = EDGE_LOOP('',(#1435));
#1435 = ORIENTED_EDGE('',*,*,#1436,.F.);
#1436 = EDGE_CURVE('',#1437,#1437,#1439,.T.);
#1437 = VERTEX_POINT('',#1438);
#1438 = CARTESIAN_POINT('',(-0.25,-1.25,5.9));
#1439 = CIRCLE('',#1440,1.);
#1440 = AXIS2_PLACEMENT_3D('',#1441,#1442,#1443);
#1441 = CARTESIAN_POINT('',(-1.25,-1.25,5.9));
#1442 = DIRECTION('',(0.,0.,1.));
#1443 = DIRECTION('',(1.,0.,0.));
#1444 = FACE_BOUND('',#1445,.T.);
#1445 = EDGE_LOOP('',(#1446));
#1446 = ORIENTED_EDGE('',*,*,#1447,.F.);
#1447 = EDGE_CURVE('',#1448,#1448,#1450,.T.);
#1448 = VERTEX_POINT('',#1449);
#1449 = CARTESIAN_POINT('',(2.25,-8.75,5.9));
#1450 = CIRCLE('',#1451,1.);
#1451 = AXIS2_PLACEMENT_3D('',#1452,#1453,#1454);
#1452 = CARTESIAN_POINT('',(1.25,-8.75,5.9));
#1453 = DIRECTION('',(0.,0.,1.));
#1454 = DIRECTION('',(1.,0.,0.));
#1455 = FACE_BOUND('',#1456,.T.);
#1456 = EDGE_LOOP('',(#1457));
#1457 = ORIENTED_EDGE('',*,*,#1458,.F.);
#1458 = EDGE_CURVE('',#1459,#1459,#1461,.T.);
#1459 = VERTEX_POINT('',#1460);
#1460 = CARTESIAN_POINT('',(4.75,-8.75,5.9));
#1461 = CIRCLE('',#1462,1.);
#1462 = AXIS2_PLACEMENT_3D('',#1463,#1464,#1465);
#1463 = CARTESIAN_POINT('',(3.75,-8.75,5.9));
#1464 = DIRECTION('',(0.,0.,1.));
#1465 = DIRECTION('',(1.,0.,0.));
#1466 = FACE_BOUND('',#1467,.T.);
#1467 = EDGE_LOOP('',(#1468));
#1468 = ORIENTED_EDGE('',*,*,#1469,.F.);
#1469 = EDGE_CURVE('',#1470,#1470,#1472,.T.);
#1470 = VERTEX_POINT('',#1471);
#1471 = CARTESIAN_POINT('',(2.25,-6.25,5.9));
#1472 = CIRCLE('',#1473,1.);
#1473 = AXIS2_PLACEMENT_3D('',#1474,#1475,#1476);
#1474 = CARTESIAN_POINT('',(1.25,-6.25,5.9));
#1475 = DIRECTION('',(0.,0.,1.));
#1476 = DIRECTION('',(1.,0.,0.));
#1477 = FACE_BOUND('',#1478,.T.);
#1478 = EDGE_LOOP('',(#1479));
#1479 = ORIENTED_EDGE('',*,*,#1480,.F.);
#1480 = EDGE_CURVE('',#1481,#1481,#1483,.T.);
#1481 = VERTEX_POINT('',#1482);
#1482 = CARTESIAN_POINT('',(4.75,-6.25,5.9));
#1483 = CIRCLE('',#1484,1.);
#1484 = AXIS2_PLACEMENT_3D('',#1485,#1486,#1487);
#1485 = CARTESIAN_POINT('',(3.75,-6.25,5.9));
#1486 = DIRECTION('',(0.,0.,1.));
#1487 = DIRECTION('',(1.,0.,0.));
#1488 = FACE_BOUND('',#1489,.T.);
#1489 = EDGE_LOOP('',(#1490));
#1490 = ORIENTED_EDGE('',*,*,#1491,.F.);
#1491 = EDGE_CURVE('',#1492,#1492,#1494,.T.);
#1492 = VERTEX_POINT('',#1493);
#1493 = CARTESIAN_POINT('',(7.25,-8.75,5.9));
#1494 = CIRCLE('',#1495,1.);
#1495 = AXIS2_PLACEMENT_3D('',#1496,#1497,#1498);
#1496 = CARTESIAN_POINT('',(6.25,-8.75,5.9));
#1497 = DIRECTION('',(0.,0.,1.));
#1498 = DIRECTION('',(1.,0.,0.));
#1499 = FACE_BOUND('',#1500,.T.);
#1500 = EDGE_LOOP('',(#1501));
#1501 = ORIENTED_EDGE('',*,*,#1502,.F.);
#1502 = EDGE_CURVE('',#1503,#1503,#1505,.T.);
#1503 = VERTEX_POINT('',#1504);
#1504 = CARTESIAN_POINT('',(9.75,-8.75,5.9));
#1505 = CIRCLE('',#1506,1.);
#1506 = AXIS2_PLACEMENT_3D('',#1507,#1508,#1509);
#1507 = CARTESIAN_POINT('',(8.75,-8.75,5.9));
#1508 = DIRECTION('',(0.,0.,1.));
#1509 = DIRECTION('',(1.,0.,0.));
#1510 = FACE_BOUND('',#1511,.T.);
#1511 = EDGE_LOOP('',(#1512));
#1512 = ORIENTED_EDGE('',*,*,#1513,.F.);
#1513 = EDGE_CURVE('',#1514,#1514,#1516,.T.);
#1514 = VERTEX_POINT('',#1515);
#1515 = CARTESIAN_POINT('',(7.25,-6.25,5.9));
#1516 = CIRCLE('',#1517,1.);
#1517 = AXIS2_PLACEMENT_3D('',#1518,#1519,#1520);
#1518 = CARTESIAN_POINT('',(6.25,-6.25,5.9));
#1519 = DIRECTION('',(0.,0.,1.));
#1520 = DIRECTION('',(1.,0.,0.));
#1521 = FACE_BOUND('',#1522,.T.);
#1522 = EDGE_LOOP('',(#1523));
#1523 = ORIENTED_EDGE('',*,*,#1524,.F.);
#1524 = EDGE_CURVE('',#1525,#1525,#1527,.T.);
#1525 = VERTEX_POINT('',#1526);
#1526 = CARTESIAN_POINT('',(9.75,-6.25,5.9));
#1527 = CIRCLE('',#1528,1.);
#1528 = AXIS2_PLACEMENT_3D('',#1529,#1530,#1531);
#1529 = CARTESIAN_POINT('',(8.75,-6.25,5.9));
#1530 = DIRECTION('',(0.,0.,1.));
#1531 = DIRECTION('',(1.,0.,0.));
#1532 = FACE_BOUND('',#1533,.T.);
#1533 = EDGE_LOOP('',(#1534));
#1534 = ORIENTED_EDGE('',*,*,#1535,.F.);
#1535 = EDGE_CURVE('',#1536,#1536,#1538,.T.);
#1536 = VERTEX_POINT('',#1537);
#1537 = CARTESIAN_POINT('',(2.25,-3.75,5.9));
#1538 = CIRCLE('',#1539,1.);
#1539 = AXIS2_PLACEMENT_3D('',#1540,#1541,#1542);
#1540 = CARTESIAN_POINT('',(1.25,-3.75,5.9));
#1541 = DIRECTION('',(0.,0.,1.));
#1542 = DIRECTION('',(1.,0.,0.));
#1543 = FACE_BOUND('',#1544,.T.);
#1544 = EDGE_LOOP('',(#1545));
#1545 = ORIENTED_EDGE('',*,*,#1546,.F.);
#1546 = EDGE_CURVE('',#1547,#1547,#1549,.T.);
#1547 = VERTEX_POINT('',#1548);
#1548 = CARTESIAN_POINT('',(4.75,-3.75,5.9));
#1549 = CIRCLE('',#1550,1.);
#1550 = AXIS2_PLACEMENT_3D('',#1551,#1552,#1553);
#1551 = CARTESIAN_POINT('',(3.75,-3.75,5.9));
#1552 = DIRECTION('',(0.,0.,1.));
#1553 = DIRECTION('',(1.,0.,0.));
#1554 = FACE_BOUND('',#1555,.T.);
#1555 = EDGE_LOOP('',(#1556));
#1556 = ORIENTED_EDGE('',*,*,#1557,.F.);
#1557 = EDGE_CURVE('',#1558,#1558,#1560,.T.);
#1558 = VERTEX_POINT('',#1559);
#1559 = CARTESIAN_POINT('',(2.25,-1.25,5.9));
#1560 = CIRCLE('',#1561,1.);
#1561 = AXIS2_PLACEMENT_3D('',#1562,#1563,#1564);
#1562 = CARTESIAN_POINT('',(1.25,-1.25,5.9));
#1563 = DIRECTION('',(0.,0.,1.));
#1564 = DIRECTION('',(1.,0.,0.));
#1565 = FACE_BOUND('',#1566,.T.);
#1566 = EDGE_LOOP('',(#1567));
#1567 = ORIENTED_EDGE('',*,*,#1568,.F.);
#1568 = EDGE_CURVE('',#1569,#1569,#1571,.T.);
#1569 = VERTEX_POINT('',#1570);
#1570 = CARTESIAN_POINT('',(4.75,-1.25,5.9));
#1571 = CIRCLE('',#1572,1.);
#1572 = AXIS2_PLACEMENT_3D('',#1573,#1574,#1575);
#1573 = CARTESIAN_POINT('',(3.75,-1.25,5.9));
#1574 = DIRECTION('',(0.,0.,1.));
#1575 = DIRECTION('',(1.,0.,0.));
#1576 = FACE_BOUND('',#1577,.T.);
#1577 = EDGE_LOOP('',(#1578));
#1578 = ORIENTED_EDGE('',*,*,#1579,.F.);
#1579 = EDGE_CURVE('',#1580,#1580,#1582,.T.);
#1580 = VERTEX_POINT('',#1581);
#1581 = CARTESIAN_POINT('',(7.25,-3.75,5.9));
#1582 = CIRCLE('',#1583,1.);
#1583 = AXIS2_PLACEMENT_3D('',#1584,#1585,#1586);
#1584 = CARTESIAN_POINT('',(6.25,-3.75,5.9));
#1585 = DIRECTION('',(0.,0.,1.));
#1586 = DIRECTION('',(1.,0.,0.));
#1587 = FACE_BOUND('',#1588,.T.);
#1588 = EDGE_LOOP('',(#1589));
#1589 = ORIENTED_EDGE('',*,*,#1590,.F.);
#1590 = EDGE_CURVE('',#1591,#1591,#1593,.T.);
#1591 = VERTEX_POINT('',#1592);
#1592 = CARTESIAN_POINT('',(9.75,-3.75,5.9));
#1593 = CIRCLE('',#1594,1.);
#1594 = AXIS2_PLACEMENT_3D('',#1595,#1596,#1597);
#1595 = CARTESIAN_POINT('',(8.75,-3.75,5.9));
#1596 = DIRECTION('',(0.,0.,1.));
#1597 = DIRECTION('',(1.,0.,0.));
#1598 = FACE_BOUND('',#1599,.T.);
#1599 = EDGE_LOOP('',(#1600));
#1600 = ORIENTED_EDGE('',*,*,#1601,.F.);
#1601 = EDGE_CURVE('',#1602,#1602,#1604,.T.);
#1602 = VERTEX_POINT('',#1603);
#1603 = CARTESIAN_POINT('',(7.25,-1.25,5.9));
#1604 = CIRCLE('',#1605,1.);
#1605 = AXIS2_PLACEMENT_3D('',#1606,#1607,#1608);
#1606 = CARTESIAN_POINT('',(6.25,-1.25,5.9));
#1607 = DIRECTION('',(0.,0.,1.));
#1608 = DIRECTION('',(1.,0.,0.));
#1609 = FACE_BOUND('',#1610,.T.);
#1610 = EDGE_LOOP('',(#1611));
#1611 = ORIENTED_EDGE('',*,*,#1612,.F.);
#1612 = EDGE_CURVE('',#1613,#1613,#1615,.T.);
#1613 = VERTEX_POINT('',#1614);
#1614 = CARTESIAN_POINT('',(9.75,-1.25,5.9));
#1615 = CIRCLE('',#1616,1.);
#1616 = AXIS2_PLACEMENT_3D('',#1617,#1618,#1619);
#1617 = CARTESIAN_POINT('',(8.75,-1.25,5.9));
#1618 = DIRECTION('',(0.,0.,1.));
#1619 = DIRECTION('',(1.,0.,0.));
#1620 = FACE_BOUND('',#1621,.T.);
#1621 = EDGE_LOOP('',(#1622));
#1622 = ORIENTED_EDGE('',*,*,#1623,.F.);
#1623 = EDGE_CURVE('',#1624,#1624,#1626,.T.);
#1624 = VERTEX_POINT('',#1625);
#1625 = CARTESIAN_POINT('',(-7.75,1.25,5.9));
#1626 = CIRCLE('',#1627,1.);
#1627 = AXIS2_PLACEMENT_3D('',#1628,#1629,#1630);
#1628 = CARTESIAN_POINT('',(-8.75,1.25,5.9));
#1629 = DIRECTION('',(0.,0.,1.));
#1630 = DIRECTION('',(1.,0.,0.));
#1631 = FACE_BOUND('',#1632,.T.);
#1632 = EDGE_LOOP('',(#1633));
#1633 = ORIENTED_EDGE('',*,*,#1634,.F.);
#1634 = EDGE_CURVE('',#1635,#1635,#1637,.T.);
#1635 = VERTEX_POINT('',#1636);
#1636 = CARTESIAN_POINT('',(-5.25,1.25,5.9));
#1637 = CIRCLE('',#1638,1.);
#1638 = AXIS2_PLACEMENT_3D('',#1639,#1640,#1641);
#1639 = CARTESIAN_POINT('',(-6.25,1.25,5.9));
#1640 = DIRECTION('',(0.,0.,1.));
#1641 = DIRECTION('',(1.,0.,0.));
#1642 = FACE_BOUND('',#1643,.T.);
#1643 = EDGE_LOOP('',(#1644));
#1644 = ORIENTED_EDGE('',*,*,#1645,.F.);
#1645 = EDGE_CURVE('',#1646,#1646,#1648,.T.);
#1646 = VERTEX_POINT('',#1647);
#1647 = CARTESIAN_POINT('',(-7.75,3.75,5.9));
#1648 = CIRCLE('',#1649,1.);
#1649 = AXIS2_PLACEMENT_3D('',#1650,#1651,#1652);
#1650 = CARTESIAN_POINT('',(-8.75,3.75,5.9));
#1651 = DIRECTION('',(0.,0.,1.));
#1652 = DIRECTION('',(1.,0.,0.));
#1653 = FACE_BOUND('',#1654,.T.);
#1654 = EDGE_LOOP('',(#1655));
#1655 = ORIENTED_EDGE('',*,*,#1656,.F.);
#1656 = EDGE_CURVE('',#1657,#1657,#1659,.T.);
#1657 = VERTEX_POINT('',#1658);
#1658 = CARTESIAN_POINT('',(-5.25,3.75,5.9));
#1659 = CIRCLE('',#1660,1.);
#1660 = AXIS2_PLACEMENT_3D('',#1661,#1662,#1663);
#1661 = CARTESIAN_POINT('',(-6.25,3.75,5.9));
#1662 = DIRECTION('',(0.,0.,1.));
#1663 = DIRECTION('',(1.,0.,0.));
#1664 = FACE_BOUND('',#1665,.T.);
#1665 = EDGE_LOOP('',(#1666));
#1666 = ORIENTED_EDGE('',*,*,#1667,.F.);
#1667 = EDGE_CURVE('',#1668,#1668,#1670,.T.);
#1668 = VERTEX_POINT('',#1669);
#1669 = CARTESIAN_POINT('',(-2.75,1.25,5.9));
#1670 = CIRCLE('',#1671,1.);
#1671 = AXIS2_PLACEMENT_3D('',#1672,#1673,#1674);
#1672 = CARTESIAN_POINT('',(-3.75,1.25,5.9));
#1673 = DIRECTION('',(0.,0.,1.));
#1674 = DIRECTION('',(1.,0.,0.));
#1675 = FACE_BOUND('',#1676,.T.);
#1676 = EDGE_LOOP('',(#1677));
#1677 = ORIENTED_EDGE('',*,*,#1678,.F.);
#1678 = EDGE_CURVE('',#1679,#1679,#1681,.T.);
#1679 = VERTEX_POINT('',#1680);
#1680 = CARTESIAN_POINT('',(-0.25,1.25,5.9));
#1681 = CIRCLE('',#1682,1.);
#1682 = AXIS2_PLACEMENT_3D('',#1683,#1684,#1685);
#1683 = CARTESIAN_POINT('',(-1.25,1.25,5.9));
#1684 = DIRECTION('',(0.,0.,1.));
#1685 = DIRECTION('',(1.,0.,0.));
#1686 = FACE_BOUND('',#1687,.T.);
#1687 = EDGE_LOOP('',(#1688));
#1688 = ORIENTED_EDGE('',*,*,#1689,.F.);
#1689 = EDGE_CURVE('',#1690,#1690,#1692,.T.);
#1690 = VERTEX_POINT('',#1691);
#1691 = CARTESIAN_POINT('',(-2.75,3.75,5.9));
#1692 = CIRCLE('',#1693,1.);
#1693 = AXIS2_PLACEMENT_3D('',#1694,#1695,#1696);
#1694 = CARTESIAN_POINT('',(-3.75,3.75,5.9));
#1695 = DIRECTION('',(0.,0.,1.));
#1696 = DIRECTION('',(1.,0.,0.));
#1697 = FACE_BOUND('',#1698,.T.);
#1698 = EDGE_LOOP('',(#1699));
#1699 = ORIENTED_EDGE('',*,*,#1700,.F.);
#1700 = EDGE_CURVE('',#1701,#1701,#1703,.T.);
#1701 = VERTEX_POINT('',#1702);
#1702 = CARTESIAN_POINT('',(-0.25,3.75,5.9));
#1703 = CIRCLE('',#1704,1.);
#1704 = AXIS2_PLACEMENT_3D('',#1705,#1706,#1707);
#1705 = CARTESIAN_POINT('',(-1.25,3.75,5.9));
#1706 = DIRECTION('',(0.,0.,1.));
#1707 = DIRECTION('',(1.,0.,0.));
#1708 = FACE_BOUND('',#1709,.T.);
#1709 = EDGE_LOOP('',(#1710));
#1710 = ORIENTED_EDGE('',*,*,#1711,.F.);
#1711 = EDGE_CURVE('',#1712,#1712,#1714,.T.);
#1712 = VERTEX_POINT('',#1713);
#1713 = CARTESIAN_POINT('',(-7.75,6.25,5.9));
#1714 = CIRCLE('',#1715,1.);
#1715 = AXIS2_PLACEMENT_3D('',#1716,#1717,#1718);
#1716 = CARTESIAN_POINT('',(-8.75,6.25,5.9));
#1717 = DIRECTION('',(0.,0.,1.));
#1718 = DIRECTION('',(1.,0.,0.));
#1719 = FACE_BOUND('',#1720,.T.);
#1720 = EDGE_LOOP('',(#1721));
#1721 = ORIENTED_EDGE('',*,*,#1722,.F.);
#1722 = EDGE_CURVE('',#1723,#1723,#1725,.T.);
#1723 = VERTEX_POINT('',#1724);
#1724 = CARTESIAN_POINT('',(-5.25,6.25,5.9));
#1725 = CIRCLE('',#1726,1.);
#1726 = AXIS2_PLACEMENT_3D('',#1727,#1728,#1729);
#1727 = CARTESIAN_POINT('',(-6.25,6.25,5.9));
#1728 = DIRECTION('',(0.,0.,1.));
#1729 = DIRECTION('',(1.,0.,0.));
#1730 = FACE_BOUND('',#1731,.T.);
#1731 = EDGE_LOOP('',(#1732));
#1732 = ORIENTED_EDGE('',*,*,#1733,.F.);
#1733 = EDGE_CURVE('',#1734,#1734,#1736,.T.);
#1734 = VERTEX_POINT('',#1735);
#1735 = CARTESIAN_POINT('',(-7.75,8.75,5.9));
#1736 = CIRCLE('',#1737,1.);
#1737 = AXIS2_PLACEMENT_3D('',#1738,#1739,#1740);
#1738 = CARTESIAN_POINT('',(-8.75,8.75,5.9));
#1739 = DIRECTION('',(0.,0.,1.));
#1740 = DIRECTION('',(1.,0.,0.));
#1741 = FACE_BOUND('',#1742,.T.);
#1742 = EDGE_LOOP('',(#1743));
#1743 = ORIENTED_EDGE('',*,*,#1744,.F.);
#1744 = EDGE_CURVE('',#1745,#1745,#1747,.T.);
#1745 = VERTEX_POINT('',#1746);
#1746 = CARTESIAN_POINT('',(-5.25,8.75,5.9));
#1747 = CIRCLE('',#1748,1.);
#1748 = AXIS2_PLACEMENT_3D('',#1749,#1750,#1751);
#1749 = CARTESIAN_POINT('',(-6.25,8.75,5.9));
#1750 = DIRECTION('',(0.,0.,1.));
#1751 = DIRECTION('',(1.,0.,0.));
#1752 = FACE_BOUND('',#1753,.T.);
#1753 = EDGE_LOOP('',(#1754));
#1754 = ORIENTED_EDGE('',*,*,#1755,.F.);
#1755 = EDGE_CURVE('',#1756,#1756,#1758,.T.);
#1756 = VERTEX_POINT('',#1757);
#1757 = CARTESIAN_POINT('',(-2.75,6.25,5.9));
#1758 = CIRCLE('',#1759,1.);
#1759 = AXIS2_PLACEMENT_3D('',#1760,#1761,#1762);
#1760 = CARTESIAN_POINT('',(-3.75,6.25,5.9));
#1761 = DIRECTION('',(0.,0.,1.));
#1762 = DIRECTION('',(1.,0.,0.));
#1763 = FACE_BOUND('',#1764,.T.);
#1764 = EDGE_LOOP('',(#1765));
#1765 = ORIENTED_EDGE('',*,*,#1766,.F.);
#1766 = EDGE_CURVE('',#1767,#1767,#1769,.T.);
#1767 = VERTEX_POINT('',#1768);
#1768 = CARTESIAN_POINT('',(-0.25,6.25,5.9));
#1769 = CIRCLE('',#1770,1.);
#1770 = AXIS2_PLACEMENT_3D('',#1771,#1772,#1773);
#1771 = CARTESIAN_POINT('',(-1.25,6.25,5.9));
#1772 = DIRECTION('',(0.,0.,1.));
#1773 = DIRECTION('',(1.,0.,0.));
#1774 = FACE_BOUND('',#1775,.T.);
#1775 = EDGE_LOOP('',(#1776));
#1776 = ORIENTED_EDGE('',*,*,#1777,.F.);
#1777 = EDGE_CURVE('',#1778,#1778,#1780,.T.);
#1778 = VERTEX_POINT('',#1779);
#1779 = CARTESIAN_POINT('',(-2.75,8.75,5.9));
#1780 = CIRCLE('',#1781,1.);
#1781 = AXIS2_PLACEMENT_3D('',#1782,#1783,#1784);
#1782 = CARTESIAN_POINT('',(-3.75,8.75,5.9));
#1783 = DIRECTION('',(0.,0.,1.));
#1784 = DIRECTION('',(1.,0.,0.));
#1785 = FACE_BOUND('',#1786,.T.);
#1786 = EDGE_LOOP('',(#1787));
#1787 = ORIENTED_EDGE('',*,*,#1788,.F.);
#1788 = EDGE_CURVE('',#1789,#1789,#1791,.T.);
#1789 = VERTEX_POINT('',#1790);
#1790 = CARTESIAN_POINT('',(-0.25,8.75,5.9));
#1791 = CIRCLE('',#1792,1.);
#1792 = AXIS2_PLACEMENT_3D('',#1793,#1794,#1795);
#1793 = CARTESIAN_POINT('',(-1.25,8.75,5.9));
#1794 = DIRECTION('',(0.,0.,1.));
#1795 = DIRECTION('',(1.,0.,0.));
#1796 = FACE_BOUND('',#1797,.T.);
#1797 = EDGE_LOOP('',(#1798));
#1798 = ORIENTED_EDGE('',*,*,#1799,.F.);
#1799 = EDGE_CURVE('',#1800,#1800,#1802,.T.);
#1800 = VERTEX_POINT('',#1801);
#1801 = CARTESIAN_POINT('',(2.25,1.25,5.9));
#1802 = CIRCLE('',#1803,1.);
#1803 = AXIS2_PLACEMENT_3D('',#1804,#1805,#1806);
#1804 = CARTESIAN_POINT('',(1.25,1.25,5.9));
#1805 = DIRECTION('',(0.,0.,1.));
#1806 = DIRECTION('',(1.,0.,0.));
#1807 = FACE_BOUND('',#1808,.T.);
#1808 = EDGE_LOOP('',(#1809));
#1809 = ORIENTED_EDGE('',*,*,#1810,.F.);
#1810 = EDGE_CURVE('',#1811,#1811,#1813,.T.);
#1811 = VERTEX_POINT('',#1812);
#1812 = CARTESIAN_POINT('',(4.75,1.25,5.9));
#1813 = CIRCLE('',#1814,1.);
#1814 = AXIS2_PLACEMENT_3D('',#1815,#1816,#1817);
#1815 = CARTESIAN_POINT('',(3.75,1.25,5.9));
#1816 = DIRECTION('',(0.,0.,1.));
#1817 = DIRECTION('',(1.,0.,0.));
#1818 = FACE_BOUND('',#1819,.T.);
#1819 = EDGE_LOOP('',(#1820));
#1820 = ORIENTED_EDGE('',*,*,#1821,.F.);
#1821 = EDGE_CURVE('',#1822,#1822,#1824,.T.);
#1822 = VERTEX_POINT('',#1823);
#1823 = CARTESIAN_POINT('',(2.25,3.75,5.9));
#1824 = CIRCLE('',#1825,1.);
#1825 = AXIS2_PLACEMENT_3D('',#1826,#1827,#1828);
#1826 = CARTESIAN_POINT('',(1.25,3.75,5.9));
#1827 = DIRECTION('',(0.,0.,1.));
#1828 = DIRECTION('',(1.,0.,0.));
#1829 = FACE_BOUND('',#1830,.T.);
#1830 = EDGE_LOOP('',(#1831));
#1831 = ORIENTED_EDGE('',*,*,#1832,.F.);
#1832 = EDGE_CURVE('',#1833,#1833,#1835,.T.);
#1833 = VERTEX_POINT('',#1834);
#1834 = CARTESIAN_POINT('',(4.75,3.75,5.9));
#1835 = CIRCLE('',#1836,1.);
#1836 = AXIS2_PLACEMENT_3D('',#1837,#1838,#1839);
#1837 = CARTESIAN_POINT('',(3.75,3.75,5.9));
#1838 = DIRECTION('',(0.,0.,1.));
#1839 = DIRECTION('',(1.,0.,0.));
#1840 = FACE_BOUND('',#1841,.T.);
#1841 = EDGE_LOOP('',(#1842));
#1842 = ORIENTED_EDGE('',*,*,#1843,.F.);
#1843 = EDGE_CURVE('',#1844,#1844,#1846,.T.);
#1844 = VERTEX_POINT('',#1845);
#1845 = CARTESIAN_POINT('',(7.25,1.25,5.9));
#1846 = CIRCLE('',#1847,1.);
#1847 = AXIS2_PLACEMENT_3D('',#1848,#1849,#1850);
#1848 = CARTESIAN_POINT('',(6.25,1.25,5.9));
#1849 = DIRECTION('',(0.,0.,1.));
#1850 = DIRECTION('',(1.,0.,0.));
#1851 = FACE_BOUND('',#1852,.T.);
#1852 = EDGE_LOOP('',(#1853));
#1853 = ORIENTED_EDGE('',*,*,#1854,.F.);
#1854 = EDGE_CURVE('',#1855,#1855,#1857,.T.);
#1855 = VERTEX_POINT('',#1856);
#1856 = CARTESIAN_POINT('',(9.75,1.25,5.9));
#1857 = CIRCLE('',#1858,1.);
#1858 = AXIS2_PLACEMENT_3D('',#1859,#1860,#1861);
#1859 = CARTESIAN_POINT('',(8.75,1.25,5.9));
#1860 = DIRECTION('',(0.,0.,1.));
#1861 = DIRECTION('',(1.,0.,0.));
#1862 = FACE_BOUND('',#1863,.T.);
#1863 = EDGE_LOOP('',(#1864));
#1864 = ORIENTED_EDGE('',*,*,#1865,.F.);
#1865 = EDGE_CURVE('',#1866,#1866,#1868,.T.);
#1866 = VERTEX_POINT('',#1867);
#1867 = CARTESIAN_POINT('',(7.25,3.75,5.9));
#1868 = CIRCLE('',#1869,1.);
#1869 = AXIS2_PLACEMENT_3D('',#1870,#1871,#1872);
#1870 = CARTESIAN_POINT('',(6.25,3.75,5.9));
#1871 = DIRECTION('',(0.,0.,1.));
#1872 = DIRECTION('',(1.,0.,0.));
#1873 = FACE_BOUND('',#1874,.T.);
#1874 = EDGE_LOOP('',(#1875));
#1875 = ORIENTED_EDGE('',*,*,#1876,.F.);
#1876 = EDGE_CURVE('',#1877,#1877,#1879,.T.);
#1877 = VERTEX_POINT('',#1878);
#1878 = CARTESIAN_POINT('',(9.75,3.75,5.9));
#1879 = CIRCLE('',#1880,1.);
#1880 = AXIS2_PLACEMENT_3D('',#1881,#1882,#1883);
#1881 = CARTESIAN_POINT('',(8.75,3.75,5.9));
#1882 = DIRECTION('',(0.,0.,1.));
#1883 = DIRECTION('',(1.,0.,0.));
#1884 = FACE_BOUND('',#1885,.T.);
#1885 = EDGE_LOOP('',(#1886));
#1886 = ORIENTED_EDGE('',*,*,#1887,.F.);
#1887 = EDGE_CURVE('',#1888,#1888,#1890,.T.);
#1888 = VERTEX_POINT('',#1889);
#1889 = CARTESIAN_POINT('',(2.25,6.25,5.9));
#1890 = CIRCLE('',#1891,1.);
#1891 = AXIS2_PLACEMENT_3D('',#1892,#1893,#1894);
#1892 = CARTESIAN_POINT('',(1.25,6.25,5.9));
#1893 = DIRECTION('',(0.,0.,1.));
#1894 = DIRECTION('',(1.,0.,0.));
#1895 = FACE_BOUND('',#1896,.T.);
#1896 = EDGE_LOOP('',(#1897));
#1897 = ORIENTED_EDGE('',*,*,#1898,.F.);
#1898 = EDGE_CURVE('',#1899,#1899,#1901,.T.);
#1899 = VERTEX_POINT('',#1900);
#1900 = CARTESIAN_POINT('',(4.75,6.25,5.9));
#1901 = CIRCLE('',#1902,1.);
#1902 = AXIS2_PLACEMENT_3D('',#1903,#1904,#1905);
#1903 = CARTESIAN_POINT('',(3.75,6.25,5.9));
#1904 = DIRECTION('',(0.,0.,1.));
#1905 = DIRECTION('',(1.,0.,0.));
#1906 = FACE_BOUND('',#1907,.T.);
#1907 = EDGE_LOOP('',(#1908));
#1908 = ORIENTED_EDGE('',*,*,#1909,.F.);
#1909 = EDGE_CURVE('',#1910,#1910,#1912,.T.);
#1910 = VERTEX_POINT('',#1911);
#1911 = CARTESIAN_POINT('',(2.25,8.75,5.9));
#1912 = CIRCLE('',#1913,1.);
#1913 = AXIS2_PLACEMENT_3D('',#1914,#1915,#1916);
#1914 = CARTESIAN_POINT('',(1.25,8.75,5.9));
#1915 = DIRECTION('',(0.,0.,1.));
#1916 = DIRECTION('',(1.,0.,0.));
#1917 = FACE_BOUND('',#1918,.T.);
#1918 = EDGE_LOOP('',(#1919));
#1919 = ORIENTED_EDGE('',*,*,#1920,.F.);
#1920 = EDGE_CURVE('',#1921,#1921,#1923,.T.);
#1921 = VERTEX_POINT('',#1922);
#1922 = CARTESIAN_POINT('',(4.75,8.75,5.9));
#1923 = CIRCLE('',#1924,1.);
#1924 = AXIS2_PLACEMENT_3D('',#1925,#1926,#1927);
#1925 = CARTESIAN_POINT('',(3.75,8.75,5.9));
#1926 = DIRECTION('',(0.,0.,1.));
#1927 = DIRECTION('',(1.,0.,0.));
#1928 = FACE_BOUND('',#1929,.T.);
#1929 = EDGE_LOOP('',(#1930));
#1930 = ORIENTED_EDGE('',*,*,#1931,.F.);
#1931 = EDGE_CURVE('',#1932,#1932,#1934,.T.);
#1932 = VERTEX_POINT('',#1933);
#1933 = CARTESIAN_POINT('',(7.25,6.25,5.9));
#1934 = CIRCLE('',#1935,1.);
#1935 = AXIS2_PLACEMENT_3D('',#1936,#1937,#1938);
#1936 = CARTESIAN_POINT('',(6.25,6.25,5.9));
#1937 = DIRECTION('',(0.,0.,1.));
#1938 = DIRECTION('',(1.,0.,0.));
#1939 = FACE_BOUND('',#1940,.T.);
#1940 = EDGE_LOOP('',(#1941));
#1941 = ORIENTED_EDGE('',*,*,#1942,.F.);
#1942 = EDGE_CURVE('',#1943,#1943,#1945,.T.);
#1943 = VERTEX_POINT('',#1944);
#1944 = CARTESIAN_POINT('',(9.75,6.25,5.9));
#1945 = CIRCLE('',#1946,1.);
#1946 = AXIS2_PLACEMENT_3D('',#1947,#1948,#1949);
#1947 = CARTESIAN_POINT('',(8.75,6.25,5.9));
#1948 = DIRECTION('',(0.,0.,1.));
#1949 = DIRECTION('',(1.,0.,0.));
#1950 = FACE_BOUND('',#1951,.T.);
#1951 = EDGE_LOOP('',(#1952));
#1952 = ORIENTED_EDGE('',*,*,#1953,.F.);
#1953 = EDGE_CURVE('',#1954,#1954,#1956,.T.);
#1954 = VERTEX_POINT('',#1955);
#1955 = CARTESIAN_POINT('',(7.25,8.75,5.9));
#1956 = CIRCLE('',#1957,1.);
#1957 = AXIS2_PLACEMENT_3D('',#1958,#1959,#1960);
#1958 = CARTESIAN_POINT('',(6.25,8.75,5.9));
#1959 = DIRECTION('',(0.,0.,1.));
#1960 = DIRECTION('',(1.,0.,0.));
#1961 = FACE_BOUND('',#1962,.T.);
#1962 = EDGE_LOOP('',(#1963));
#1963 = ORIENTED_EDGE('',*,*,#1964,.F.);
#1964 = EDGE_CURVE('',#1965,#1965,#1967,.T.);
#1965 = VERTEX_POINT('',#1966);
#1966 = CARTESIAN_POINT('',(9.75,8.75,5.9));
#1967 = CIRCLE('',#1968,1.);
#1968 = AXIS2_PLACEMENT_3D('',#1969,#1970,#1971);
#1969 = CARTESIAN_POINT('',(8.75,8.75,5.9));
#1970 = DIRECTION('',(0.,0.,1.));
#1971 = DIRECTION('',(1.,0.,0.));
#1972 = PLANE('',#1973);
#1973 = AXIS2_PLACEMENT_3D('',#1974,#1975,#1976);
#1974 = CARTESIAN_POINT('',(0.,0.,5.9));
#1975 = DIRECTION('',(0.,0.,1.));
#1976 = DIRECTION('',(1.,0.,0.));
#1977 = ADVANCED_FACE('',(#1978),#1984,.F.);
#1978 = FACE_BOUND('',#1979,.F.);
#1979 = EDGE_LOOP('',(#1980,#1981,#1982,#1983));
#1980 = ORIENTED_EDGE('',*,*,#101,.T.);
#1981 = ORIENTED_EDGE('',*,*,#1262,.T.);
#1982 = ORIENTED_EDGE('',*,*,#61,.F.);
#1983 = ORIENTED_EDGE('',*,*,#125,.F.);
#1984 = PLANE('',#1985);
#1985 = AXIS2_PLACEMENT_3D('',#1986,#1987,#1988);
#1986 = CARTESIAN_POINT('',(10.1,10.1,0.));
#1987 = DIRECTION('',(0.,-1.,0.));
#1988 = DIRECTION('',(-1.,0.,0.));
#1989 = ADVANCED_FACE('',(#1990),#2015,.T.);
#1990 = FACE_BOUND('',#1991,.T.);
#1991 = EDGE_LOOP('',(#1992,#2000,#2008,#2014));
#1992 = ORIENTED_EDGE('',*,*,#1993,.T.);
#1993 = EDGE_CURVE('',#135,#1994,#1996,.T.);
#1994 = VERTEX_POINT('',#1995);
#1995 = CARTESIAN_POINT('',(-7.65,-9.,-7.1));
#1996 = LINE('',#1997,#1998);
#1997 = CARTESIAN_POINT('',(-7.65,-9.,0.));
#1998 = VECTOR('',#1999,1.);
#1999 = DIRECTION('',(-0.,-0.,-1.));
#2000 = ORIENTED_EDGE('',*,*,#2001,.T.);
#2001 = EDGE_CURVE('',#1994,#2002,#2004,.T.);
#2002 = VERTEX_POINT('',#2003);
#2003 = CARTESIAN_POINT('',(-7.35,-9.,-7.1));
#2004 = LINE('',#2005,#2006);
#2005 = CARTESIAN_POINT('',(-7.65,-9.,-7.1));
#2006 = VECTOR('',#2007,1.);
#2007 = DIRECTION('',(1.,0.,0.));
#2008 = ORIENTED_EDGE('',*,*,#2009,.F.);
#2009 = EDGE_CURVE('',#137,#2002,#2010,.T.);
#2010 = LINE('',#2011,#2012);
#2011 = CARTESIAN_POINT('',(-7.35,-9.,0.));
#2012 = VECTOR('',#2013,1.);
#2013 = DIRECTION('',(-0.,-0.,-1.));
#2014 = ORIENTED_EDGE('',*,*,#134,.F.);
#2015 = PLANE('',#2016);
#2016 = AXIS2_PLACEMENT_3D('',#2017,#2018,#2019);
#2017 = CARTESIAN_POINT('',(-7.65,-9.,0.));
#2018 = DIRECTION('',(0.,-1.,0.));
#2019 = DIRECTION('',(1.,0.,0.));
#2020 = ADVANCED_FACE('',(#2021),#2040,.T.);
#2021 = FACE_BOUND('',#2022,.T.);
#2022 = EDGE_LOOP('',(#2023,#2031,#2038,#2039));
#2023 = ORIENTED_EDGE('',*,*,#2024,.T.);
#2024 = EDGE_CURVE('',#145,#2025,#2027,.T.);
#2025 = VERTEX_POINT('',#2026);
#2026 = CARTESIAN_POINT('',(-7.75,-8.9,-7.1));
#2027 = LINE('',#2028,#2029);
#2028 = CARTESIAN_POINT('',(-7.75,-8.9,0.));
#2029 = VECTOR('',#2030,1.);
#2030 = DIRECTION('',(-0.,-0.,-1.));
#2031 = ORIENTED_EDGE('',*,*,#2032,.T.);
#2032 = EDGE_CURVE('',#2025,#1994,#2033,.T.);
#2033 = CIRCLE('',#2034,0.1);
#2034 = AXIS2_PLACEMENT_3D('',#2035,#2036,#2037);
#2035 = CARTESIAN_POINT('',(-7.65,-8.9,-7.1));
#2036 = DIRECTION('',(0.,0.,1.));
#2037 = DIRECTION('',(1.,0.,0.));
#2038 = ORIENTED_EDGE('',*,*,#1993,.F.);
#2039 = ORIENTED_EDGE('',*,*,#144,.F.);
#2040 = CYLINDRICAL_SURFACE('',#2041,0.1);
#2041 = AXIS2_PLACEMENT_3D('',#2042,#2043,#2044);
#2042 = CARTESIAN_POINT('',(-7.65,-8.9,0.));
#2043 = DIRECTION('',(0.,0.,1.));
#2044 = DIRECTION('',(1.,0.,0.));
#2045 = ADVANCED_FACE('',(#2046),#2065,.T.);
#2046 = FACE_BOUND('',#2047,.T.);
#2047 = EDGE_LOOP('',(#2048,#2049,#2058,#2064));
#2048 = ORIENTED_EDGE('',*,*,#2009,.T.);
#2049 = ORIENTED_EDGE('',*,*,#2050,.T.);
#2050 = EDGE_CURVE('',#2002,#2051,#2053,.T.);
#2051 = VERTEX_POINT('',#2052);
#2052 = CARTESIAN_POINT('',(-7.25,-8.9,-7.1));
#2053 = CIRCLE('',#2054,0.1);
#2054 = AXIS2_PLACEMENT_3D('',#2055,#2056,#2057);
#2055 = CARTESIAN_POINT('',(-7.35,-8.9,-7.1));
#2056 = DIRECTION('',(0.,0.,1.));
#2057 = DIRECTION('',(1.,0.,0.));
#2058 = ORIENTED_EDGE('',*,*,#2059,.F.);
#2059 = EDGE_CURVE('',#188,#2051,#2060,.T.);
#2060 = LINE('',#2061,#2062);
#2061 = CARTESIAN_POINT('',(-7.25,-8.9,0.));
#2062 = VECTOR('',#2063,1.);
#2063 = DIRECTION('',(-0.,-0.,-1.));
#2064 = ORIENTED_EDGE('',*,*,#195,.F.);
#2065 = CYLINDRICAL_SURFACE('',#2066,0.1);
#2066 = AXIS2_PLACEMENT_3D('',#2067,#2068,#2069);
#2067 = CARTESIAN_POINT('',(-7.35,-8.9,0.));
#2068 = DIRECTION('',(0.,0.,1.));
#2069 = DIRECTION('',(1.,0.,0.));
#2070 = ADVANCED_FACE('',(#2071),#2089,.T.);
#2071 = FACE_BOUND('',#2072,.T.);
#2072 = EDGE_LOOP('',(#2073,#2081,#2087,#2088));
#2073 = ORIENTED_EDGE('',*,*,#2074,.T.);
#2074 = EDGE_CURVE('',#154,#2075,#2077,.T.);
#2075 = VERTEX_POINT('',#2076);
#2076 = CARTESIAN_POINT('',(-7.75,-8.6,-7.1));
#2077 = LINE('',#2078,#2079);
#2078 = CARTESIAN_POINT('',(-7.75,-8.6,0.));
#2079 = VECTOR('',#2080,1.);
#2080 = DIRECTION('',(-0.,-0.,-1.));
#2081 = ORIENTED_EDGE('',*,*,#2082,.T.);
#2082 = EDGE_CURVE('',#2075,#2025,#2083,.T.);
#2083 = LINE('',#2084,#2085);
#2084 = CARTESIAN_POINT('',(-7.75,-8.6,-7.1));
#2085 = VECTOR('',#2086,1.);
#2086 = DIRECTION('',(0.,-1.,0.));
#2087 = ORIENTED_EDGE('',*,*,#2024,.F.);
#2088 = ORIENTED_EDGE('',*,*,#153,.F.);
#2089 = PLANE('',#2090);
#2090 = AXIS2_PLACEMENT_3D('',#2091,#2092,#2093);
#2091 = CARTESIAN_POINT('',(-7.75,-8.6,0.));
#2092 = DIRECTION('',(-1.,0.,0.));
#2093 = DIRECTION('',(0.,-1.,0.));
#2094 = ADVANCED_FACE('',(#2095),#2113,.T.);
#2095 = FACE_BOUND('',#2096,.T.);
#2096 = EDGE_LOOP('',(#2097,#2098,#2106,#2112));
#2097 = ORIENTED_EDGE('',*,*,#2059,.T.);
#2098 = ORIENTED_EDGE('',*,*,#2099,.T.);
#2099 = EDGE_CURVE('',#2051,#2100,#2102,.T.);
#2100 = VERTEX_POINT('',#2101);
#2101 = CARTESIAN_POINT('',(-7.25,-8.6,-7.1));
#2102 = LINE('',#2103,#2104);
#2103 = CARTESIAN_POINT('',(-7.25,-8.9,-7.1));
#2104 = VECTOR('',#2105,1.);
#2105 = DIRECTION('',(0.,1.,0.));
#2106 = ORIENTED_EDGE('',*,*,#2107,.F.);
#2107 = EDGE_CURVE('',#179,#2100,#2108,.T.);
#2108 = LINE('',#2109,#2110);
#2109 = CARTESIAN_POINT('',(-7.25,-8.6,0.));
#2110 = VECTOR('',#2111,1.);
#2111 = DIRECTION('',(-0.,-0.,-1.));
#2112 = ORIENTED_EDGE('',*,*,#187,.F.);
#2113 = PLANE('',#2114);
#2114 = AXIS2_PLACEMENT_3D('',#2115,#2116,#2117);
#2115 = CARTESIAN_POINT('',(-7.25,-8.9,0.));
#2116 = DIRECTION('',(1.,0.,0.));
#2117 = DIRECTION('',(0.,1.,0.));
#2118 = ADVANCED_FACE('',(#2119),#2138,.T.);
#2119 = FACE_BOUND('',#2120,.T.);
#2120 = EDGE_LOOP('',(#2121,#2129,#2136,#2137));
#2121 = ORIENTED_EDGE('',*,*,#2122,.T.);
#2122 = EDGE_CURVE('',#162,#2123,#2125,.T.);
#2123 = VERTEX_POINT('',#2124);
#2124 = CARTESIAN_POINT('',(-7.65,-8.5,-7.1));
#2125 = LINE('',#2126,#2127);
#2126 = CARTESIAN_POINT('',(-7.65,-8.5,0.));
#2127 = VECTOR('',#2128,1.);
#2128 = DIRECTION('',(-0.,-0.,-1.));
#2129 = ORIENTED_EDGE('',*,*,#2130,.T.);
#2130 = EDGE_CURVE('',#2123,#2075,#2131,.T.);
#2131 = CIRCLE('',#2132,0.1);
#2132 = AXIS2_PLACEMENT_3D('',#2133,#2134,#2135);
#2133 = CARTESIAN_POINT('',(-7.65,-8.6,-7.1));
#2134 = DIRECTION('',(0.,0.,1.));
#2135 = DIRECTION('',(1.,0.,0.));
#2136 = ORIENTED_EDGE('',*,*,#2074,.F.);
#2137 = ORIENTED_EDGE('',*,*,#161,.F.);
#2138 = CYLINDRICAL_SURFACE('',#2139,0.1);
#2139 = AXIS2_PLACEMENT_3D('',#2140,#2141,#2142);
#2140 = CARTESIAN_POINT('',(-7.65,-8.6,0.));
#2141 = DIRECTION('',(0.,0.,1.));
#2142 = DIRECTION('',(1.,0.,0.));
#2143 = ADVANCED_FACE('',(#2144),#2163,.T.);
#2144 = FACE_BOUND('',#2145,.T.);
#2145 = EDGE_LOOP('',(#2146,#2147,#2156,#2162));
#2146 = ORIENTED_EDGE('',*,*,#2107,.T.);
#2147 = ORIENTED_EDGE('',*,*,#2148,.T.);
#2148 = EDGE_CURVE('',#2100,#2149,#2151,.T.);
#2149 = VERTEX_POINT('',#2150);
#2150 = CARTESIAN_POINT('',(-7.35,-8.5,-7.1));
#2151 = CIRCLE('',#2152,0.1);
#2152 = AXIS2_PLACEMENT_3D('',#2153,#2154,#2155);
#2153 = CARTESIAN_POINT('',(-7.35,-8.6,-7.1));
#2154 = DIRECTION('',(0.,0.,1.));
#2155 = DIRECTION('',(1.,0.,0.));
#2156 = ORIENTED_EDGE('',*,*,#2157,.F.);
#2157 = EDGE_CURVE('',#171,#2149,#2158,.T.);
#2158 = LINE('',#2159,#2160);
#2159 = CARTESIAN_POINT('',(-7.35,-8.5,0.));
#2160 = VECTOR('',#2161,1.);
#2161 = DIRECTION('',(-0.,-0.,-1.));
#2162 = ORIENTED_EDGE('',*,*,#178,.F.);
#2163 = CYLINDRICAL_SURFACE('',#2164,0.1);
#2164 = AXIS2_PLACEMENT_3D('',#2165,#2166,#2167);
#2165 = CARTESIAN_POINT('',(-7.35,-8.6,0.));
#2166 = DIRECTION('',(0.,0.,1.));
#2167 = DIRECTION('',(1.,0.,0.));
#2168 = ADVANCED_FACE('',(#2169),#2180,.T.);
#2169 = FACE_BOUND('',#2170,.T.);
#2170 = EDGE_LOOP('',(#2171,#2172,#2178,#2179));
#2171 = ORIENTED_EDGE('',*,*,#2157,.T.);
#2172 = ORIENTED_EDGE('',*,*,#2173,.T.);
#2173 = EDGE_CURVE('',#2149,#2123,#2174,.T.);
#2174 = LINE('',#2175,#2176);
#2175 = CARTESIAN_POINT('',(-7.35,-8.5,-7.1));
#2176 = VECTOR('',#2177,1.);
#2177 = DIRECTION('',(-1.,0.,0.));
#2178 = ORIENTED_EDGE('',*,*,#2122,.F.);
#2179 = ORIENTED_EDGE('',*,*,#170,.F.);
#2180 = PLANE('',#2181);
#2181 = AXIS2_PLACEMENT_3D('',#2182,#2183,#2184);
#2182 = CARTESIAN_POINT('',(-7.35,-8.5,0.));
#2183 = DIRECTION('',(0.,1.,0.));
#2184 = DIRECTION('',(-1.,0.,0.));
#2185 = ADVANCED_FACE('',(#2186),#2211,.T.);
#2186 = FACE_BOUND('',#2187,.T.);
#2187 = EDGE_LOOP('',(#2188,#2196,#2204,#2210));
#2188 = ORIENTED_EDGE('',*,*,#2189,.T.);
#2189 = EDGE_CURVE('',#205,#2190,#2192,.T.);
#2190 = VERTEX_POINT('',#2191);
#2191 = CARTESIAN_POINT('',(-7.65,-6.46,-7.1));
#2192 = LINE('',#2193,#2194);
#2193 = CARTESIAN_POINT('',(-7.65,-6.46,-2.819966482548E-16));
#2194 = VECTOR('',#2195,1.);
#2195 = DIRECTION('',(-0.,-0.,-1.));
#2196 = ORIENTED_EDGE('',*,*,#2197,.T.);
#2197 = EDGE_CURVE('',#2190,#2198,#2200,.T.);
#2198 = VERTEX_POINT('',#2199);
#2199 = CARTESIAN_POINT('',(-7.35,-6.46,-7.1));
#2200 = LINE('',#2201,#2202);
#2201 = CARTESIAN_POINT('',(-7.65,-6.46,-7.1));
#2202 = VECTOR('',#2203,1.);
#2203 = DIRECTION('',(1.,0.,0.));
#2204 = ORIENTED_EDGE('',*,*,#2205,.F.);
#2205 = EDGE_CURVE('',#207,#2198,#2206,.T.);
#2206 = LINE('',#2207,#2208);
#2207 = CARTESIAN_POINT('',(-7.35,-6.46,-2.819966482548E-16));
#2208 = VECTOR('',#2209,1.);
#2209 = DIRECTION('',(-0.,-0.,-1.));
#2210 = ORIENTED_EDGE('',*,*,#204,.F.);
#2211 = PLANE('',#2212);
#2212 = AXIS2_PLACEMENT_3D('',#2213,#2214,#2215);
#2213 = CARTESIAN_POINT('',(-7.65,-6.46,-2.819966482548E-16));
#2214 = DIRECTION('',(0.,-1.,0.));
#2215 = DIRECTION('',(1.,0.,0.));
#2216 = ADVANCED_FACE('',(#2217),#2236,.T.);
#2217 = FACE_BOUND('',#2218,.T.);
#2218 = EDGE_LOOP('',(#2219,#2220,#2229,#2235));
#2219 = ORIENTED_EDGE('',*,*,#2205,.T.);
#2220 = ORIENTED_EDGE('',*,*,#2221,.T.);
#2221 = EDGE_CURVE('',#2198,#2222,#2224,.T.);
#2222 = VERTEX_POINT('',#2223);
#2223 = CARTESIAN_POINT('',(-7.25,-6.36,-7.1));
#2224 = CIRCLE('',#2225,0.1);
#2225 = AXIS2_PLACEMENT_3D('',#2226,#2227,#2228);
#2226 = CARTESIAN_POINT('',(-7.35,-6.36,-7.1));
#2227 = DIRECTION('',(0.,0.,1.));
#2228 = DIRECTION('',(1.,0.,0.));
#2229 = ORIENTED_EDGE('',*,*,#2230,.F.);
#2230 = EDGE_CURVE('',#258,#2222,#2231,.T.);
#2231 = LINE('',#2232,#2233);
#2232 = CARTESIAN_POINT('',(-7.25,-6.36,-2.819966482548E-16));
#2233 = VECTOR('',#2234,1.);
#2234 = DIRECTION('',(-0.,-0.,-1.));
#2235 = ORIENTED_EDGE('',*,*,#265,.F.);
#2236 = CYLINDRICAL_SURFACE('',#2237,0.1);
#2237 = AXIS2_PLACEMENT_3D('',#2238,#2239,#2240);
#2238 = CARTESIAN_POINT('',(-7.35,-6.36,-2.819966482548E-16));
#2239 = DIRECTION('',(0.,0.,1.));
#2240 = DIRECTION('',(1.,0.,0.));
#2241 = ADVANCED_FACE('',(#2242),#2260,.T.);
#2242 = FACE_BOUND('',#2243,.T.);
#2243 = EDGE_LOOP('',(#2244,#2245,#2253,#2259));
#2244 = ORIENTED_EDGE('',*,*,#2230,.T.);
#2245 = ORIENTED_EDGE('',*,*,#2246,.T.);
#2246 = EDGE_CURVE('',#2222,#2247,#2249,.T.);
#2247 = VERTEX_POINT('',#2248);
#2248 = CARTESIAN_POINT('',(-7.25,-6.06,-7.1));
#2249 = LINE('',#2250,#2251);
#2250 = CARTESIAN_POINT('',(-7.25,-6.36,-7.1));
#2251 = VECTOR('',#2252,1.);
#2252 = DIRECTION('',(0.,1.,0.));
#2253 = ORIENTED_EDGE('',*,*,#2254,.F.);
#2254 = EDGE_CURVE('',#249,#2247,#2255,.T.);
#2255 = LINE('',#2256,#2257);
#2256 = CARTESIAN_POINT('',(-7.25,-6.06,-2.819966482548E-16));
#2257 = VECTOR('',#2258,1.);
#2258 = DIRECTION('',(-0.,-0.,-1.));
#2259 = ORIENTED_EDGE('',*,*,#257,.F.);
#2260 = PLANE('',#2261);
#2261 = AXIS2_PLACEMENT_3D('',#2262,#2263,#2264);
#2262 = CARTESIAN_POINT('',(-7.25,-6.36,-2.819966482548E-16));
#2263 = DIRECTION('',(1.,0.,0.));
#2264 = DIRECTION('',(0.,1.,0.));
#2265 = ADVANCED_FACE('',(#2266),#2285,.T.);
#2266 = FACE_BOUND('',#2267,.T.);
#2267 = EDGE_LOOP('',(#2268,#2269,#2278,#2284));
#2268 = ORIENTED_EDGE('',*,*,#2254,.T.);
#2269 = ORIENTED_EDGE('',*,*,#2270,.T.);
#2270 = EDGE_CURVE('',#2247,#2271,#2273,.T.);
#2271 = VERTEX_POINT('',#2272);
#2272 = CARTESIAN_POINT('',(-7.35,-5.96,-7.1));
#2273 = CIRCLE('',#2274,0.1);
#2274 = AXIS2_PLACEMENT_3D('',#2275,#2276,#2277);
#2275 = CARTESIAN_POINT('',(-7.35,-6.06,-7.1));
#2276 = DIRECTION('',(0.,0.,1.));
#2277 = DIRECTION('',(1.,0.,0.));
#2278 = ORIENTED_EDGE('',*,*,#2279,.F.);
#2279 = EDGE_CURVE('',#241,#2271,#2280,.T.);
#2280 = LINE('',#2281,#2282);
#2281 = CARTESIAN_POINT('',(-7.35,-5.96,-2.819966482548E-16));
#2282 = VECTOR('',#2283,1.);
#2283 = DIRECTION('',(-0.,-0.,-1.));
#2284 = ORIENTED_EDGE('',*,*,#248,.F.);
#2285 = CYLINDRICAL_SURFACE('',#2286,0.1);
#2286 = AXIS2_PLACEMENT_3D('',#2287,#2288,#2289);
#2287 = CARTESIAN_POINT('',(-7.35,-6.06,-2.819966482548E-16));
#2288 = DIRECTION('',(0.,0.,1.));
#2289 = DIRECTION('',(1.,0.,0.));
#2290 = ADVANCED_FACE('',(#2291),#2309,.T.);
#2291 = FACE_BOUND('',#2292,.T.);
#2292 = EDGE_LOOP('',(#2293,#2294,#2302,#2308));
#2293 = ORIENTED_EDGE('',*,*,#2279,.T.);
#2294 = ORIENTED_EDGE('',*,*,#2295,.T.);
#2295 = EDGE_CURVE('',#2271,#2296,#2298,.T.);
#2296 = VERTEX_POINT('',#2297);
#2297 = CARTESIAN_POINT('',(-7.65,-5.96,-7.1));
#2298 = LINE('',#2299,#2300);
#2299 = CARTESIAN_POINT('',(-7.35,-5.96,-7.1));
#2300 = VECTOR('',#2301,1.);
#2301 = DIRECTION('',(-1.,0.,0.));
#2302 = ORIENTED_EDGE('',*,*,#2303,.F.);
#2303 = EDGE_CURVE('',#232,#2296,#2304,.T.);
#2304 = LINE('',#2305,#2306);
#2305 = CARTESIAN_POINT('',(-7.65,-5.96,-2.819966482548E-16));
#2306 = VECTOR('',#2307,1.);
#2307 = DIRECTION('',(-0.,-0.,-1.));
#2308 = ORIENTED_EDGE('',*,*,#240,.F.);
#2309 = PLANE('',#2310);
#2310 = AXIS2_PLACEMENT_3D('',#2311,#2312,#2313);
#2311 = CARTESIAN_POINT('',(-7.35,-5.96,-2.819966482548E-16));
#2312 = DIRECTION('',(0.,1.,0.));
#2313 = DIRECTION('',(-1.,0.,0.));
#2314 = ADVANCED_FACE('',(#2315),#2334,.T.);
#2315 = FACE_BOUND('',#2316,.T.);
#2316 = EDGE_LOOP('',(#2317,#2318,#2327,#2333));
#2317 = ORIENTED_EDGE('',*,*,#2303,.T.);
#2318 = ORIENTED_EDGE('',*,*,#2319,.T.);
#2319 = EDGE_CURVE('',#2296,#2320,#2322,.T.);
#2320 = VERTEX_POINT('',#2321);
#2321 = CARTESIAN_POINT('',(-7.75,-6.06,-7.1));
#2322 = CIRCLE('',#2323,0.1);
#2323 = AXIS2_PLACEMENT_3D('',#2324,#2325,#2326);
#2324 = CARTESIAN_POINT('',(-7.65,-6.06,-7.1));
#2325 = DIRECTION('',(0.,0.,1.));
#2326 = DIRECTION('',(1.,0.,0.));
#2327 = ORIENTED_EDGE('',*,*,#2328,.F.);
#2328 = EDGE_CURVE('',#224,#2320,#2329,.T.);
#2329 = LINE('',#2330,#2331);
#2330 = CARTESIAN_POINT('',(-7.75,-6.06,-2.819966482548E-16));
#2331 = VECTOR('',#2332,1.);
#2332 = DIRECTION('',(-0.,-0.,-1.));
#2333 = ORIENTED_EDGE('',*,*,#231,.F.);
#2334 = CYLINDRICAL_SURFACE('',#2335,0.1);
#2335 = AXIS2_PLACEMENT_3D('',#2336,#2337,#2338);
#2336 = CARTESIAN_POINT('',(-7.65,-6.06,-2.819966482548E-16));
#2337 = DIRECTION('',(0.,0.,1.));
#2338 = DIRECTION('',(1.,0.,0.));
#2339 = ADVANCED_FACE('',(#2340),#2358,.T.);
#2340 = FACE_BOUND('',#2341,.T.);
#2341 = EDGE_LOOP('',(#2342,#2343,#2351,#2357));
#2342 = ORIENTED_EDGE('',*,*,#2328,.T.);
#2343 = ORIENTED_EDGE('',*,*,#2344,.T.);
#2344 = EDGE_CURVE('',#2320,#2345,#2347,.T.);
#2345 = VERTEX_POINT('',#2346);
#2346 = CARTESIAN_POINT('',(-7.75,-6.36,-7.1));
#2347 = LINE('',#2348,#2349);
#2348 = CARTESIAN_POINT('',(-7.75,-6.06,-7.1));
#2349 = VECTOR('',#2350,1.);
#2350 = DIRECTION('',(0.,-1.,0.));
#2351 = ORIENTED_EDGE('',*,*,#2352,.F.);
#2352 = EDGE_CURVE('',#215,#2345,#2353,.T.);
#2353 = LINE('',#2354,#2355);
#2354 = CARTESIAN_POINT('',(-7.75,-6.36,-2.819966482548E-16));
#2355 = VECTOR('',#2356,1.);
#2356 = DIRECTION('',(-0.,-0.,-1.));
#2357 = ORIENTED_EDGE('',*,*,#223,.F.);
#2358 = PLANE('',#2359);
#2359 = AXIS2_PLACEMENT_3D('',#2360,#2361,#2362);
#2360 = CARTESIAN_POINT('',(-7.75,-6.06,-2.819966482548E-16));
#2361 = DIRECTION('',(-1.,0.,0.));
#2362 = DIRECTION('',(0.,-1.,0.));
#2363 = ADVANCED_FACE('',(#2364),#2376,.T.);
#2364 = FACE_BOUND('',#2365,.T.);
#2365 = EDGE_LOOP('',(#2366,#2367,#2374,#2375));
#2366 = ORIENTED_EDGE('',*,*,#2352,.T.);
#2367 = ORIENTED_EDGE('',*,*,#2368,.T.);
#2368 = EDGE_CURVE('',#2345,#2190,#2369,.T.);
#2369 = CIRCLE('',#2370,0.1);
#2370 = AXIS2_PLACEMENT_3D('',#2371,#2372,#2373);
#2371 = CARTESIAN_POINT('',(-7.65,-6.36,-7.1));
#2372 = DIRECTION('',(0.,0.,1.));
#2373 = DIRECTION('',(1.,0.,0.));
#2374 = ORIENTED_EDGE('',*,*,#2189,.F.);
#2375 = ORIENTED_EDGE('',*,*,#214,.F.);
#2376 = CYLINDRICAL_SURFACE('',#2377,0.1);
#2377 = AXIS2_PLACEMENT_3D('',#2378,#2379,#2380);
#2378 = CARTESIAN_POINT('',(-7.65,-6.36,-2.819966482548E-16));
#2379 = DIRECTION('',(0.,0.,1.));
#2380 = DIRECTION('',(1.,0.,0.));
#2381 = ADVANCED_FACE('',(#2382),#2407,.T.);
#2382 = FACE_BOUND('',#2383,.T.);
#2383 = EDGE_LOOP('',(#2384,#2392,#2400,#2406));
#2384 = ORIENTED_EDGE('',*,*,#2385,.T.);
#2385 = EDGE_CURVE('',#275,#2386,#2388,.T.);
#2386 = VERTEX_POINT('',#2387);
#2387 = CARTESIAN_POINT('',(-7.65,-3.92,-7.1));
#2388 = LINE('',#2389,#2390);
#2389 = CARTESIAN_POINT('',(-7.65,-3.92,-5.639932965096E-16));
#2390 = VECTOR('',#2391,1.);
#2391 = DIRECTION('',(-0.,-0.,-1.));
#2392 = ORIENTED_EDGE('',*,*,#2393,.T.);
#2393 = EDGE_CURVE('',#2386,#2394,#2396,.T.);
#2394 = VERTEX_POINT('',#2395);
#2395 = CARTESIAN_POINT('',(-7.35,-3.92,-7.1));
#2396 = LINE('',#2397,#2398);
#2397 = CARTESIAN_POINT('',(-7.65,-3.92,-7.1));
#2398 = VECTOR('',#2399,1.);
#2399 = DIRECTION('',(1.,0.,0.));
#2400 = ORIENTED_EDGE('',*,*,#2401,.F.);
#2401 = EDGE_CURVE('',#277,#2394,#2402,.T.);
#2402 = LINE('',#2403,#2404);
#2403 = CARTESIAN_POINT('',(-7.35,-3.92,-5.639932965096E-16));
#2404 = VECTOR('',#2405,1.);
#2405 = DIRECTION('',(-0.,-0.,-1.));
#2406 = ORIENTED_EDGE('',*,*,#274,.F.);
#2407 = PLANE('',#2408);
#2408 = AXIS2_PLACEMENT_3D('',#2409,#2410,#2411);
#2409 = CARTESIAN_POINT('',(-7.65,-3.92,-5.639932965096E-16));
#2410 = DIRECTION('',(0.,-1.,0.));
#2411 = DIRECTION('',(1.,0.,0.));
#2412 = ADVANCED_FACE('',(#2413),#2432,.T.);
#2413 = FACE_BOUND('',#2414,.T.);
#2414 = EDGE_LOOP('',(#2415,#2416,#2425,#2431));
#2415 = ORIENTED_EDGE('',*,*,#2401,.T.);
#2416 = ORIENTED_EDGE('',*,*,#2417,.T.);
#2417 = EDGE_CURVE('',#2394,#2418,#2420,.T.);
#2418 = VERTEX_POINT('',#2419);
#2419 = CARTESIAN_POINT('',(-7.25,-3.82,-7.1));
#2420 = CIRCLE('',#2421,0.1);
#2421 = AXIS2_PLACEMENT_3D('',#2422,#2423,#2424);
#2422 = CARTESIAN_POINT('',(-7.35,-3.82,-7.1));
#2423 = DIRECTION('',(0.,0.,1.));
#2424 = DIRECTION('',(1.,0.,0.));
#2425 = ORIENTED_EDGE('',*,*,#2426,.F.);
#2426 = EDGE_CURVE('',#328,#2418,#2427,.T.);
#2427 = LINE('',#2428,#2429);
#2428 = CARTESIAN_POINT('',(-7.25,-3.82,-5.639932965096E-16));
#2429 = VECTOR('',#2430,1.);
#2430 = DIRECTION('',(-0.,-0.,-1.));
#2431 = ORIENTED_EDGE('',*,*,#335,.F.);
#2432 = CYLINDRICAL_SURFACE('',#2433,0.1);
#2433 = AXIS2_PLACEMENT_3D('',#2434,#2435,#2436);
#2434 = CARTESIAN_POINT('',(-7.35,-3.82,-5.639932965096E-16));
#2435 = DIRECTION('',(0.,0.,1.));
#2436 = DIRECTION('',(1.,0.,0.));
#2437 = ADVANCED_FACE('',(#2438),#2456,.T.);
#2438 = FACE_BOUND('',#2439,.T.);
#2439 = EDGE_LOOP('',(#2440,#2441,#2449,#2455));
#2440 = ORIENTED_EDGE('',*,*,#2426,.T.);
#2441 = ORIENTED_EDGE('',*,*,#2442,.T.);
#2442 = EDGE_CURVE('',#2418,#2443,#2445,.T.);
#2443 = VERTEX_POINT('',#2444);
#2444 = CARTESIAN_POINT('',(-7.25,-3.52,-7.1));
#2445 = LINE('',#2446,#2447);
#2446 = CARTESIAN_POINT('',(-7.25,-3.82,-7.1));
#2447 = VECTOR('',#2448,1.);
#2448 = DIRECTION('',(0.,1.,0.));
#2449 = ORIENTED_EDGE('',*,*,#2450,.F.);
#2450 = EDGE_CURVE('',#319,#2443,#2451,.T.);
#2451 = LINE('',#2452,#2453);
#2452 = CARTESIAN_POINT('',(-7.25,-3.52,-5.639932965096E-16));
#2453 = VECTOR('',#2454,1.);
#2454 = DIRECTION('',(-0.,-0.,-1.));
#2455 = ORIENTED_EDGE('',*,*,#327,.F.);
#2456 = PLANE('',#2457);
#2457 = AXIS2_PLACEMENT_3D('',#2458,#2459,#2460);
#2458 = CARTESIAN_POINT('',(-7.25,-3.82,-5.639932965096E-16));
#2459 = DIRECTION('',(1.,0.,0.));
#2460 = DIRECTION('',(0.,1.,0.));
#2461 = ADVANCED_FACE('',(#2462),#2481,.T.);
#2462 = FACE_BOUND('',#2463,.T.);
#2463 = EDGE_LOOP('',(#2464,#2465,#2474,#2480));
#2464 = ORIENTED_EDGE('',*,*,#2450,.T.);
#2465 = ORIENTED_EDGE('',*,*,#2466,.T.);
#2466 = EDGE_CURVE('',#2443,#2467,#2469,.T.);
#2467 = VERTEX_POINT('',#2468);
#2468 = CARTESIAN_POINT('',(-7.35,-3.42,-7.1));
#2469 = CIRCLE('',#2470,0.1);
#2470 = AXIS2_PLACEMENT_3D('',#2471,#2472,#2473);
#2471 = CARTESIAN_POINT('',(-7.35,-3.52,-7.1));
#2472 = DIRECTION('',(0.,0.,1.));
#2473 = DIRECTION('',(1.,0.,0.));
#2474 = ORIENTED_EDGE('',*,*,#2475,.F.);
#2475 = EDGE_CURVE('',#311,#2467,#2476,.T.);
#2476 = LINE('',#2477,#2478);
#2477 = CARTESIAN_POINT('',(-7.35,-3.42,-5.639932965096E-16));
#2478 = VECTOR('',#2479,1.);
#2479 = DIRECTION('',(-0.,-0.,-1.));
#2480 = ORIENTED_EDGE('',*,*,#318,.F.);
#2481 = CYLINDRICAL_SURFACE('',#2482,0.1);
#2482 = AXIS2_PLACEMENT_3D('',#2483,#2484,#2485);
#2483 = CARTESIAN_POINT('',(-7.35,-3.52,-5.639932965096E-16));
#2484 = DIRECTION('',(0.,0.,1.));
#2485 = DIRECTION('',(1.,0.,0.));
#2486 = ADVANCED_FACE('',(#2487),#2505,.T.);
#2487 = FACE_BOUND('',#2488,.T.);
#2488 = EDGE_LOOP('',(#2489,#2490,#2498,#2504));
#2489 = ORIENTED_EDGE('',*,*,#2475,.T.);
#2490 = ORIENTED_EDGE('',*,*,#2491,.T.);
#2491 = EDGE_CURVE('',#2467,#2492,#2494,.T.);
#2492 = VERTEX_POINT('',#2493);
#2493 = CARTESIAN_POINT('',(-7.65,-3.42,-7.1));
#2494 = LINE('',#2495,#2496);
#2495 = CARTESIAN_POINT('',(-7.35,-3.42,-7.1));
#2496 = VECTOR('',#2497,1.);
#2497 = DIRECTION('',(-1.,0.,0.));
#2498 = ORIENTED_EDGE('',*,*,#2499,.F.);
#2499 = EDGE_CURVE('',#302,#2492,#2500,.T.);
#2500 = LINE('',#2501,#2502);
#2501 = CARTESIAN_POINT('',(-7.65,-3.42,-5.639932965096E-16));
#2502 = VECTOR('',#2503,1.);
#2503 = DIRECTION('',(-0.,-0.,-1.));
#2504 = ORIENTED_EDGE('',*,*,#310,.F.);
#2505 = PLANE('',#2506);
#2506 = AXIS2_PLACEMENT_3D('',#2507,#2508,#2509);
#2507 = CARTESIAN_POINT('',(-7.35,-3.42,-5.639932965096E-16));
#2508 = DIRECTION('',(0.,1.,0.));
#2509 = DIRECTION('',(-1.,0.,0.));
#2510 = ADVANCED_FACE('',(#2511),#2530,.T.);
#2511 = FACE_BOUND('',#2512,.T.);
#2512 = EDGE_LOOP('',(#2513,#2514,#2523,#2529));
#2513 = ORIENTED_EDGE('',*,*,#2499,.T.);
#2514 = ORIENTED_EDGE('',*,*,#2515,.T.);
#2515 = EDGE_CURVE('',#2492,#2516,#2518,.T.);
#2516 = VERTEX_POINT('',#2517);
#2517 = CARTESIAN_POINT('',(-7.75,-3.52,-7.1));
#2518 = CIRCLE('',#2519,0.1);
#2519 = AXIS2_PLACEMENT_3D('',#2520,#2521,#2522);
#2520 = CARTESIAN_POINT('',(-7.65,-3.52,-7.1));
#2521 = DIRECTION('',(0.,0.,1.));
#2522 = DIRECTION('',(1.,0.,0.));
#2523 = ORIENTED_EDGE('',*,*,#2524,.F.);
#2524 = EDGE_CURVE('',#294,#2516,#2525,.T.);
#2525 = LINE('',#2526,#2527);
#2526 = CARTESIAN_POINT('',(-7.75,-3.52,-5.639932965096E-16));
#2527 = VECTOR('',#2528,1.);
#2528 = DIRECTION('',(-0.,-0.,-1.));
#2529 = ORIENTED_EDGE('',*,*,#301,.F.);
#2530 = CYLINDRICAL_SURFACE('',#2531,0.1);
#2531 = AXIS2_PLACEMENT_3D('',#2532,#2533,#2534);
#2532 = CARTESIAN_POINT('',(-7.65,-3.52,-5.639932965096E-16));
#2533 = DIRECTION('',(0.,0.,1.));
#2534 = DIRECTION('',(1.,0.,0.));
#2535 = ADVANCED_FACE('',(#2536),#2554,.T.);
#2536 = FACE_BOUND('',#2537,.T.);
#2537 = EDGE_LOOP('',(#2538,#2539,#2547,#2553));
#2538 = ORIENTED_EDGE('',*,*,#2524,.T.);
#2539 = ORIENTED_EDGE('',*,*,#2540,.T.);
#2540 = EDGE_CURVE('',#2516,#2541,#2543,.T.);
#2541 = VERTEX_POINT('',#2542);
#2542 = CARTESIAN_POINT('',(-7.75,-3.82,-7.1));
#2543 = LINE('',#2544,#2545);
#2544 = CARTESIAN_POINT('',(-7.75,-3.52,-7.1));
#2545 = VECTOR('',#2546,1.);
#2546 = DIRECTION('',(0.,-1.,0.));
#2547 = ORIENTED_EDGE('',*,*,#2548,.F.);
#2548 = EDGE_CURVE('',#285,#2541,#2549,.T.);
#2549 = LINE('',#2550,#2551);
#2550 = CARTESIAN_POINT('',(-7.75,-3.82,-5.639932965096E-16));
#2551 = VECTOR('',#2552,1.);
#2552 = DIRECTION('',(-0.,-0.,-1.));
#2553 = ORIENTED_EDGE('',*,*,#293,.F.);
#2554 = PLANE('',#2555);
#2555 = AXIS2_PLACEMENT_3D('',#2556,#2557,#2558);
#2556 = CARTESIAN_POINT('',(-7.75,-3.52,-5.639932965096E-16));
#2557 = DIRECTION('',(-1.,0.,0.));
#2558 = DIRECTION('',(0.,-1.,0.));
#2559 = ADVANCED_FACE('',(#2560),#2572,.T.);
#2560 = FACE_BOUND('',#2561,.T.);
#2561 = EDGE_LOOP('',(#2562,#2563,#2570,#2571));
#2562 = ORIENTED_EDGE('',*,*,#2548,.T.);
#2563 = ORIENTED_EDGE('',*,*,#2564,.T.);
#2564 = EDGE_CURVE('',#2541,#2386,#2565,.T.);
#2565 = CIRCLE('',#2566,0.1);
#2566 = AXIS2_PLACEMENT_3D('',#2567,#2568,#2569);
#2567 = CARTESIAN_POINT('',(-7.65,-3.82,-7.1));
#2568 = DIRECTION('',(0.,0.,1.));
#2569 = DIRECTION('',(1.,0.,0.));
#2570 = ORIENTED_EDGE('',*,*,#2385,.F.);
#2571 = ORIENTED_EDGE('',*,*,#284,.F.);
#2572 = CYLINDRICAL_SURFACE('',#2573,0.1);
#2573 = AXIS2_PLACEMENT_3D('',#2574,#2575,#2576);
#2574 = CARTESIAN_POINT('',(-7.65,-3.82,-5.639932965096E-16));
#2575 = DIRECTION('',(0.,0.,1.));
#2576 = DIRECTION('',(1.,0.,0.));
#2577 = ADVANCED_FACE('',(#2578),#2603,.T.);
#2578 = FACE_BOUND('',#2579,.T.);
#2579 = EDGE_LOOP('',(#2580,#2588,#2596,#2602));
#2580 = ORIENTED_EDGE('',*,*,#2581,.T.);
#2581 = EDGE_CURVE('',#345,#2582,#2584,.T.);
#2582 = VERTEX_POINT('',#2583);
#2583 = CARTESIAN_POINT('',(-7.65,-1.38,-7.1));
#2584 = LINE('',#2585,#2586);
#2585 = CARTESIAN_POINT('',(-7.65,-1.38,-8.459899447644E-16));
#2586 = VECTOR('',#2587,1.);
#2587 = DIRECTION('',(-0.,-0.,-1.));
#2588 = ORIENTED_EDGE('',*,*,#2589,.T.);
#2589 = EDGE_CURVE('',#2582,#2590,#2592,.T.);
#2590 = VERTEX_POINT('',#2591);
#2591 = CARTESIAN_POINT('',(-7.35,-1.38,-7.1));
#2592 = LINE('',#2593,#2594);
#2593 = CARTESIAN_POINT('',(-7.65,-1.38,-7.1));
#2594 = VECTOR('',#2595,1.);
#2595 = DIRECTION('',(1.,0.,0.));
#2596 = ORIENTED_EDGE('',*,*,#2597,.F.);
#2597 = EDGE_CURVE('',#347,#2590,#2598,.T.);
#2598 = LINE('',#2599,#2600);
#2599 = CARTESIAN_POINT('',(-7.35,-1.38,-8.459899447644E-16));
#2600 = VECTOR('',#2601,1.);
#2601 = DIRECTION('',(-0.,-0.,-1.));
#2602 = ORIENTED_EDGE('',*,*,#344,.F.);
#2603 = PLANE('',#2604);
#2604 = AXIS2_PLACEMENT_3D('',#2605,#2606,#2607);
#2605 = CARTESIAN_POINT('',(-7.65,-1.38,-8.459899447644E-16));
#2606 = DIRECTION('',(0.,-1.,0.));
#2607 = DIRECTION('',(1.,0.,0.));
#2608 = ADVANCED_FACE('',(#2609),#2628,.T.);
#2609 = FACE_BOUND('',#2610,.T.);
#2610 = EDGE_LOOP('',(#2611,#2612,#2621,#2627));
#2611 = ORIENTED_EDGE('',*,*,#2597,.T.);
#2612 = ORIENTED_EDGE('',*,*,#2613,.T.);
#2613 = EDGE_CURVE('',#2590,#2614,#2616,.T.);
#2614 = VERTEX_POINT('',#2615);
#2615 = CARTESIAN_POINT('',(-7.25,-1.28,-7.1));
#2616 = CIRCLE('',#2617,0.1);
#2617 = AXIS2_PLACEMENT_3D('',#2618,#2619,#2620);
#2618 = CARTESIAN_POINT('',(-7.35,-1.28,-7.1));
#2619 = DIRECTION('',(0.,0.,1.));
#2620 = DIRECTION('',(1.,0.,0.));
#2621 = ORIENTED_EDGE('',*,*,#2622,.F.);
#2622 = EDGE_CURVE('',#398,#2614,#2623,.T.);
#2623 = LINE('',#2624,#2625);
#2624 = CARTESIAN_POINT('',(-7.25,-1.28,-8.459899447644E-16));
#2625 = VECTOR('',#2626,1.);
#2626 = DIRECTION('',(-0.,-0.,-1.));
#2627 = ORIENTED_EDGE('',*,*,#405,.F.);
#2628 = CYLINDRICAL_SURFACE('',#2629,0.1);
#2629 = AXIS2_PLACEMENT_3D('',#2630,#2631,#2632);
#2630 = CARTESIAN_POINT('',(-7.35,-1.28,-8.459899447644E-16));
#2631 = DIRECTION('',(0.,0.,1.));
#2632 = DIRECTION('',(1.,0.,0.));
#2633 = ADVANCED_FACE('',(#2634),#2652,.T.);
#2634 = FACE_BOUND('',#2635,.T.);
#2635 = EDGE_LOOP('',(#2636,#2637,#2645,#2651));
#2636 = ORIENTED_EDGE('',*,*,#2622,.T.);
#2637 = ORIENTED_EDGE('',*,*,#2638,.T.);
#2638 = EDGE_CURVE('',#2614,#2639,#2641,.T.);
#2639 = VERTEX_POINT('',#2640);
#2640 = CARTESIAN_POINT('',(-7.25,-0.98,-7.1));
#2641 = LINE('',#2642,#2643);
#2642 = CARTESIAN_POINT('',(-7.25,-1.28,-7.1));
#2643 = VECTOR('',#2644,1.);
#2644 = DIRECTION('',(0.,1.,0.));
#2645 = ORIENTED_EDGE('',*,*,#2646,.F.);
#2646 = EDGE_CURVE('',#389,#2639,#2647,.T.);
#2647 = LINE('',#2648,#2649);
#2648 = CARTESIAN_POINT('',(-7.25,-0.98,-8.459899447644E-16));
#2649 = VECTOR('',#2650,1.);
#2650 = DIRECTION('',(-0.,-0.,-1.));
#2651 = ORIENTED_EDGE('',*,*,#397,.F.);
#2652 = PLANE('',#2653);
#2653 = AXIS2_PLACEMENT_3D('',#2654,#2655,#2656);
#2654 = CARTESIAN_POINT('',(-7.25,-1.28,-8.459899447644E-16));
#2655 = DIRECTION('',(1.,0.,0.));
#2656 = DIRECTION('',(0.,1.,0.));
#2657 = ADVANCED_FACE('',(#2658),#2677,.T.);
#2658 = FACE_BOUND('',#2659,.T.);
#2659 = EDGE_LOOP('',(#2660,#2661,#2670,#2676));
#2660 = ORIENTED_EDGE('',*,*,#2646,.T.);
#2661 = ORIENTED_EDGE('',*,*,#2662,.T.);
#2662 = EDGE_CURVE('',#2639,#2663,#2665,.T.);
#2663 = VERTEX_POINT('',#2664);
#2664 = CARTESIAN_POINT('',(-7.35,-0.88,-7.1));
#2665 = CIRCLE('',#2666,0.1);
#2666 = AXIS2_PLACEMENT_3D('',#2667,#2668,#2669);
#2667 = CARTESIAN_POINT('',(-7.35,-0.98,-7.1));
#2668 = DIRECTION('',(0.,0.,1.));
#2669 = DIRECTION('',(1.,0.,0.));
#2670 = ORIENTED_EDGE('',*,*,#2671,.F.);
#2671 = EDGE_CURVE('',#381,#2663,#2672,.T.);
#2672 = LINE('',#2673,#2674);
#2673 = CARTESIAN_POINT('',(-7.35,-0.88,-8.459899447644E-16));
#2674 = VECTOR('',#2675,1.);
#2675 = DIRECTION('',(-0.,-0.,-1.));
#2676 = ORIENTED_EDGE('',*,*,#388,.F.);
#2677 = CYLINDRICAL_SURFACE('',#2678,0.1);
#2678 = AXIS2_PLACEMENT_3D('',#2679,#2680,#2681);
#2679 = CARTESIAN_POINT('',(-7.35,-0.98,-8.459899447644E-16));
#2680 = DIRECTION('',(0.,0.,1.));
#2681 = DIRECTION('',(1.,0.,0.));
#2682 = ADVANCED_FACE('',(#2683),#2701,.T.);
#2683 = FACE_BOUND('',#2684,.T.);
#2684 = EDGE_LOOP('',(#2685,#2686,#2694,#2700));
#2685 = ORIENTED_EDGE('',*,*,#2671,.T.);
#2686 = ORIENTED_EDGE('',*,*,#2687,.T.);
#2687 = EDGE_CURVE('',#2663,#2688,#2690,.T.);
#2688 = VERTEX_POINT('',#2689);
#2689 = CARTESIAN_POINT('',(-7.65,-0.88,-7.1));
#2690 = LINE('',#2691,#2692);
#2691 = CARTESIAN_POINT('',(-7.35,-0.88,-7.1));
#2692 = VECTOR('',#2693,1.);
#2693 = DIRECTION('',(-1.,0.,0.));
#2694 = ORIENTED_EDGE('',*,*,#2695,.F.);
#2695 = EDGE_CURVE('',#372,#2688,#2696,.T.);
#2696 = LINE('',#2697,#2698);
#2697 = CARTESIAN_POINT('',(-7.65,-0.88,-8.459899447644E-16));
#2698 = VECTOR('',#2699,1.);
#2699 = DIRECTION('',(-0.,-0.,-1.));
#2700 = ORIENTED_EDGE('',*,*,#380,.F.);
#2701 = PLANE('',#2702);
#2702 = AXIS2_PLACEMENT_3D('',#2703,#2704,#2705);
#2703 = CARTESIAN_POINT('',(-7.35,-0.88,-8.459899447644E-16));
#2704 = DIRECTION('',(0.,1.,0.));
#2705 = DIRECTION('',(-1.,0.,0.));
#2706 = ADVANCED_FACE('',(#2707),#2726,.T.);
#2707 = FACE_BOUND('',#2708,.T.);
#2708 = EDGE_LOOP('',(#2709,#2710,#2719,#2725));
#2709 = ORIENTED_EDGE('',*,*,#2695,.T.);
#2710 = ORIENTED_EDGE('',*,*,#2711,.T.);
#2711 = EDGE_CURVE('',#2688,#2712,#2714,.T.);
#2712 = VERTEX_POINT('',#2713);
#2713 = CARTESIAN_POINT('',(-7.75,-0.98,-7.1));
#2714 = CIRCLE('',#2715,0.1);
#2715 = AXIS2_PLACEMENT_3D('',#2716,#2717,#2718);
#2716 = CARTESIAN_POINT('',(-7.65,-0.98,-7.1));
#2717 = DIRECTION('',(0.,0.,1.));
#2718 = DIRECTION('',(1.,0.,0.));
#2719 = ORIENTED_EDGE('',*,*,#2720,.F.);
#2720 = EDGE_CURVE('',#364,#2712,#2721,.T.);
#2721 = LINE('',#2722,#2723);
#2722 = CARTESIAN_POINT('',(-7.75,-0.98,-8.459899447644E-16));
#2723 = VECTOR('',#2724,1.);
#2724 = DIRECTION('',(-0.,-0.,-1.));
#2725 = ORIENTED_EDGE('',*,*,#371,.F.);
#2726 = CYLINDRICAL_SURFACE('',#2727,0.1);
#2727 = AXIS2_PLACEMENT_3D('',#2728,#2729,#2730);
#2728 = CARTESIAN_POINT('',(-7.65,-0.98,-8.459899447644E-16));
#2729 = DIRECTION('',(0.,0.,1.));
#2730 = DIRECTION('',(1.,0.,0.));
#2731 = ADVANCED_FACE('',(#2732),#2750,.T.);
#2732 = FACE_BOUND('',#2733,.T.);
#2733 = EDGE_LOOP('',(#2734,#2735,#2743,#2749));
#2734 = ORIENTED_EDGE('',*,*,#2720,.T.);
#2735 = ORIENTED_EDGE('',*,*,#2736,.T.);
#2736 = EDGE_CURVE('',#2712,#2737,#2739,.T.);
#2737 = VERTEX_POINT('',#2738);
#2738 = CARTESIAN_POINT('',(-7.75,-1.28,-7.1));
#2739 = LINE('',#2740,#2741);
#2740 = CARTESIAN_POINT('',(-7.75,-0.98,-7.1));
#2741 = VECTOR('',#2742,1.);
#2742 = DIRECTION('',(0.,-1.,0.));
#2743 = ORIENTED_EDGE('',*,*,#2744,.F.);
#2744 = EDGE_CURVE('',#355,#2737,#2745,.T.);
#2745 = LINE('',#2746,#2747);
#2746 = CARTESIAN_POINT('',(-7.75,-1.28,-8.459899447644E-16));
#2747 = VECTOR('',#2748,1.);
#2748 = DIRECTION('',(-0.,-0.,-1.));
#2749 = ORIENTED_EDGE('',*,*,#363,.F.);
#2750 = PLANE('',#2751);
#2751 = AXIS2_PLACEMENT_3D('',#2752,#2753,#2754);
#2752 = CARTESIAN_POINT('',(-7.75,-0.98,-8.459899447644E-16));
#2753 = DIRECTION('',(-1.,0.,0.));
#2754 = DIRECTION('',(0.,-1.,0.));
#2755 = ADVANCED_FACE('',(#2756),#2768,.T.);
#2756 = FACE_BOUND('',#2757,.T.);
#2757 = EDGE_LOOP('',(#2758,#2759,#2766,#2767));
#2758 = ORIENTED_EDGE('',*,*,#2744,.T.);
#2759 = ORIENTED_EDGE('',*,*,#2760,.T.);
#2760 = EDGE_CURVE('',#2737,#2582,#2761,.T.);
#2761 = CIRCLE('',#2762,0.1);
#2762 = AXIS2_PLACEMENT_3D('',#2763,#2764,#2765);
#2763 = CARTESIAN_POINT('',(-7.65,-1.28,-7.1));
#2764 = DIRECTION('',(0.,0.,1.));
#2765 = DIRECTION('',(1.,0.,0.));
#2766 = ORIENTED_EDGE('',*,*,#2581,.F.);
#2767 = ORIENTED_EDGE('',*,*,#354,.F.);
#2768 = CYLINDRICAL_SURFACE('',#2769,0.1);
#2769 = AXIS2_PLACEMENT_3D('',#2770,#2771,#2772);
#2770 = CARTESIAN_POINT('',(-7.65,-1.28,-8.459899447644E-16));
#2771 = DIRECTION('',(0.,0.,1.));
#2772 = DIRECTION('',(1.,0.,0.));
#2773 = ADVANCED_FACE('',(#2774),#2799,.T.);
#2774 = FACE_BOUND('',#2775,.T.);
#2775 = EDGE_LOOP('',(#2776,#2784,#2792,#2798));
#2776 = ORIENTED_EDGE('',*,*,#2777,.T.);
#2777 = EDGE_CURVE('',#415,#2778,#2780,.T.);
#2778 = VERTEX_POINT('',#2779);
#2779 = CARTESIAN_POINT('',(7.25,-8.6,-7.1));
#2780 = LINE('',#2781,#2782);
#2781 = CARTESIAN_POINT('',(7.25,-8.6,0.));
#2782 = VECTOR('',#2783,1.);
#2783 = DIRECTION('',(-0.,-0.,-1.));
#2784 = ORIENTED_EDGE('',*,*,#2785,.T.);
#2785 = EDGE_CURVE('',#2778,#2786,#2788,.T.);
#2786 = VERTEX_POINT('',#2787);
#2787 = CARTESIAN_POINT('',(7.25,-8.9,-7.1));
#2788 = LINE('',#2789,#2790);
#2789 = CARTESIAN_POINT('',(7.25,-8.6,-7.1));
#2790 = VECTOR('',#2791,1.);
#2791 = DIRECTION('',(0.,-1.,0.));
#2792 = ORIENTED_EDGE('',*,*,#2793,.F.);
#2793 = EDGE_CURVE('',#417,#2786,#2794,.T.);
#2794 = LINE('',#2795,#2796);
#2795 = CARTESIAN_POINT('',(7.25,-8.9,0.));
#2796 = VECTOR('',#2797,1.);
#2797 = DIRECTION('',(-0.,-0.,-1.));
#2798 = ORIENTED_EDGE('',*,*,#414,.F.);
#2799 = PLANE('',#2800);
#2800 = AXIS2_PLACEMENT_3D('',#2801,#2802,#2803);
#2801 = CARTESIAN_POINT('',(7.25,-8.6,0.));
#2802 = DIRECTION('',(-1.,0.,0.));
#2803 = DIRECTION('',(0.,-1.,0.));
#2804 = ADVANCED_FACE('',(#2805),#2824,.T.);
#2805 = FACE_BOUND('',#2806,.T.);
#2806 = EDGE_LOOP('',(#2807,#2815,#2822,#2823));
#2807 = ORIENTED_EDGE('',*,*,#2808,.T.);
#2808 = EDGE_CURVE('',#425,#2809,#2811,.T.);
#2809 = VERTEX_POINT('',#2810);
#2810 = CARTESIAN_POINT('',(7.35,-8.499999999995,-7.1));
#2811 = LINE('',#2812,#2813);
#2812 = CARTESIAN_POINT('',(7.35,-8.499999999995,0.));
#2813 = VECTOR('',#2814,1.);
#2814 = DIRECTION('',(-0.,-0.,-1.));
#2815 = ORIENTED_EDGE('',*,*,#2816,.T.);
#2816 = EDGE_CURVE('',#2809,#2778,#2817,.T.);
#2817 = CIRCLE('',#2818,0.1);
#2818 = AXIS2_PLACEMENT_3D('',#2819,#2820,#2821);
#2819 = CARTESIAN_POINT('',(7.35,-8.6,-7.1));
#2820 = DIRECTION('',(0.,0.,1.));
#2821 = DIRECTION('',(1.,0.,0.));
#2822 = ORIENTED_EDGE('',*,*,#2777,.F.);
#2823 = ORIENTED_EDGE('',*,*,#424,.F.);
#2824 = CYLINDRICAL_SURFACE('',#2825,0.1);
#2825 = AXIS2_PLACEMENT_3D('',#2826,#2827,#2828);
#2826 = CARTESIAN_POINT('',(7.35,-8.6,0.));
#2827 = DIRECTION('',(0.,0.,1.));
#2828 = DIRECTION('',(1.,0.,0.));
#2829 = ADVANCED_FACE('',(#2830),#2849,.T.);
#2830 = FACE_BOUND('',#2831,.T.);
#2831 = EDGE_LOOP('',(#2832,#2833,#2842,#2848));
#2832 = ORIENTED_EDGE('',*,*,#2793,.T.);
#2833 = ORIENTED_EDGE('',*,*,#2834,.T.);
#2834 = EDGE_CURVE('',#2786,#2835,#2837,.T.);
#2835 = VERTEX_POINT('',#2836);
#2836 = CARTESIAN_POINT('',(7.35,-9.,-7.1));
#2837 = CIRCLE('',#2838,0.1);
#2838 = AXIS2_PLACEMENT_3D('',#2839,#2840,#2841);
#2839 = CARTESIAN_POINT('',(7.35,-8.9,-7.1));
#2840 = DIRECTION('',(0.,0.,1.));
#2841 = DIRECTION('',(1.,0.,0.));
#2842 = ORIENTED_EDGE('',*,*,#2843,.F.);
#2843 = EDGE_CURVE('',#468,#2835,#2844,.T.);
#2844 = LINE('',#2845,#2846);
#2845 = CARTESIAN_POINT('',(7.35,-9.,0.));
#2846 = VECTOR('',#2847,1.);
#2847 = DIRECTION('',(-0.,-0.,-1.));
#2848 = ORIENTED_EDGE('',*,*,#475,.F.);
#2849 = CYLINDRICAL_SURFACE('',#2850,0.1);
#2850 = AXIS2_PLACEMENT_3D('',#2851,#2852,#2853);
#2851 = CARTESIAN_POINT('',(7.35,-8.9,0.));
#2852 = DIRECTION('',(0.,0.,1.));
#2853 = DIRECTION('',(1.,0.,0.));
#2854 = ADVANCED_FACE('',(#2855),#2873,.T.);
#2855 = FACE_BOUND('',#2856,.T.);
#2856 = EDGE_LOOP('',(#2857,#2865,#2871,#2872));
#2857 = ORIENTED_EDGE('',*,*,#2858,.T.);
#2858 = EDGE_CURVE('',#434,#2859,#2861,.T.);
#2859 = VERTEX_POINT('',#2860);
#2860 = CARTESIAN_POINT('',(7.65,-8.499999999995,-7.1));
#2861 = LINE('',#2862,#2863);
#2862 = CARTESIAN_POINT('',(7.65,-8.499999999995,0.));
#2863 = VECTOR('',#2864,1.);
#2864 = DIRECTION('',(-0.,-0.,-1.));
#2865 = ORIENTED_EDGE('',*,*,#2866,.T.);
#2866 = EDGE_CURVE('',#2859,#2809,#2867,.T.);
#2867 = LINE('',#2868,#2869);
#2868 = CARTESIAN_POINT('',(7.65,-8.49999999999,-7.1));
#2869 = VECTOR('',#2870,1.);
#2870 = DIRECTION('',(-1.,0.,0.));
#2871 = ORIENTED_EDGE('',*,*,#2808,.F.);
#2872 = ORIENTED_EDGE('',*,*,#433,.F.);
#2873 = PLANE('',#2874);
#2874 = AXIS2_PLACEMENT_3D('',#2875,#2876,#2877);
#2875 = CARTESIAN_POINT('',(7.65,-8.49999999999,0.));
#2876 = DIRECTION('',(0.,1.,0.));
#2877 = DIRECTION('',(-1.,0.,0.));
#2878 = ADVANCED_FACE('',(#2879),#2897,.T.);
#2879 = FACE_BOUND('',#2880,.T.);
#2880 = EDGE_LOOP('',(#2881,#2882,#2890,#2896));
#2881 = ORIENTED_EDGE('',*,*,#2843,.T.);
#2882 = ORIENTED_EDGE('',*,*,#2883,.T.);
#2883 = EDGE_CURVE('',#2835,#2884,#2886,.T.);
#2884 = VERTEX_POINT('',#2885);
#2885 = CARTESIAN_POINT('',(7.65,-9.,-7.1));
#2886 = LINE('',#2887,#2888);
#2887 = CARTESIAN_POINT('',(7.35,-9.,-7.1));
#2888 = VECTOR('',#2889,1.);
#2889 = DIRECTION('',(1.,0.,0.));
#2890 = ORIENTED_EDGE('',*,*,#2891,.F.);
#2891 = EDGE_CURVE('',#459,#2884,#2892,.T.);
#2892 = LINE('',#2893,#2894);
#2893 = CARTESIAN_POINT('',(7.65,-9.,0.));
#2894 = VECTOR('',#2895,1.);
#2895 = DIRECTION('',(-0.,-0.,-1.));
#2896 = ORIENTED_EDGE('',*,*,#467,.F.);
#2897 = PLANE('',#2898);
#2898 = AXIS2_PLACEMENT_3D('',#2899,#2900,#2901);
#2899 = CARTESIAN_POINT('',(7.35,-9.,0.));
#2900 = DIRECTION('',(0.,-1.,0.));
#2901 = DIRECTION('',(1.,0.,0.));
#2902 = ADVANCED_FACE('',(#2903),#2922,.T.);
#2903 = FACE_BOUND('',#2904,.T.);
#2904 = EDGE_LOOP('',(#2905,#2913,#2920,#2921));
#2905 = ORIENTED_EDGE('',*,*,#2906,.T.);
#2906 = EDGE_CURVE('',#442,#2907,#2909,.T.);
#2907 = VERTEX_POINT('',#2908);
#2908 = CARTESIAN_POINT('',(7.750000000005,-8.6,-7.1));
#2909 = LINE('',#2910,#2911);
#2910 = CARTESIAN_POINT('',(7.750000000005,-8.6,0.));
#2911 = VECTOR('',#2912,1.);
#2912 = DIRECTION('',(-0.,-0.,-1.));
#2913 = ORIENTED_EDGE('',*,*,#2914,.T.);
#2914 = EDGE_CURVE('',#2907,#2859,#2915,.T.);
#2915 = CIRCLE('',#2916,0.1);
#2916 = AXIS2_PLACEMENT_3D('',#2917,#2918,#2919);
#2917 = CARTESIAN_POINT('',(7.65,-8.6,-7.1));
#2918 = DIRECTION('',(0.,0.,1.));
#2919 = DIRECTION('',(1.,0.,0.));
#2920 = ORIENTED_EDGE('',*,*,#2858,.F.);
#2921 = ORIENTED_EDGE('',*,*,#441,.F.);
#2922 = CYLINDRICAL_SURFACE('',#2923,0.1);
#2923 = AXIS2_PLACEMENT_3D('',#2924,#2925,#2926);
#2924 = CARTESIAN_POINT('',(7.65,-8.6,0.));
#2925 = DIRECTION('',(0.,0.,1.));
#2926 = DIRECTION('',(1.,0.,0.));
#2927 = ADVANCED_FACE('',(#2928),#2947,.T.);
#2928 = FACE_BOUND('',#2929,.T.);
#2929 = EDGE_LOOP('',(#2930,#2931,#2940,#2946));
#2930 = ORIENTED_EDGE('',*,*,#2891,.T.);
#2931 = ORIENTED_EDGE('',*,*,#2932,.T.);
#2932 = EDGE_CURVE('',#2884,#2933,#2935,.T.);
#2933 = VERTEX_POINT('',#2934);
#2934 = CARTESIAN_POINT('',(7.750000000005,-8.9,-7.1));
#2935 = CIRCLE('',#2936,0.1);
#2936 = AXIS2_PLACEMENT_3D('',#2937,#2938,#2939);
#2937 = CARTESIAN_POINT('',(7.65,-8.9,-7.1));
#2938 = DIRECTION('',(0.,0.,1.));
#2939 = DIRECTION('',(1.,0.,0.));
#2940 = ORIENTED_EDGE('',*,*,#2941,.F.);
#2941 = EDGE_CURVE('',#451,#2933,#2942,.T.);
#2942 = LINE('',#2943,#2944);
#2943 = CARTESIAN_POINT('',(7.750000000005,-8.9,0.));
#2944 = VECTOR('',#2945,1.);
#2945 = DIRECTION('',(-0.,-0.,-1.));
#2946 = ORIENTED_EDGE('',*,*,#458,.F.);
#2947 = CYLINDRICAL_SURFACE('',#2948,0.1);
#2948 = AXIS2_PLACEMENT_3D('',#2949,#2950,#2951);
#2949 = CARTESIAN_POINT('',(7.65,-8.9,0.));
#2950 = DIRECTION('',(0.,0.,1.));
#2951 = DIRECTION('',(1.,0.,0.));
#2952 = ADVANCED_FACE('',(#2953),#2964,.T.);
#2953 = FACE_BOUND('',#2954,.T.);
#2954 = EDGE_LOOP('',(#2955,#2956,#2962,#2963));
#2955 = ORIENTED_EDGE('',*,*,#2941,.T.);
#2956 = ORIENTED_EDGE('',*,*,#2957,.T.);
#2957 = EDGE_CURVE('',#2933,#2907,#2958,.T.);
#2958 = LINE('',#2959,#2960);
#2959 = CARTESIAN_POINT('',(7.75000000001,-8.9,-7.1));
#2960 = VECTOR('',#2961,1.);
#2961 = DIRECTION('',(0.,1.,0.));
#2962 = ORIENTED_EDGE('',*,*,#2906,.F.);
#2963 = ORIENTED_EDGE('',*,*,#450,.F.);
#2964 = PLANE('',#2965);
#2965 = AXIS2_PLACEMENT_3D('',#2966,#2967,#2968);
#2966 = CARTESIAN_POINT('',(7.75000000001,-8.9,0.));
#2967 = DIRECTION('',(1.,0.,0.));
#2968 = DIRECTION('',(0.,1.,0.));
#2969 = ADVANCED_FACE('',(#2970),#2995,.T.);
#2970 = FACE_BOUND('',#2971,.T.);
#2971 = EDGE_LOOP('',(#2972,#2980,#2988,#2994));
#2972 = ORIENTED_EDGE('',*,*,#2973,.T.);
#2973 = EDGE_CURVE('',#485,#2974,#2976,.T.);
#2974 = VERTEX_POINT('',#2975);
#2975 = CARTESIAN_POINT('',(7.25,-6.06,-7.1));
#2976 = LINE('',#2977,#2978);
#2977 = CARTESIAN_POINT('',(7.25,-6.06,-2.819966482548E-16));
#2978 = VECTOR('',#2979,1.);
#2979 = DIRECTION('',(-0.,-0.,-1.));
#2980 = ORIENTED_EDGE('',*,*,#2981,.T.);
#2981 = EDGE_CURVE('',#2974,#2982,#2984,.T.);
#2982 = VERTEX_POINT('',#2983);
#2983 = CARTESIAN_POINT('',(7.25,-6.36,-7.1));
#2984 = LINE('',#2985,#2986);
#2985 = CARTESIAN_POINT('',(7.25,-6.06,-7.1));
#2986 = VECTOR('',#2987,1.);
#2987 = DIRECTION('',(0.,-1.,0.));
#2988 = ORIENTED_EDGE('',*,*,#2989,.F.);
#2989 = EDGE_CURVE('',#487,#2982,#2990,.T.);
#2990 = LINE('',#2991,#2992);
#2991 = CARTESIAN_POINT('',(7.25,-6.36,-2.819966482548E-16));
#2992 = VECTOR('',#2993,1.);
#2993 = DIRECTION('',(-0.,-0.,-1.));
#2994 = ORIENTED_EDGE('',*,*,#484,.F.);
#2995 = PLANE('',#2996);
#2996 = AXIS2_PLACEMENT_3D('',#2997,#2998,#2999);
#2997 = CARTESIAN_POINT('',(7.25,-6.06,-2.819966482548E-16));
#2998 = DIRECTION('',(-1.,0.,0.));
#2999 = DIRECTION('',(0.,-1.,0.));
#3000 = ADVANCED_FACE('',(#3001),#3020,.T.);
#3001 = FACE_BOUND('',#3002,.T.);
#3002 = EDGE_LOOP('',(#3003,#3004,#3013,#3019));
#3003 = ORIENTED_EDGE('',*,*,#2989,.T.);
#3004 = ORIENTED_EDGE('',*,*,#3005,.T.);
#3005 = EDGE_CURVE('',#2982,#3006,#3008,.T.);
#3006 = VERTEX_POINT('',#3007);
#3007 = CARTESIAN_POINT('',(7.35,-6.46,-7.1));
#3008 = CIRCLE('',#3009,0.1);
#3009 = AXIS2_PLACEMENT_3D('',#3010,#3011,#3012);
#3010 = CARTESIAN_POINT('',(7.35,-6.36,-7.1));
#3011 = DIRECTION('',(0.,0.,1.));
#3012 = DIRECTION('',(1.,0.,0.));
#3013 = ORIENTED_EDGE('',*,*,#3014,.F.);
#3014 = EDGE_CURVE('',#538,#3006,#3015,.T.);
#3015 = LINE('',#3016,#3017);
#3016 = CARTESIAN_POINT('',(7.35,-6.46,-2.819966482548E-16));
#3017 = VECTOR('',#3018,1.);
#3018 = DIRECTION('',(-0.,-0.,-1.));
#3019 = ORIENTED_EDGE('',*,*,#545,.F.);
#3020 = CYLINDRICAL_SURFACE('',#3021,0.1);
#3021 = AXIS2_PLACEMENT_3D('',#3022,#3023,#3024);
#3022 = CARTESIAN_POINT('',(7.35,-6.36,-2.819966482548E-16));
#3023 = DIRECTION('',(0.,0.,1.));
#3024 = DIRECTION('',(1.,0.,0.));
#3025 = ADVANCED_FACE('',(#3026),#3044,.T.);
#3026 = FACE_BOUND('',#3027,.T.);
#3027 = EDGE_LOOP('',(#3028,#3029,#3037,#3043));
#3028 = ORIENTED_EDGE('',*,*,#3014,.T.);
#3029 = ORIENTED_EDGE('',*,*,#3030,.T.);
#3030 = EDGE_CURVE('',#3006,#3031,#3033,.T.);
#3031 = VERTEX_POINT('',#3032);
#3032 = CARTESIAN_POINT('',(7.65,-6.46,-7.1));
#3033 = LINE('',#3034,#3035);
#3034 = CARTESIAN_POINT('',(7.35,-6.46,-7.1));
#3035 = VECTOR('',#3036,1.);
#3036 = DIRECTION('',(1.,0.,0.));
#3037 = ORIENTED_EDGE('',*,*,#3038,.F.);
#3038 = EDGE_CURVE('',#529,#3031,#3039,.T.);
#3039 = LINE('',#3040,#3041);
#3040 = CARTESIAN_POINT('',(7.65,-6.46,-2.819966482548E-16));
#3041 = VECTOR('',#3042,1.);
#3042 = DIRECTION('',(-0.,-0.,-1.));
#3043 = ORIENTED_EDGE('',*,*,#537,.F.);
#3044 = PLANE('',#3045);
#3045 = AXIS2_PLACEMENT_3D('',#3046,#3047,#3048);
#3046 = CARTESIAN_POINT('',(7.35,-6.46,-2.819966482548E-16));
#3047 = DIRECTION('',(0.,-1.,0.));
#3048 = DIRECTION('',(1.,0.,0.));
#3049 = ADVANCED_FACE('',(#3050),#3069,.T.);
#3050 = FACE_BOUND('',#3051,.T.);
#3051 = EDGE_LOOP('',(#3052,#3053,#3062,#3068));
#3052 = ORIENTED_EDGE('',*,*,#3038,.T.);
#3053 = ORIENTED_EDGE('',*,*,#3054,.T.);
#3054 = EDGE_CURVE('',#3031,#3055,#3057,.T.);
#3055 = VERTEX_POINT('',#3056);
#3056 = CARTESIAN_POINT('',(7.750000000005,-6.36,-7.1));
#3057 = CIRCLE('',#3058,0.1);
#3058 = AXIS2_PLACEMENT_3D('',#3059,#3060,#3061);
#3059 = CARTESIAN_POINT('',(7.65,-6.36,-7.1));
#3060 = DIRECTION('',(0.,0.,1.));
#3061 = DIRECTION('',(1.,0.,0.));
#3062 = ORIENTED_EDGE('',*,*,#3063,.F.);
#3063 = EDGE_CURVE('',#521,#3055,#3064,.T.);
#3064 = LINE('',#3065,#3066);
#3065 = CARTESIAN_POINT('',(7.750000000005,-6.36,-2.819966482548E-16));
#3066 = VECTOR('',#3067,1.);
#3067 = DIRECTION('',(-0.,-0.,-1.));
#3068 = ORIENTED_EDGE('',*,*,#528,.F.);
#3069 = CYLINDRICAL_SURFACE('',#3070,0.1);
#3070 = AXIS2_PLACEMENT_3D('',#3071,#3072,#3073);
#3071 = CARTESIAN_POINT('',(7.65,-6.36,-2.819966482548E-16));
#3072 = DIRECTION('',(0.,0.,1.));
#3073 = DIRECTION('',(1.,0.,0.));
#3074 = ADVANCED_FACE('',(#3075),#3093,.T.);
#3075 = FACE_BOUND('',#3076,.T.);
#3076 = EDGE_LOOP('',(#3077,#3078,#3086,#3092));
#3077 = ORIENTED_EDGE('',*,*,#3063,.T.);
#3078 = ORIENTED_EDGE('',*,*,#3079,.T.);
#3079 = EDGE_CURVE('',#3055,#3080,#3082,.T.);
#3080 = VERTEX_POINT('',#3081);
#3081 = CARTESIAN_POINT('',(7.750000000005,-6.06,-7.1));
#3082 = LINE('',#3083,#3084);
#3083 = CARTESIAN_POINT('',(7.75000000001,-6.36,-7.1));
#3084 = VECTOR('',#3085,1.);
#3085 = DIRECTION('',(0.,1.,0.));
#3086 = ORIENTED_EDGE('',*,*,#3087,.F.);
#3087 = EDGE_CURVE('',#512,#3080,#3088,.T.);
#3088 = LINE('',#3089,#3090);
#3089 = CARTESIAN_POINT('',(7.750000000005,-6.06,-2.819966482548E-16));
#3090 = VECTOR('',#3091,1.);
#3091 = DIRECTION('',(-0.,-0.,-1.));
#3092 = ORIENTED_EDGE('',*,*,#520,.F.);
#3093 = PLANE('',#3094);
#3094 = AXIS2_PLACEMENT_3D('',#3095,#3096,#3097);
#3095 = CARTESIAN_POINT('',(7.75000000001,-6.36,-2.819966482548E-16));
#3096 = DIRECTION('',(1.,0.,0.));
#3097 = DIRECTION('',(0.,1.,0.));
#3098 = ADVANCED_FACE('',(#3099),#3118,.T.);
#3099 = FACE_BOUND('',#3100,.T.);
#3100 = EDGE_LOOP('',(#3101,#3102,#3111,#3117));
#3101 = ORIENTED_EDGE('',*,*,#3087,.T.);
#3102 = ORIENTED_EDGE('',*,*,#3103,.T.);
#3103 = EDGE_CURVE('',#3080,#3104,#3106,.T.);
#3104 = VERTEX_POINT('',#3105);
#3105 = CARTESIAN_POINT('',(7.65,-5.959999999995,-7.1));
#3106 = CIRCLE('',#3107,0.1);
#3107 = AXIS2_PLACEMENT_3D('',#3108,#3109,#3110);
#3108 = CARTESIAN_POINT('',(7.65,-6.06,-7.1));
#3109 = DIRECTION('',(0.,0.,1.));
#3110 = DIRECTION('',(1.,0.,0.));
#3111 = ORIENTED_EDGE('',*,*,#3112,.F.);
#3112 = EDGE_CURVE('',#504,#3104,#3113,.T.);
#3113 = LINE('',#3114,#3115);
#3114 = CARTESIAN_POINT('',(7.65,-5.959999999995,-2.819966482548E-16));
#3115 = VECTOR('',#3116,1.);
#3116 = DIRECTION('',(-0.,-0.,-1.));
#3117 = ORIENTED_EDGE('',*,*,#511,.F.);
#3118 = CYLINDRICAL_SURFACE('',#3119,0.1);
#3119 = AXIS2_PLACEMENT_3D('',#3120,#3121,#3122);
#3120 = CARTESIAN_POINT('',(7.65,-6.06,-2.819966482548E-16));
#3121 = DIRECTION('',(0.,0.,1.));
#3122 = DIRECTION('',(1.,0.,0.));
#3123 = ADVANCED_FACE('',(#3124),#3142,.T.);
#3124 = FACE_BOUND('',#3125,.T.);
#3125 = EDGE_LOOP('',(#3126,#3127,#3135,#3141));
#3126 = ORIENTED_EDGE('',*,*,#3112,.T.);
#3127 = ORIENTED_EDGE('',*,*,#3128,.T.);
#3128 = EDGE_CURVE('',#3104,#3129,#3131,.T.);
#3129 = VERTEX_POINT('',#3130);
#3130 = CARTESIAN_POINT('',(7.35,-5.959999999995,-7.1));
#3131 = LINE('',#3132,#3133);
#3132 = CARTESIAN_POINT('',(7.65,-5.95999999999,-7.1));
#3133 = VECTOR('',#3134,1.);
#3134 = DIRECTION('',(-1.,0.,0.));
#3135 = ORIENTED_EDGE('',*,*,#3136,.F.);
#3136 = EDGE_CURVE('',#495,#3129,#3137,.T.);
#3137 = LINE('',#3138,#3139);
#3138 = CARTESIAN_POINT('',(7.35,-5.959999999995,-2.819966482548E-16));
#3139 = VECTOR('',#3140,1.);
#3140 = DIRECTION('',(-0.,-0.,-1.));
#3141 = ORIENTED_EDGE('',*,*,#503,.F.);
#3142 = PLANE('',#3143);
#3143 = AXIS2_PLACEMENT_3D('',#3144,#3145,#3146);
#3144 = CARTESIAN_POINT('',(7.65,-5.95999999999,-2.819966482548E-16));
#3145 = DIRECTION('',(0.,1.,0.));
#3146 = DIRECTION('',(-1.,0.,0.));
#3147 = ADVANCED_FACE('',(#3148),#3160,.T.);
#3148 = FACE_BOUND('',#3149,.T.);
#3149 = EDGE_LOOP('',(#3150,#3151,#3158,#3159));
#3150 = ORIENTED_EDGE('',*,*,#3136,.T.);
#3151 = ORIENTED_EDGE('',*,*,#3152,.T.);
#3152 = EDGE_CURVE('',#3129,#2974,#3153,.T.);
#3153 = CIRCLE('',#3154,0.1);
#3154 = AXIS2_PLACEMENT_3D('',#3155,#3156,#3157);
#3155 = CARTESIAN_POINT('',(7.35,-6.06,-7.1));
#3156 = DIRECTION('',(0.,0.,1.));
#3157 = DIRECTION('',(1.,0.,0.));
#3158 = ORIENTED_EDGE('',*,*,#2973,.F.);
#3159 = ORIENTED_EDGE('',*,*,#494,.F.);
#3160 = CYLINDRICAL_SURFACE('',#3161,0.1);
#3161 = AXIS2_PLACEMENT_3D('',#3162,#3163,#3164);
#3162 = CARTESIAN_POINT('',(7.35,-6.06,-2.819966482548E-16));
#3163 = DIRECTION('',(0.,0.,1.));
#3164 = DIRECTION('',(1.,0.,0.));
#3165 = ADVANCED_FACE('',(#3166),#3191,.T.);
#3166 = FACE_BOUND('',#3167,.T.);
#3167 = EDGE_LOOP('',(#3168,#3176,#3184,#3190));
#3168 = ORIENTED_EDGE('',*,*,#3169,.T.);
#3169 = EDGE_CURVE('',#555,#3170,#3172,.T.);
#3170 = VERTEX_POINT('',#3171);
#3171 = CARTESIAN_POINT('',(7.25,-3.52,-7.1));
#3172 = LINE('',#3173,#3174);
#3173 = CARTESIAN_POINT('',(7.25,-3.52,-5.639932965096E-16));
#3174 = VECTOR('',#3175,1.);
#3175 = DIRECTION('',(-0.,-0.,-1.));
#3176 = ORIENTED_EDGE('',*,*,#3177,.T.);
#3177 = EDGE_CURVE('',#3170,#3178,#3180,.T.);
#3178 = VERTEX_POINT('',#3179);
#3179 = CARTESIAN_POINT('',(7.25,-3.82,-7.1));
#3180 = LINE('',#3181,#3182);
#3181 = CARTESIAN_POINT('',(7.25,-3.52,-7.1));
#3182 = VECTOR('',#3183,1.);
#3183 = DIRECTION('',(0.,-1.,0.));
#3184 = ORIENTED_EDGE('',*,*,#3185,.F.);
#3185 = EDGE_CURVE('',#557,#3178,#3186,.T.);
#3186 = LINE('',#3187,#3188);
#3187 = CARTESIAN_POINT('',(7.25,-3.82,-5.639932965096E-16));
#3188 = VECTOR('',#3189,1.);
#3189 = DIRECTION('',(-0.,-0.,-1.));
#3190 = ORIENTED_EDGE('',*,*,#554,.F.);
#3191 = PLANE('',#3192);
#3192 = AXIS2_PLACEMENT_3D('',#3193,#3194,#3195);
#3193 = CARTESIAN_POINT('',(7.25,-3.52,-5.639932965096E-16));
#3194 = DIRECTION('',(-1.,0.,0.));
#3195 = DIRECTION('',(0.,-1.,0.));
#3196 = ADVANCED_FACE('',(#3197),#3216,.T.);
#3197 = FACE_BOUND('',#3198,.T.);
#3198 = EDGE_LOOP('',(#3199,#3200,#3209,#3215));
#3199 = ORIENTED_EDGE('',*,*,#3185,.T.);
#3200 = ORIENTED_EDGE('',*,*,#3201,.T.);
#3201 = EDGE_CURVE('',#3178,#3202,#3204,.T.);
#3202 = VERTEX_POINT('',#3203);
#3203 = CARTESIAN_POINT('',(7.35,-3.92,-7.1));
#3204 = CIRCLE('',#3205,0.1);
#3205 = AXIS2_PLACEMENT_3D('',#3206,#3207,#3208);
#3206 = CARTESIAN_POINT('',(7.35,-3.82,-7.1));
#3207 = DIRECTION('',(0.,0.,1.));
#3208 = DIRECTION('',(1.,0.,0.));
#3209 = ORIENTED_EDGE('',*,*,#3210,.F.);
#3210 = EDGE_CURVE('',#608,#3202,#3211,.T.);
#3211 = LINE('',#3212,#3213);
#3212 = CARTESIAN_POINT('',(7.35,-3.92,-5.639932965096E-16));
#3213 = VECTOR('',#3214,1.);
#3214 = DIRECTION('',(-0.,-0.,-1.));
#3215 = ORIENTED_EDGE('',*,*,#615,.F.);
#3216 = CYLINDRICAL_SURFACE('',#3217,0.1);
#3217 = AXIS2_PLACEMENT_3D('',#3218,#3219,#3220);
#3218 = CARTESIAN_POINT('',(7.35,-3.82,-5.639932965096E-16));
#3219 = DIRECTION('',(0.,0.,1.));
#3220 = DIRECTION('',(1.,0.,0.));
#3221 = ADVANCED_FACE('',(#3222),#3240,.T.);
#3222 = FACE_BOUND('',#3223,.T.);
#3223 = EDGE_LOOP('',(#3224,#3225,#3233,#3239));
#3224 = ORIENTED_EDGE('',*,*,#3210,.T.);
#3225 = ORIENTED_EDGE('',*,*,#3226,.T.);
#3226 = EDGE_CURVE('',#3202,#3227,#3229,.T.);
#3227 = VERTEX_POINT('',#3228);
#3228 = CARTESIAN_POINT('',(7.65,-3.92,-7.1));
#3229 = LINE('',#3230,#3231);
#3230 = CARTESIAN_POINT('',(7.35,-3.92,-7.1));
#3231 = VECTOR('',#3232,1.);
#3232 = DIRECTION('',(1.,0.,0.));
#3233 = ORIENTED_EDGE('',*,*,#3234,.F.);
#3234 = EDGE_CURVE('',#599,#3227,#3235,.T.);
#3235 = LINE('',#3236,#3237);
#3236 = CARTESIAN_POINT('',(7.65,-3.92,-5.639932965096E-16));
#3237 = VECTOR('',#3238,1.);
#3238 = DIRECTION('',(-0.,-0.,-1.));
#3239 = ORIENTED_EDGE('',*,*,#607,.F.);
#3240 = PLANE('',#3241);
#3241 = AXIS2_PLACEMENT_3D('',#3242,#3243,#3244);
#3242 = CARTESIAN_POINT('',(7.35,-3.92,-5.639932965096E-16));
#3243 = DIRECTION('',(0.,-1.,0.));
#3244 = DIRECTION('',(1.,0.,0.));
#3245 = ADVANCED_FACE('',(#3246),#3265,.T.);
#3246 = FACE_BOUND('',#3247,.T.);
#3247 = EDGE_LOOP('',(#3248,#3249,#3258,#3264));
#3248 = ORIENTED_EDGE('',*,*,#3234,.T.);
#3249 = ORIENTED_EDGE('',*,*,#3250,.T.);
#3250 = EDGE_CURVE('',#3227,#3251,#3253,.T.);
#3251 = VERTEX_POINT('',#3252);
#3252 = CARTESIAN_POINT('',(7.750000000005,-3.82,-7.1));
#3253 = CIRCLE('',#3254,0.1);
#3254 = AXIS2_PLACEMENT_3D('',#3255,#3256,#3257);
#3255 = CARTESIAN_POINT('',(7.65,-3.82,-7.1));
#3256 = DIRECTION('',(0.,0.,1.));
#3257 = DIRECTION('',(1.,0.,0.));
#3258 = ORIENTED_EDGE('',*,*,#3259,.F.);
#3259 = EDGE_CURVE('',#591,#3251,#3260,.T.);
#3260 = LINE('',#3261,#3262);
#3261 = CARTESIAN_POINT('',(7.750000000005,-3.82,-5.639932965096E-16));
#3262 = VECTOR('',#3263,1.);
#3263 = DIRECTION('',(-0.,-0.,-1.));
#3264 = ORIENTED_EDGE('',*,*,#598,.F.);
#3265 = CYLINDRICAL_SURFACE('',#3266,0.1);
#3266 = AXIS2_PLACEMENT_3D('',#3267,#3268,#3269);
#3267 = CARTESIAN_POINT('',(7.65,-3.82,-5.639932965096E-16));
#3268 = DIRECTION('',(0.,0.,1.));
#3269 = DIRECTION('',(1.,0.,0.));
#3270 = ADVANCED_FACE('',(#3271),#3289,.T.);
#3271 = FACE_BOUND('',#3272,.T.);
#3272 = EDGE_LOOP('',(#3273,#3274,#3282,#3288));
#3273 = ORIENTED_EDGE('',*,*,#3259,.T.);
#3274 = ORIENTED_EDGE('',*,*,#3275,.T.);
#3275 = EDGE_CURVE('',#3251,#3276,#3278,.T.);
#3276 = VERTEX_POINT('',#3277);
#3277 = CARTESIAN_POINT('',(7.750000000005,-3.52,-7.1));
#3278 = LINE('',#3279,#3280);
#3279 = CARTESIAN_POINT('',(7.75000000001,-3.82,-7.1));
#3280 = VECTOR('',#3281,1.);
#3281 = DIRECTION('',(0.,1.,0.));
#3282 = ORIENTED_EDGE('',*,*,#3283,.F.);
#3283 = EDGE_CURVE('',#582,#3276,#3284,.T.);
#3284 = LINE('',#3285,#3286);
#3285 = CARTESIAN_POINT('',(7.750000000005,-3.52,-5.639932965096E-16));
#3286 = VECTOR('',#3287,1.);
#3287 = DIRECTION('',(-0.,-0.,-1.));
#3288 = ORIENTED_EDGE('',*,*,#590,.F.);
#3289 = PLANE('',#3290);
#3290 = AXIS2_PLACEMENT_3D('',#3291,#3292,#3293);
#3291 = CARTESIAN_POINT('',(7.75000000001,-3.82,-5.639932965096E-16));
#3292 = DIRECTION('',(1.,0.,0.));
#3293 = DIRECTION('',(0.,1.,0.));
#3294 = ADVANCED_FACE('',(#3295),#3314,.T.);
#3295 = FACE_BOUND('',#3296,.T.);
#3296 = EDGE_LOOP('',(#3297,#3298,#3307,#3313));
#3297 = ORIENTED_EDGE('',*,*,#3283,.T.);
#3298 = ORIENTED_EDGE('',*,*,#3299,.T.);
#3299 = EDGE_CURVE('',#3276,#3300,#3302,.T.);
#3300 = VERTEX_POINT('',#3301);
#3301 = CARTESIAN_POINT('',(7.65,-3.419999999995,-7.1));
#3302 = CIRCLE('',#3303,0.1);
#3303 = AXIS2_PLACEMENT_3D('',#3304,#3305,#3306);
#3304 = CARTESIAN_POINT('',(7.65,-3.52,-7.1));
#3305 = DIRECTION('',(0.,0.,1.));
#3306 = DIRECTION('',(1.,0.,0.));
#3307 = ORIENTED_EDGE('',*,*,#3308,.F.);
#3308 = EDGE_CURVE('',#574,#3300,#3309,.T.);
#3309 = LINE('',#3310,#3311);
#3310 = CARTESIAN_POINT('',(7.65,-3.419999999995,-5.639932965096E-16));
#3311 = VECTOR('',#3312,1.);
#3312 = DIRECTION('',(-0.,-0.,-1.));
#3313 = ORIENTED_EDGE('',*,*,#581,.F.);
#3314 = CYLINDRICAL_SURFACE('',#3315,0.1);
#3315 = AXIS2_PLACEMENT_3D('',#3316,#3317,#3318);
#3316 = CARTESIAN_POINT('',(7.65,-3.52,-5.639932965096E-16));
#3317 = DIRECTION('',(0.,0.,1.));
#3318 = DIRECTION('',(1.,0.,0.));
#3319 = ADVANCED_FACE('',(#3320),#3338,.T.);
#3320 = FACE_BOUND('',#3321,.T.);
#3321 = EDGE_LOOP('',(#3322,#3323,#3331,#3337));
#3322 = ORIENTED_EDGE('',*,*,#3308,.T.);
#3323 = ORIENTED_EDGE('',*,*,#3324,.T.);
#3324 = EDGE_CURVE('',#3300,#3325,#3327,.T.);
#3325 = VERTEX_POINT('',#3326);
#3326 = CARTESIAN_POINT('',(7.35,-3.419999999995,-7.1));
#3327 = LINE('',#3328,#3329);
#3328 = CARTESIAN_POINT('',(7.65,-3.41999999999,-7.1));
#3329 = VECTOR('',#3330,1.);
#3330 = DIRECTION('',(-1.,0.,0.));
#3331 = ORIENTED_EDGE('',*,*,#3332,.F.);
#3332 = EDGE_CURVE('',#565,#3325,#3333,.T.);
#3333 = LINE('',#3334,#3335);
#3334 = CARTESIAN_POINT('',(7.35,-3.419999999995,-5.639932965096E-16));
#3335 = VECTOR('',#3336,1.);
#3336 = DIRECTION('',(-0.,-0.,-1.));
#3337 = ORIENTED_EDGE('',*,*,#573,.F.);
#3338 = PLANE('',#3339);
#3339 = AXIS2_PLACEMENT_3D('',#3340,#3341,#3342);
#3340 = CARTESIAN_POINT('',(7.65,-3.41999999999,-5.639932965096E-16));
#3341 = DIRECTION('',(0.,1.,0.));
#3342 = DIRECTION('',(-1.,0.,0.));
#3343 = ADVANCED_FACE('',(#3344),#3356,.T.);
#3344 = FACE_BOUND('',#3345,.T.);
#3345 = EDGE_LOOP('',(#3346,#3347,#3354,#3355));
#3346 = ORIENTED_EDGE('',*,*,#3332,.T.);
#3347 = ORIENTED_EDGE('',*,*,#3348,.T.);
#3348 = EDGE_CURVE('',#3325,#3170,#3349,.T.);
#3349 = CIRCLE('',#3350,0.1);
#3350 = AXIS2_PLACEMENT_3D('',#3351,#3352,#3353);
#3351 = CARTESIAN_POINT('',(7.35,-3.52,-7.1));
#3352 = DIRECTION('',(0.,0.,1.));
#3353 = DIRECTION('',(1.,0.,0.));
#3354 = ORIENTED_EDGE('',*,*,#3169,.F.);
#3355 = ORIENTED_EDGE('',*,*,#564,.F.);
#3356 = CYLINDRICAL_SURFACE('',#3357,0.1);
#3357 = AXIS2_PLACEMENT_3D('',#3358,#3359,#3360);
#3358 = CARTESIAN_POINT('',(7.35,-3.52,-5.639932965096E-16));
#3359 = DIRECTION('',(0.,0.,1.));
#3360 = DIRECTION('',(1.,0.,0.));
#3361 = ADVANCED_FACE('',(#3362),#3387,.T.);
#3362 = FACE_BOUND('',#3363,.T.);
#3363 = EDGE_LOOP('',(#3364,#3372,#3380,#3386));
#3364 = ORIENTED_EDGE('',*,*,#3365,.T.);
#3365 = EDGE_CURVE('',#625,#3366,#3368,.T.);
#3366 = VERTEX_POINT('',#3367);
#3367 = CARTESIAN_POINT('',(7.25,-0.98,-7.1));
#3368 = LINE('',#3369,#3370);
#3369 = CARTESIAN_POINT('',(7.25,-0.98,-8.459899447644E-16));
#3370 = VECTOR('',#3371,1.);
#3371 = DIRECTION('',(-0.,-0.,-1.));
#3372 = ORIENTED_EDGE('',*,*,#3373,.T.);
#3373 = EDGE_CURVE('',#3366,#3374,#3376,.T.);
#3374 = VERTEX_POINT('',#3375);
#3375 = CARTESIAN_POINT('',(7.25,-1.28,-7.1));
#3376 = LINE('',#3377,#3378);
#3377 = CARTESIAN_POINT('',(7.25,-0.98,-7.1));
#3378 = VECTOR('',#3379,1.);
#3379 = DIRECTION('',(0.,-1.,0.));
#3380 = ORIENTED_EDGE('',*,*,#3381,.F.);
#3381 = EDGE_CURVE('',#627,#3374,#3382,.T.);
#3382 = LINE('',#3383,#3384);
#3383 = CARTESIAN_POINT('',(7.25,-1.28,-8.459899447644E-16));
#3384 = VECTOR('',#3385,1.);
#3385 = DIRECTION('',(-0.,-0.,-1.));
#3386 = ORIENTED_EDGE('',*,*,#624,.F.);
#3387 = PLANE('',#3388);
#3388 = AXIS2_PLACEMENT_3D('',#3389,#3390,#3391);
#3389 = CARTESIAN_POINT('',(7.25,-0.98,-8.459899447644E-16));
#3390 = DIRECTION('',(-1.,0.,0.));
#3391 = DIRECTION('',(0.,-1.,0.));
#3392 = ADVANCED_FACE('',(#3393),#3412,.T.);
#3393 = FACE_BOUND('',#3394,.T.);
#3394 = EDGE_LOOP('',(#3395,#3396,#3405,#3411));
#3395 = ORIENTED_EDGE('',*,*,#3381,.T.);
#3396 = ORIENTED_EDGE('',*,*,#3397,.T.);
#3397 = EDGE_CURVE('',#3374,#3398,#3400,.T.);
#3398 = VERTEX_POINT('',#3399);
#3399 = CARTESIAN_POINT('',(7.35,-1.38,-7.1));
#3400 = CIRCLE('',#3401,0.1);
#3401 = AXIS2_PLACEMENT_3D('',#3402,#3403,#3404);
#3402 = CARTESIAN_POINT('',(7.35,-1.28,-7.1));
#3403 = DIRECTION('',(0.,0.,1.));
#3404 = DIRECTION('',(1.,0.,0.));
#3405 = ORIENTED_EDGE('',*,*,#3406,.F.);
#3406 = EDGE_CURVE('',#678,#3398,#3407,.T.);
#3407 = LINE('',#3408,#3409);
#3408 = CARTESIAN_POINT('',(7.35,-1.38,-8.459899447644E-16));
#3409 = VECTOR('',#3410,1.);
#3410 = DIRECTION('',(-0.,-0.,-1.));
#3411 = ORIENTED_EDGE('',*,*,#685,.F.);
#3412 = CYLINDRICAL_SURFACE('',#3413,0.1);
#3413 = AXIS2_PLACEMENT_3D('',#3414,#3415,#3416);
#3414 = CARTESIAN_POINT('',(7.35,-1.28,-8.459899447644E-16));
#3415 = DIRECTION('',(0.,0.,1.));
#3416 = DIRECTION('',(1.,0.,0.));
#3417 = ADVANCED_FACE('',(#3418),#3436,.T.);
#3418 = FACE_BOUND('',#3419,.T.);
#3419 = EDGE_LOOP('',(#3420,#3421,#3429,#3435));
#3420 = ORIENTED_EDGE('',*,*,#3406,.T.);
#3421 = ORIENTED_EDGE('',*,*,#3422,.T.);
#3422 = EDGE_CURVE('',#3398,#3423,#3425,.T.);
#3423 = VERTEX_POINT('',#3424);
#3424 = CARTESIAN_POINT('',(7.65,-1.38,-7.1));
#3425 = LINE('',#3426,#3427);
#3426 = CARTESIAN_POINT('',(7.35,-1.38,-7.1));
#3427 = VECTOR('',#3428,1.);
#3428 = DIRECTION('',(1.,0.,0.));
#3429 = ORIENTED_EDGE('',*,*,#3430,.F.);
#3430 = EDGE_CURVE('',#669,#3423,#3431,.T.);
#3431 = LINE('',#3432,#3433);
#3432 = CARTESIAN_POINT('',(7.65,-1.38,-8.459899447644E-16));
#3433 = VECTOR('',#3434,1.);
#3434 = DIRECTION('',(-0.,-0.,-1.));
#3435 = ORIENTED_EDGE('',*,*,#677,.F.);
#3436 = PLANE('',#3437);
#3437 = AXIS2_PLACEMENT_3D('',#3438,#3439,#3440);
#3438 = CARTESIAN_POINT('',(7.35,-1.38,-8.459899447644E-16));
#3439 = DIRECTION('',(0.,-1.,0.));
#3440 = DIRECTION('',(1.,0.,0.));
#3441 = ADVANCED_FACE('',(#3442),#3461,.T.);
#3442 = FACE_BOUND('',#3443,.T.);
#3443 = EDGE_LOOP('',(#3444,#3445,#3454,#3460));
#3444 = ORIENTED_EDGE('',*,*,#3430,.T.);
#3445 = ORIENTED_EDGE('',*,*,#3446,.T.);
#3446 = EDGE_CURVE('',#3423,#3447,#3449,.T.);
#3447 = VERTEX_POINT('',#3448);
#3448 = CARTESIAN_POINT('',(7.750000000005,-1.28,-7.1));
#3449 = CIRCLE('',#3450,0.1);
#3450 = AXIS2_PLACEMENT_3D('',#3451,#3452,#3453);
#3451 = CARTESIAN_POINT('',(7.65,-1.28,-7.1));
#3452 = DIRECTION('',(0.,0.,1.));
#3453 = DIRECTION('',(1.,0.,0.));
#3454 = ORIENTED_EDGE('',*,*,#3455,.F.);
#3455 = EDGE_CURVE('',#661,#3447,#3456,.T.);
#3456 = LINE('',#3457,#3458);
#3457 = CARTESIAN_POINT('',(7.750000000005,-1.28,-8.459899447644E-16));
#3458 = VECTOR('',#3459,1.);
#3459 = DIRECTION('',(-0.,-0.,-1.));
#3460 = ORIENTED_EDGE('',*,*,#668,.F.);
#3461 = CYLINDRICAL_SURFACE('',#3462,0.1);
#3462 = AXIS2_PLACEMENT_3D('',#3463,#3464,#3465);
#3463 = CARTESIAN_POINT('',(7.65,-1.28,-8.459899447644E-16));
#3464 = DIRECTION('',(0.,0.,1.));
#3465 = DIRECTION('',(1.,0.,0.));
#3466 = ADVANCED_FACE('',(#3467),#3485,.T.);
#3467 = FACE_BOUND('',#3468,.T.);
#3468 = EDGE_LOOP('',(#3469,#3470,#3478,#3484));
#3469 = ORIENTED_EDGE('',*,*,#3455,.T.);
#3470 = ORIENTED_EDGE('',*,*,#3471,.T.);
#3471 = EDGE_CURVE('',#3447,#3472,#3474,.T.);
#3472 = VERTEX_POINT('',#3473);
#3473 = CARTESIAN_POINT('',(7.750000000005,-0.98,-7.1));
#3474 = LINE('',#3475,#3476);
#3475 = CARTESIAN_POINT('',(7.75000000001,-1.28,-7.1));
#3476 = VECTOR('',#3477,1.);
#3477 = DIRECTION('',(0.,1.,0.));
#3478 = ORIENTED_EDGE('',*,*,#3479,.F.);
#3479 = EDGE_CURVE('',#652,#3472,#3480,.T.);
#3480 = LINE('',#3481,#3482);
#3481 = CARTESIAN_POINT('',(7.750000000005,-0.98,-8.459899447644E-16));
#3482 = VECTOR('',#3483,1.);
#3483 = DIRECTION('',(-0.,-0.,-1.));
#3484 = ORIENTED_EDGE('',*,*,#660,.F.);
#3485 = PLANE('',#3486);
#3486 = AXIS2_PLACEMENT_3D('',#3487,#3488,#3489);
#3487 = CARTESIAN_POINT('',(7.75000000001,-1.28,-8.459899447644E-16));
#3488 = DIRECTION('',(1.,0.,0.));
#3489 = DIRECTION('',(0.,1.,0.));
#3490 = ADVANCED_FACE('',(#3491),#3510,.T.);
#3491 = FACE_BOUND('',#3492,.T.);
#3492 = EDGE_LOOP('',(#3493,#3494,#3503,#3509));
#3493 = ORIENTED_EDGE('',*,*,#3479,.T.);
#3494 = ORIENTED_EDGE('',*,*,#3495,.T.);
#3495 = EDGE_CURVE('',#3472,#3496,#3498,.T.);
#3496 = VERTEX_POINT('',#3497);
#3497 = CARTESIAN_POINT('',(7.65,-0.879999999995,-7.1));
#3498 = CIRCLE('',#3499,0.1);
#3499 = AXIS2_PLACEMENT_3D('',#3500,#3501,#3502);
#3500 = CARTESIAN_POINT('',(7.65,-0.98,-7.1));
#3501 = DIRECTION('',(0.,0.,1.));
#3502 = DIRECTION('',(1.,0.,0.));
#3503 = ORIENTED_EDGE('',*,*,#3504,.F.);
#3504 = EDGE_CURVE('',#644,#3496,#3505,.T.);
#3505 = LINE('',#3506,#3507);
#3506 = CARTESIAN_POINT('',(7.65,-0.879999999995,-8.459899447644E-16));
#3507 = VECTOR('',#3508,1.);
#3508 = DIRECTION('',(-0.,-0.,-1.));
#3509 = ORIENTED_EDGE('',*,*,#651,.F.);
#3510 = CYLINDRICAL_SURFACE('',#3511,0.1);
#3511 = AXIS2_PLACEMENT_3D('',#3512,#3513,#3514);
#3512 = CARTESIAN_POINT('',(7.65,-0.98,-8.459899447644E-16));
#3513 = DIRECTION('',(0.,0.,1.));
#3514 = DIRECTION('',(1.,0.,0.));
#3515 = ADVANCED_FACE('',(#3516),#3534,.T.);
#3516 = FACE_BOUND('',#3517,.T.);
#3517 = EDGE_LOOP('',(#3518,#3519,#3527,#3533));
#3518 = ORIENTED_EDGE('',*,*,#3504,.T.);
#3519 = ORIENTED_EDGE('',*,*,#3520,.T.);
#3520 = EDGE_CURVE('',#3496,#3521,#3523,.T.);
#3521 = VERTEX_POINT('',#3522);
#3522 = CARTESIAN_POINT('',(7.35,-0.879999999995,-7.1));
#3523 = LINE('',#3524,#3525);
#3524 = CARTESIAN_POINT('',(7.65,-0.87999999999,-7.1));
#3525 = VECTOR('',#3526,1.);
#3526 = DIRECTION('',(-1.,0.,0.));
#3527 = ORIENTED_EDGE('',*,*,#3528,.F.);
#3528 = EDGE_CURVE('',#635,#3521,#3529,.T.);
#3529 = LINE('',#3530,#3531);
#3530 = CARTESIAN_POINT('',(7.35,-0.879999999995,-8.459899447644E-16));
#3531 = VECTOR('',#3532,1.);
#3532 = DIRECTION('',(-0.,-0.,-1.));
#3533 = ORIENTED_EDGE('',*,*,#643,.F.);
#3534 = PLANE('',#3535);
#3535 = AXIS2_PLACEMENT_3D('',#3536,#3537,#3538);
#3536 = CARTESIAN_POINT('',(7.65,-0.87999999999,-8.459899447644E-16));
#3537 = DIRECTION('',(0.,1.,0.));
#3538 = DIRECTION('',(-1.,0.,0.));
#3539 = ADVANCED_FACE('',(#3540),#3552,.T.);
#3540 = FACE_BOUND('',#3541,.T.);
#3541 = EDGE_LOOP('',(#3542,#3543,#3550,#3551));
#3542 = ORIENTED_EDGE('',*,*,#3528,.T.);
#3543 = ORIENTED_EDGE('',*,*,#3544,.T.);
#3544 = EDGE_CURVE('',#3521,#3366,#3545,.T.);
#3545 = CIRCLE('',#3546,0.1);
#3546 = AXIS2_PLACEMENT_3D('',#3547,#3548,#3549);
#3547 = CARTESIAN_POINT('',(7.35,-0.98,-7.1));
#3548 = DIRECTION('',(0.,0.,1.));
#3549 = DIRECTION('',(1.,0.,0.));
#3550 = ORIENTED_EDGE('',*,*,#3365,.F.);
#3551 = ORIENTED_EDGE('',*,*,#634,.F.);
#3552 = CYLINDRICAL_SURFACE('',#3553,0.1);
#3553 = AXIS2_PLACEMENT_3D('',#3554,#3555,#3556);
#3554 = CARTESIAN_POINT('',(7.35,-0.98,-8.459899447644E-16));
#3555 = DIRECTION('',(0.,0.,1.));
#3556 = DIRECTION('',(1.,0.,0.));
#3557 = ADVANCED_FACE('',(#3558),#3583,.T.);
#3558 = FACE_BOUND('',#3559,.T.);
#3559 = EDGE_LOOP('',(#3560,#3568,#3576,#3582));
#3560 = ORIENTED_EDGE('',*,*,#3561,.T.);
#3561 = EDGE_CURVE('',#695,#3562,#3564,.T.);
#3562 = VERTEX_POINT('',#3563);
#3563 = CARTESIAN_POINT('',(-7.65,1.16,-7.1));
#3564 = LINE('',#3565,#3566);
#3565 = CARTESIAN_POINT('',(-7.65,1.16,-1.127986593019E-15));
#3566 = VECTOR('',#3567,1.);
#3567 = DIRECTION('',(-0.,-0.,-1.));
#3568 = ORIENTED_EDGE('',*,*,#3569,.T.);
#3569 = EDGE_CURVE('',#3562,#3570,#3572,.T.);
#3570 = VERTEX_POINT('',#3571);
#3571 = CARTESIAN_POINT('',(-7.35,1.16,-7.1));
#3572 = LINE('',#3573,#3574);
#3573 = CARTESIAN_POINT('',(-7.65,1.16,-7.1));
#3574 = VECTOR('',#3575,1.);
#3575 = DIRECTION('',(1.,0.,0.));
#3576 = ORIENTED_EDGE('',*,*,#3577,.F.);
#3577 = EDGE_CURVE('',#697,#3570,#3578,.T.);
#3578 = LINE('',#3579,#3580);
#3579 = CARTESIAN_POINT('',(-7.35,1.16,-1.127986593019E-15));
#3580 = VECTOR('',#3581,1.);
#3581 = DIRECTION('',(-0.,-0.,-1.));
#3582 = ORIENTED_EDGE('',*,*,#694,.F.);
#3583 = PLANE('',#3584);
#3584 = AXIS2_PLACEMENT_3D('',#3585,#3586,#3587);
#3585 = CARTESIAN_POINT('',(-7.65,1.16,-1.127986593019E-15));
#3586 = DIRECTION('',(0.,-1.,0.));
#3587 = DIRECTION('',(1.,0.,0.));
#3588 = ADVANCED_FACE('',(#3589),#3608,.T.);
#3589 = FACE_BOUND('',#3590,.T.);
#3590 = EDGE_LOOP('',(#3591,#3592,#3601,#3607));
#3591 = ORIENTED_EDGE('',*,*,#3577,.T.);
#3592 = ORIENTED_EDGE('',*,*,#3593,.T.);
#3593 = EDGE_CURVE('',#3570,#3594,#3596,.T.);
#3594 = VERTEX_POINT('',#3595);
#3595 = CARTESIAN_POINT('',(-7.25,1.26,-7.1));
#3596 = CIRCLE('',#3597,0.1);
#3597 = AXIS2_PLACEMENT_3D('',#3598,#3599,#3600);
#3598 = CARTESIAN_POINT('',(-7.35,1.26,-7.1));
#3599 = DIRECTION('',(0.,0.,1.));
#3600 = DIRECTION('',(1.,0.,0.));
#3601 = ORIENTED_EDGE('',*,*,#3602,.F.);
#3602 = EDGE_CURVE('',#748,#3594,#3603,.T.);
#3603 = LINE('',#3604,#3605);
#3604 = CARTESIAN_POINT('',(-7.25,1.26,-1.127986593019E-15));
#3605 = VECTOR('',#3606,1.);
#3606 = DIRECTION('',(-0.,-0.,-1.));
#3607 = ORIENTED_EDGE('',*,*,#755,.F.);
#3608 = CYLINDRICAL_SURFACE('',#3609,0.1);
#3609 = AXIS2_PLACEMENT_3D('',#3610,#3611,#3612);
#3610 = CARTESIAN_POINT('',(-7.35,1.26,-1.127986593019E-15));
#3611 = DIRECTION('',(0.,0.,1.));
#3612 = DIRECTION('',(1.,0.,0.));
#3613 = ADVANCED_FACE('',(#3614),#3632,.T.);
#3614 = FACE_BOUND('',#3615,.T.);
#3615 = EDGE_LOOP('',(#3616,#3617,#3625,#3631));
#3616 = ORIENTED_EDGE('',*,*,#3602,.T.);
#3617 = ORIENTED_EDGE('',*,*,#3618,.T.);
#3618 = EDGE_CURVE('',#3594,#3619,#3621,.T.);
#3619 = VERTEX_POINT('',#3620);
#3620 = CARTESIAN_POINT('',(-7.25,1.56,-7.1));
#3621 = LINE('',#3622,#3623);
#3622 = CARTESIAN_POINT('',(-7.25,1.26,-7.1));
#3623 = VECTOR('',#3624,1.);
#3624 = DIRECTION('',(0.,1.,0.));
#3625 = ORIENTED_EDGE('',*,*,#3626,.F.);
#3626 = EDGE_CURVE('',#739,#3619,#3627,.T.);
#3627 = LINE('',#3628,#3629);
#3628 = CARTESIAN_POINT('',(-7.25,1.56,-1.127986593019E-15));
#3629 = VECTOR('',#3630,1.);
#3630 = DIRECTION('',(-0.,-0.,-1.));
#3631 = ORIENTED_EDGE('',*,*,#747,.F.);
#3632 = PLANE('',#3633);
#3633 = AXIS2_PLACEMENT_3D('',#3634,#3635,#3636);
#3634 = CARTESIAN_POINT('',(-7.25,1.26,-1.127986593019E-15));
#3635 = DIRECTION('',(1.,0.,0.));
#3636 = DIRECTION('',(0.,1.,0.));
#3637 = ADVANCED_FACE('',(#3638),#3657,.T.);
#3638 = FACE_BOUND('',#3639,.T.);
#3639 = EDGE_LOOP('',(#3640,#3641,#3650,#3656));
#3640 = ORIENTED_EDGE('',*,*,#3626,.T.);
#3641 = ORIENTED_EDGE('',*,*,#3642,.T.);
#3642 = EDGE_CURVE('',#3619,#3643,#3645,.T.);
#3643 = VERTEX_POINT('',#3644);
#3644 = CARTESIAN_POINT('',(-7.35,1.66,-7.1));
#3645 = CIRCLE('',#3646,0.1);
#3646 = AXIS2_PLACEMENT_3D('',#3647,#3648,#3649);
#3647 = CARTESIAN_POINT('',(-7.35,1.56,-7.1));
#3648 = DIRECTION('',(0.,0.,1.));
#3649 = DIRECTION('',(1.,0.,0.));
#3650 = ORIENTED_EDGE('',*,*,#3651,.F.);
#3651 = EDGE_CURVE('',#731,#3643,#3652,.T.);
#3652 = LINE('',#3653,#3654);
#3653 = CARTESIAN_POINT('',(-7.35,1.66,-1.127986593019E-15));
#3654 = VECTOR('',#3655,1.);
#3655 = DIRECTION('',(-0.,-0.,-1.));
#3656 = ORIENTED_EDGE('',*,*,#738,.F.);
#3657 = CYLINDRICAL_SURFACE('',#3658,0.1);
#3658 = AXIS2_PLACEMENT_3D('',#3659,#3660,#3661);
#3659 = CARTESIAN_POINT('',(-7.35,1.56,-1.127986593019E-15));
#3660 = DIRECTION('',(0.,0.,1.));
#3661 = DIRECTION('',(1.,0.,0.));
#3662 = ADVANCED_FACE('',(#3663),#3681,.T.);
#3663 = FACE_BOUND('',#3664,.T.);
#3664 = EDGE_LOOP('',(#3665,#3666,#3674,#3680));
#3665 = ORIENTED_EDGE('',*,*,#3651,.T.);
#3666 = ORIENTED_EDGE('',*,*,#3667,.T.);
#3667 = EDGE_CURVE('',#3643,#3668,#3670,.T.);
#3668 = VERTEX_POINT('',#3669);
#3669 = CARTESIAN_POINT('',(-7.65,1.66,-7.1));
#3670 = LINE('',#3671,#3672);
#3671 = CARTESIAN_POINT('',(-7.35,1.66,-7.1));
#3672 = VECTOR('',#3673,1.);
#3673 = DIRECTION('',(-1.,0.,0.));
#3674 = ORIENTED_EDGE('',*,*,#3675,.F.);
#3675 = EDGE_CURVE('',#722,#3668,#3676,.T.);
#3676 = LINE('',#3677,#3678);
#3677 = CARTESIAN_POINT('',(-7.65,1.66,-1.127986593019E-15));
#3678 = VECTOR('',#3679,1.);
#3679 = DIRECTION('',(-0.,-0.,-1.));
#3680 = ORIENTED_EDGE('',*,*,#730,.F.);
#3681 = PLANE('',#3682);
#3682 = AXIS2_PLACEMENT_3D('',#3683,#3684,#3685);
#3683 = CARTESIAN_POINT('',(-7.35,1.66,-1.127986593019E-15));
#3684 = DIRECTION('',(0.,1.,0.));
#3685 = DIRECTION('',(-1.,0.,0.));
#3686 = ADVANCED_FACE('',(#3687),#3706,.T.);
#3687 = FACE_BOUND('',#3688,.T.);
#3688 = EDGE_LOOP('',(#3689,#3690,#3699,#3705));
#3689 = ORIENTED_EDGE('',*,*,#3675,.T.);
#3690 = ORIENTED_EDGE('',*,*,#3691,.T.);
#3691 = EDGE_CURVE('',#3668,#3692,#3694,.T.);
#3692 = VERTEX_POINT('',#3693);
#3693 = CARTESIAN_POINT('',(-7.75,1.56,-7.1));
#3694 = CIRCLE('',#3695,0.1);
#3695 = AXIS2_PLACEMENT_3D('',#3696,#3697,#3698);
#3696 = CARTESIAN_POINT('',(-7.65,1.56,-7.1));
#3697 = DIRECTION('',(0.,0.,1.));
#3698 = DIRECTION('',(1.,0.,0.));
#3699 = ORIENTED_EDGE('',*,*,#3700,.F.);
#3700 = EDGE_CURVE('',#714,#3692,#3701,.T.);
#3701 = LINE('',#3702,#3703);
#3702 = CARTESIAN_POINT('',(-7.75,1.56,-1.127986593019E-15));
#3703 = VECTOR('',#3704,1.);
#3704 = DIRECTION('',(-0.,-0.,-1.));
#3705 = ORIENTED_EDGE('',*,*,#721,.F.);
#3706 = CYLINDRICAL_SURFACE('',#3707,0.1);
#3707 = AXIS2_PLACEMENT_3D('',#3708,#3709,#3710);
#3708 = CARTESIAN_POINT('',(-7.65,1.56,-1.127986593019E-15));
#3709 = DIRECTION('',(0.,0.,1.));
#3710 = DIRECTION('',(1.,0.,0.));
#3711 = ADVANCED_FACE('',(#3712),#3730,.T.);
#3712 = FACE_BOUND('',#3713,.T.);
#3713 = EDGE_LOOP('',(#3714,#3715,#3723,#3729));
#3714 = ORIENTED_EDGE('',*,*,#3700,.T.);
#3715 = ORIENTED_EDGE('',*,*,#3716,.T.);
#3716 = EDGE_CURVE('',#3692,#3717,#3719,.T.);
#3717 = VERTEX_POINT('',#3718);
#3718 = CARTESIAN_POINT('',(-7.75,1.26,-7.1));
#3719 = LINE('',#3720,#3721);
#3720 = CARTESIAN_POINT('',(-7.75,1.56,-7.1));
#3721 = VECTOR('',#3722,1.);
#3722 = DIRECTION('',(0.,-1.,0.));
#3723 = ORIENTED_EDGE('',*,*,#3724,.F.);
#3724 = EDGE_CURVE('',#705,#3717,#3725,.T.);
#3725 = LINE('',#3726,#3727);
#3726 = CARTESIAN_POINT('',(-7.75,1.26,-1.127986593019E-15));
#3727 = VECTOR('',#3728,1.);
#3728 = DIRECTION('',(-0.,-0.,-1.));
#3729 = ORIENTED_EDGE('',*,*,#713,.F.);
#3730 = PLANE('',#3731);
#3731 = AXIS2_PLACEMENT_3D('',#3732,#3733,#3734);
#3732 = CARTESIAN_POINT('',(-7.75,1.56,-1.127986593019E-15));
#3733 = DIRECTION('',(-1.,0.,0.));
#3734 = DIRECTION('',(0.,-1.,0.));
#3735 = ADVANCED_FACE('',(#3736),#3748,.T.);
#3736 = FACE_BOUND('',#3737,.T.);
#3737 = EDGE_LOOP('',(#3738,#3739,#3746,#3747));
#3738 = ORIENTED_EDGE('',*,*,#3724,.T.);
#3739 = ORIENTED_EDGE('',*,*,#3740,.T.);
#3740 = EDGE_CURVE('',#3717,#3562,#3741,.T.);
#3741 = CIRCLE('',#3742,0.1);
#3742 = AXIS2_PLACEMENT_3D('',#3743,#3744,#3745);
#3743 = CARTESIAN_POINT('',(-7.65,1.26,-7.1));
#3744 = DIRECTION('',(0.,0.,1.));
#3745 = DIRECTION('',(1.,0.,0.));
#3746 = ORIENTED_EDGE('',*,*,#3561,.F.);
#3747 = ORIENTED_EDGE('',*,*,#704,.F.);
#3748 = CYLINDRICAL_SURFACE('',#3749,0.1);
#3749 = AXIS2_PLACEMENT_3D('',#3750,#3751,#3752);
#3750 = CARTESIAN_POINT('',(-7.65,1.26,-1.127986593019E-15));
#3751 = DIRECTION('',(0.,0.,1.));
#3752 = DIRECTION('',(1.,0.,0.));
#3753 = ADVANCED_FACE('',(#3754),#3779,.T.);
#3754 = FACE_BOUND('',#3755,.T.);
#3755 = EDGE_LOOP('',(#3756,#3764,#3772,#3778));
#3756 = ORIENTED_EDGE('',*,*,#3757,.T.);
#3757 = EDGE_CURVE('',#765,#3758,#3760,.T.);
#3758 = VERTEX_POINT('',#3759);
#3759 = CARTESIAN_POINT('',(-7.65,3.7,-7.1));
#3760 = LINE('',#3761,#3762);
#3761 = CARTESIAN_POINT('',(-7.65,3.7,-1.409983241274E-15));
#3762 = VECTOR('',#3763,1.);
#3763 = DIRECTION('',(-0.,-0.,-1.));
#3764 = ORIENTED_EDGE('',*,*,#3765,.T.);
#3765 = EDGE_CURVE('',#3758,#3766,#3768,.T.);
#3766 = VERTEX_POINT('',#3767);
#3767 = CARTESIAN_POINT('',(-7.35,3.7,-7.1));
#3768 = LINE('',#3769,#3770);
#3769 = CARTESIAN_POINT('',(-7.65,3.7,-7.1));
#3770 = VECTOR('',#3771,1.);
#3771 = DIRECTION('',(1.,0.,0.));
#3772 = ORIENTED_EDGE('',*,*,#3773,.F.);
#3773 = EDGE_CURVE('',#767,#3766,#3774,.T.);
#3774 = LINE('',#3775,#3776);
#3775 = CARTESIAN_POINT('',(-7.35,3.7,-1.409983241274E-15));
#3776 = VECTOR('',#3777,1.);
#3777 = DIRECTION('',(-0.,-0.,-1.));
#3778 = ORIENTED_EDGE('',*,*,#764,.F.);
#3779 = PLANE('',#3780);
#3780 = AXIS2_PLACEMENT_3D('',#3781,#3782,#3783);
#3781 = CARTESIAN_POINT('',(-7.65,3.7,-1.409983241274E-15));
#3782 = DIRECTION('',(0.,-1.,0.));
#3783 = DIRECTION('',(1.,0.,0.));
#3784 = ADVANCED_FACE('',(#3785),#3804,.T.);
#3785 = FACE_BOUND('',#3786,.T.);
#3786 = EDGE_LOOP('',(#3787,#3788,#3797,#3803));
#3787 = ORIENTED_EDGE('',*,*,#3773,.T.);
#3788 = ORIENTED_EDGE('',*,*,#3789,.T.);
#3789 = EDGE_CURVE('',#3766,#3790,#3792,.T.);
#3790 = VERTEX_POINT('',#3791);
#3791 = CARTESIAN_POINT('',(-7.25,3.8,-7.1));
#3792 = CIRCLE('',#3793,0.1);
#3793 = AXIS2_PLACEMENT_3D('',#3794,#3795,#3796);
#3794 = CARTESIAN_POINT('',(-7.35,3.8,-7.1));
#3795 = DIRECTION('',(0.,0.,1.));
#3796 = DIRECTION('',(1.,0.,0.));
#3797 = ORIENTED_EDGE('',*,*,#3798,.F.);
#3798 = EDGE_CURVE('',#818,#3790,#3799,.T.);
#3799 = LINE('',#3800,#3801);
#3800 = CARTESIAN_POINT('',(-7.25,3.8,-1.409983241274E-15));
#3801 = VECTOR('',#3802,1.);
#3802 = DIRECTION('',(-0.,-0.,-1.));
#3803 = ORIENTED_EDGE('',*,*,#825,.F.);
#3804 = CYLINDRICAL_SURFACE('',#3805,0.1);
#3805 = AXIS2_PLACEMENT_3D('',#3806,#3807,#3808);
#3806 = CARTESIAN_POINT('',(-7.35,3.8,-1.409983241274E-15));
#3807 = DIRECTION('',(0.,0.,1.));
#3808 = DIRECTION('',(1.,0.,0.));
#3809 = ADVANCED_FACE('',(#3810),#3828,.T.);
#3810 = FACE_BOUND('',#3811,.T.);
#3811 = EDGE_LOOP('',(#3812,#3813,#3821,#3827));
#3812 = ORIENTED_EDGE('',*,*,#3798,.T.);
#3813 = ORIENTED_EDGE('',*,*,#3814,.T.);
#3814 = EDGE_CURVE('',#3790,#3815,#3817,.T.);
#3815 = VERTEX_POINT('',#3816);
#3816 = CARTESIAN_POINT('',(-7.25,4.1,-7.1));
#3817 = LINE('',#3818,#3819);
#3818 = CARTESIAN_POINT('',(-7.25,3.8,-7.1));
#3819 = VECTOR('',#3820,1.);
#3820 = DIRECTION('',(0.,1.,0.));
#3821 = ORIENTED_EDGE('',*,*,#3822,.F.);
#3822 = EDGE_CURVE('',#809,#3815,#3823,.T.);
#3823 = LINE('',#3824,#3825);
#3824 = CARTESIAN_POINT('',(-7.25,4.1,-1.409983241274E-15));
#3825 = VECTOR('',#3826,1.);
#3826 = DIRECTION('',(-0.,-0.,-1.));
#3827 = ORIENTED_EDGE('',*,*,#817,.F.);
#3828 = PLANE('',#3829);
#3829 = AXIS2_PLACEMENT_3D('',#3830,#3831,#3832);
#3830 = CARTESIAN_POINT('',(-7.25,3.8,-1.409983241274E-15));
#3831 = DIRECTION('',(1.,0.,0.));
#3832 = DIRECTION('',(0.,1.,0.));
#3833 = ADVANCED_FACE('',(#3834),#3853,.T.);
#3834 = FACE_BOUND('',#3835,.T.);
#3835 = EDGE_LOOP('',(#3836,#3837,#3846,#3852));
#3836 = ORIENTED_EDGE('',*,*,#3822,.T.);
#3837 = ORIENTED_EDGE('',*,*,#3838,.T.);
#3838 = EDGE_CURVE('',#3815,#3839,#3841,.T.);
#3839 = VERTEX_POINT('',#3840);
#3840 = CARTESIAN_POINT('',(-7.35,4.2,-7.1));
#3841 = CIRCLE('',#3842,0.1);
#3842 = AXIS2_PLACEMENT_3D('',#3843,#3844,#3845);
#3843 = CARTESIAN_POINT('',(-7.35,4.1,-7.1));
#3844 = DIRECTION('',(0.,0.,1.));
#3845 = DIRECTION('',(1.,0.,0.));
#3846 = ORIENTED_EDGE('',*,*,#3847,.F.);
#3847 = EDGE_CURVE('',#801,#3839,#3848,.T.);
#3848 = LINE('',#3849,#3850);
#3849 = CARTESIAN_POINT('',(-7.35,4.2,-1.409983241274E-15));
#3850 = VECTOR('',#3851,1.);
#3851 = DIRECTION('',(-0.,-0.,-1.));
#3852 = ORIENTED_EDGE('',*,*,#808,.F.);
#3853 = CYLINDRICAL_SURFACE('',#3854,0.1);
#3854 = AXIS2_PLACEMENT_3D('',#3855,#3856,#3857);
#3855 = CARTESIAN_POINT('',(-7.35,4.1,-1.409983241274E-15));
#3856 = DIRECTION('',(0.,0.,1.));
#3857 = DIRECTION('',(1.,0.,0.));
#3858 = ADVANCED_FACE('',(#3859),#3877,.T.);
#3859 = FACE_BOUND('',#3860,.T.);
#3860 = EDGE_LOOP('',(#3861,#3862,#3870,#3876));
#3861 = ORIENTED_EDGE('',*,*,#3847,.T.);
#3862 = ORIENTED_EDGE('',*,*,#3863,.T.);
#3863 = EDGE_CURVE('',#3839,#3864,#3866,.T.);
#3864 = VERTEX_POINT('',#3865);
#3865 = CARTESIAN_POINT('',(-7.65,4.2,-7.1));
#3866 = LINE('',#3867,#3868);
#3867 = CARTESIAN_POINT('',(-7.35,4.2,-7.1));
#3868 = VECTOR('',#3869,1.);
#3869 = DIRECTION('',(-1.,0.,0.));
#3870 = ORIENTED_EDGE('',*,*,#3871,.F.);
#3871 = EDGE_CURVE('',#792,#3864,#3872,.T.);
#3872 = LINE('',#3873,#3874);
#3873 = CARTESIAN_POINT('',(-7.65,4.2,-1.409983241274E-15));
#3874 = VECTOR('',#3875,1.);
#3875 = DIRECTION('',(-0.,-0.,-1.));
#3876 = ORIENTED_EDGE('',*,*,#800,.F.);
#3877 = PLANE('',#3878);
#3878 = AXIS2_PLACEMENT_3D('',#3879,#3880,#3881);
#3879 = CARTESIAN_POINT('',(-7.35,4.2,-1.409983241274E-15));
#3880 = DIRECTION('',(0.,1.,0.));
#3881 = DIRECTION('',(-1.,0.,0.));
#3882 = ADVANCED_FACE('',(#3883),#3902,.T.);
#3883 = FACE_BOUND('',#3884,.T.);
#3884 = EDGE_LOOP('',(#3885,#3886,#3895,#3901));
#3885 = ORIENTED_EDGE('',*,*,#3871,.T.);
#3886 = ORIENTED_EDGE('',*,*,#3887,.T.);
#3887 = EDGE_CURVE('',#3864,#3888,#3890,.T.);
#3888 = VERTEX_POINT('',#3889);
#3889 = CARTESIAN_POINT('',(-7.75,4.1,-7.1));
#3890 = CIRCLE('',#3891,0.1);
#3891 = AXIS2_PLACEMENT_3D('',#3892,#3893,#3894);
#3892 = CARTESIAN_POINT('',(-7.65,4.1,-7.1));
#3893 = DIRECTION('',(0.,0.,1.));
#3894 = DIRECTION('',(1.,0.,0.));
#3895 = ORIENTED_EDGE('',*,*,#3896,.F.);
#3896 = EDGE_CURVE('',#784,#3888,#3897,.T.);
#3897 = LINE('',#3898,#3899);
#3898 = CARTESIAN_POINT('',(-7.75,4.1,-1.409983241274E-15));
#3899 = VECTOR('',#3900,1.);
#3900 = DIRECTION('',(-0.,-0.,-1.));
#3901 = ORIENTED_EDGE('',*,*,#791,.F.);
#3902 = CYLINDRICAL_SURFACE('',#3903,0.1);
#3903 = AXIS2_PLACEMENT_3D('',#3904,#3905,#3906);
#3904 = CARTESIAN_POINT('',(-7.65,4.1,-1.409983241274E-15));
#3905 = DIRECTION('',(0.,0.,1.));
#3906 = DIRECTION('',(1.,0.,0.));
#3907 = ADVANCED_FACE('',(#3908),#3926,.T.);
#3908 = FACE_BOUND('',#3909,.T.);
#3909 = EDGE_LOOP('',(#3910,#3911,#3919,#3925));
#3910 = ORIENTED_EDGE('',*,*,#3896,.T.);
#3911 = ORIENTED_EDGE('',*,*,#3912,.T.);
#3912 = EDGE_CURVE('',#3888,#3913,#3915,.T.);
#3913 = VERTEX_POINT('',#3914);
#3914 = CARTESIAN_POINT('',(-7.75,3.8,-7.1));
#3915 = LINE('',#3916,#3917);
#3916 = CARTESIAN_POINT('',(-7.75,4.1,-7.1));
#3917 = VECTOR('',#3918,1.);
#3918 = DIRECTION('',(0.,-1.,0.));
#3919 = ORIENTED_EDGE('',*,*,#3920,.F.);
#3920 = EDGE_CURVE('',#775,#3913,#3921,.T.);
#3921 = LINE('',#3922,#3923);
#3922 = CARTESIAN_POINT('',(-7.75,3.8,-1.409983241274E-15));
#3923 = VECTOR('',#3924,1.);
#3924 = DIRECTION('',(-0.,-0.,-1.));
#3925 = ORIENTED_EDGE('',*,*,#783,.F.);
#3926 = PLANE('',#3927);
#3927 = AXIS2_PLACEMENT_3D('',#3928,#3929,#3930);
#3928 = CARTESIAN_POINT('',(-7.75,4.1,-1.409983241274E-15));
#3929 = DIRECTION('',(-1.,0.,0.));
#3930 = DIRECTION('',(0.,-1.,0.));
#3931 = ADVANCED_FACE('',(#3932),#3944,.T.);
#3932 = FACE_BOUND('',#3933,.T.);
#3933 = EDGE_LOOP('',(#3934,#3935,#3942,#3943));
#3934 = ORIENTED_EDGE('',*,*,#3920,.T.);
#3935 = ORIENTED_EDGE('',*,*,#3936,.T.);
#3936 = EDGE_CURVE('',#3913,#3758,#3937,.T.);
#3937 = CIRCLE('',#3938,0.1);
#3938 = AXIS2_PLACEMENT_3D('',#3939,#3940,#3941);
#3939 = CARTESIAN_POINT('',(-7.65,3.8,-7.1));
#3940 = DIRECTION('',(0.,0.,1.));
#3941 = DIRECTION('',(1.,0.,0.));
#3942 = ORIENTED_EDGE('',*,*,#3757,.F.);
#3943 = ORIENTED_EDGE('',*,*,#774,.F.);
#3944 = CYLINDRICAL_SURFACE('',#3945,0.1);
#3945 = AXIS2_PLACEMENT_3D('',#3946,#3947,#3948);
#3946 = CARTESIAN_POINT('',(-7.65,3.8,-1.409983241274E-15));
#3947 = DIRECTION('',(0.,0.,1.));
#3948 = DIRECTION('',(1.,0.,0.));
#3949 = ADVANCED_FACE('',(#3950),#3975,.T.);
#3950 = FACE_BOUND('',#3951,.T.);
#3951 = EDGE_LOOP('',(#3952,#3960,#3968,#3974));
#3952 = ORIENTED_EDGE('',*,*,#3953,.T.);
#3953 = EDGE_CURVE('',#835,#3954,#3956,.T.);
#3954 = VERTEX_POINT('',#3955);
#3955 = CARTESIAN_POINT('',(-7.65,6.24,-7.1));
#3956 = LINE('',#3957,#3958);
#3957 = CARTESIAN_POINT('',(-7.65,6.24,-1.691979889529E-15));
#3958 = VECTOR('',#3959,1.);
#3959 = DIRECTION('',(-0.,-0.,-1.));
#3960 = ORIENTED_EDGE('',*,*,#3961,.T.);
#3961 = EDGE_CURVE('',#3954,#3962,#3964,.T.);
#3962 = VERTEX_POINT('',#3963);
#3963 = CARTESIAN_POINT('',(-7.35,6.24,-7.1));
#3964 = LINE('',#3965,#3966);
#3965 = CARTESIAN_POINT('',(-7.65,6.24,-7.1));
#3966 = VECTOR('',#3967,1.);
#3967 = DIRECTION('',(1.,0.,0.));
#3968 = ORIENTED_EDGE('',*,*,#3969,.F.);
#3969 = EDGE_CURVE('',#837,#3962,#3970,.T.);
#3970 = LINE('',#3971,#3972);
#3971 = CARTESIAN_POINT('',(-7.35,6.24,-1.691979889529E-15));
#3972 = VECTOR('',#3973,1.);
#3973 = DIRECTION('',(-0.,-0.,-1.));
#3974 = ORIENTED_EDGE('',*,*,#834,.F.);
#3975 = PLANE('',#3976);
#3976 = AXIS2_PLACEMENT_3D('',#3977,#3978,#3979);
#3977 = CARTESIAN_POINT('',(-7.65,6.24,-1.691979889529E-15));
#3978 = DIRECTION('',(0.,-1.,0.));
#3979 = DIRECTION('',(1.,0.,0.));
#3980 = ADVANCED_FACE('',(#3981),#4000,.T.);
#3981 = FACE_BOUND('',#3982,.T.);
#3982 = EDGE_LOOP('',(#3983,#3984,#3993,#3999));
#3983 = ORIENTED_EDGE('',*,*,#3969,.T.);
#3984 = ORIENTED_EDGE('',*,*,#3985,.T.);
#3985 = EDGE_CURVE('',#3962,#3986,#3988,.T.);
#3986 = VERTEX_POINT('',#3987);
#3987 = CARTESIAN_POINT('',(-7.25,6.34,-7.1));
#3988 = CIRCLE('',#3989,0.1);
#3989 = AXIS2_PLACEMENT_3D('',#3990,#3991,#3992);
#3990 = CARTESIAN_POINT('',(-7.35,6.34,-7.1));
#3991 = DIRECTION('',(0.,0.,1.));
#3992 = DIRECTION('',(1.,0.,0.));
#3993 = ORIENTED_EDGE('',*,*,#3994,.F.);
#3994 = EDGE_CURVE('',#888,#3986,#3995,.T.);
#3995 = LINE('',#3996,#3997);
#3996 = CARTESIAN_POINT('',(-7.25,6.34,-1.691979889529E-15));
#3997 = VECTOR('',#3998,1.);
#3998 = DIRECTION('',(-0.,-0.,-1.));
#3999 = ORIENTED_EDGE('',*,*,#895,.F.);
#4000 = CYLINDRICAL_SURFACE('',#4001,0.1);
#4001 = AXIS2_PLACEMENT_3D('',#4002,#4003,#4004);
#4002 = CARTESIAN_POINT('',(-7.35,6.34,-1.691979889529E-15));
#4003 = DIRECTION('',(0.,0.,1.));
#4004 = DIRECTION('',(1.,0.,0.));
#4005 = ADVANCED_FACE('',(#4006),#4024,.T.);
#4006 = FACE_BOUND('',#4007,.T.);
#4007 = EDGE_LOOP('',(#4008,#4009,#4017,#4023));
#4008 = ORIENTED_EDGE('',*,*,#3994,.T.);
#4009 = ORIENTED_EDGE('',*,*,#4010,.T.);
#4010 = EDGE_CURVE('',#3986,#4011,#4013,.T.);
#4011 = VERTEX_POINT('',#4012);
#4012 = CARTESIAN_POINT('',(-7.25,6.64,-7.1));
#4013 = LINE('',#4014,#4015);
#4014 = CARTESIAN_POINT('',(-7.25,6.34,-7.1));
#4015 = VECTOR('',#4016,1.);
#4016 = DIRECTION('',(0.,1.,0.));
#4017 = ORIENTED_EDGE('',*,*,#4018,.F.);
#4018 = EDGE_CURVE('',#879,#4011,#4019,.T.);
#4019 = LINE('',#4020,#4021);
#4020 = CARTESIAN_POINT('',(-7.25,6.64,-1.691979889529E-15));
#4021 = VECTOR('',#4022,1.);
#4022 = DIRECTION('',(-0.,-0.,-1.));
#4023 = ORIENTED_EDGE('',*,*,#887,.F.);
#4024 = PLANE('',#4025);
#4025 = AXIS2_PLACEMENT_3D('',#4026,#4027,#4028);
#4026 = CARTESIAN_POINT('',(-7.25,6.34,-1.691979889529E-15));
#4027 = DIRECTION('',(1.,0.,0.));
#4028 = DIRECTION('',(0.,1.,0.));
#4029 = ADVANCED_FACE('',(#4030),#4049,.T.);
#4030 = FACE_BOUND('',#4031,.T.);
#4031 = EDGE_LOOP('',(#4032,#4033,#4042,#4048));
#4032 = ORIENTED_EDGE('',*,*,#4018,.T.);
#4033 = ORIENTED_EDGE('',*,*,#4034,.T.);
#4034 = EDGE_CURVE('',#4011,#4035,#4037,.T.);
#4035 = VERTEX_POINT('',#4036);
#4036 = CARTESIAN_POINT('',(-7.35,6.74,-7.1));
#4037 = CIRCLE('',#4038,0.1);
#4038 = AXIS2_PLACEMENT_3D('',#4039,#4040,#4041);
#4039 = CARTESIAN_POINT('',(-7.35,6.64,-7.1));
#4040 = DIRECTION('',(0.,0.,1.));
#4041 = DIRECTION('',(1.,0.,0.));
#4042 = ORIENTED_EDGE('',*,*,#4043,.F.);
#4043 = EDGE_CURVE('',#871,#4035,#4044,.T.);
#4044 = LINE('',#4045,#4046);
#4045 = CARTESIAN_POINT('',(-7.35,6.74,-1.691979889529E-15));
#4046 = VECTOR('',#4047,1.);
#4047 = DIRECTION('',(-0.,-0.,-1.));
#4048 = ORIENTED_EDGE('',*,*,#878,.F.);
#4049 = CYLINDRICAL_SURFACE('',#4050,0.1);
#4050 = AXIS2_PLACEMENT_3D('',#4051,#4052,#4053);
#4051 = CARTESIAN_POINT('',(-7.35,6.64,-1.691979889529E-15));
#4052 = DIRECTION('',(0.,0.,1.));
#4053 = DIRECTION('',(1.,0.,0.));
#4054 = ADVANCED_FACE('',(#4055),#4073,.T.);
#4055 = FACE_BOUND('',#4056,.T.);
#4056 = EDGE_LOOP('',(#4057,#4058,#4066,#4072));
#4057 = ORIENTED_EDGE('',*,*,#4043,.T.);
#4058 = ORIENTED_EDGE('',*,*,#4059,.T.);
#4059 = EDGE_CURVE('',#4035,#4060,#4062,.T.);
#4060 = VERTEX_POINT('',#4061);
#4061 = CARTESIAN_POINT('',(-7.65,6.74,-7.1));
#4062 = LINE('',#4063,#4064);
#4063 = CARTESIAN_POINT('',(-7.35,6.74,-7.1));
#4064 = VECTOR('',#4065,1.);
#4065 = DIRECTION('',(-1.,0.,0.));
#4066 = ORIENTED_EDGE('',*,*,#4067,.F.);
#4067 = EDGE_CURVE('',#862,#4060,#4068,.T.);
#4068 = LINE('',#4069,#4070);
#4069 = CARTESIAN_POINT('',(-7.65,6.74,-1.691979889529E-15));
#4070 = VECTOR('',#4071,1.);
#4071 = DIRECTION('',(-0.,-0.,-1.));
#4072 = ORIENTED_EDGE('',*,*,#870,.F.);
#4073 = PLANE('',#4074);
#4074 = AXIS2_PLACEMENT_3D('',#4075,#4076,#4077);
#4075 = CARTESIAN_POINT('',(-7.35,6.74,-1.691979889529E-15));
#4076 = DIRECTION('',(0.,1.,0.));
#4077 = DIRECTION('',(-1.,0.,0.));
#4078 = ADVANCED_FACE('',(#4079),#4098,.T.);
#4079 = FACE_BOUND('',#4080,.T.);
#4080 = EDGE_LOOP('',(#4081,#4082,#4091,#4097));
#4081 = ORIENTED_EDGE('',*,*,#4067,.T.);
#4082 = ORIENTED_EDGE('',*,*,#4083,.T.);
#4083 = EDGE_CURVE('',#4060,#4084,#4086,.T.);
#4084 = VERTEX_POINT('',#4085);
#4085 = CARTESIAN_POINT('',(-7.75,6.64,-7.1));
#4086 = CIRCLE('',#4087,0.1);
#4087 = AXIS2_PLACEMENT_3D('',#4088,#4089,#4090);
#4088 = CARTESIAN_POINT('',(-7.65,6.64,-7.1));
#4089 = DIRECTION('',(0.,0.,1.));
#4090 = DIRECTION('',(1.,0.,0.));
#4091 = ORIENTED_EDGE('',*,*,#4092,.F.);
#4092 = EDGE_CURVE('',#854,#4084,#4093,.T.);
#4093 = LINE('',#4094,#4095);
#4094 = CARTESIAN_POINT('',(-7.75,6.64,-1.691979889529E-15));
#4095 = VECTOR('',#4096,1.);
#4096 = DIRECTION('',(-0.,-0.,-1.));
#4097 = ORIENTED_EDGE('',*,*,#861,.F.);
#4098 = CYLINDRICAL_SURFACE('',#4099,0.1);
#4099 = AXIS2_PLACEMENT_3D('',#4100,#4101,#4102);
#4100 = CARTESIAN_POINT('',(-7.65,6.64,-1.691979889529E-15));
#4101 = DIRECTION('',(0.,0.,1.));
#4102 = DIRECTION('',(1.,0.,0.));
#4103 = ADVANCED_FACE('',(#4104),#4122,.T.);
#4104 = FACE_BOUND('',#4105,.T.);
#4105 = EDGE_LOOP('',(#4106,#4107,#4115,#4121));
#4106 = ORIENTED_EDGE('',*,*,#4092,.T.);
#4107 = ORIENTED_EDGE('',*,*,#4108,.T.);
#4108 = EDGE_CURVE('',#4084,#4109,#4111,.T.);
#4109 = VERTEX_POINT('',#4110);
#4110 = CARTESIAN_POINT('',(-7.75,6.34,-7.1));
#4111 = LINE('',#4112,#4113);
#4112 = CARTESIAN_POINT('',(-7.75,6.64,-7.1));
#4113 = VECTOR('',#4114,1.);
#4114 = DIRECTION('',(0.,-1.,0.));
#4115 = ORIENTED_EDGE('',*,*,#4116,.F.);
#4116 = EDGE_CURVE('',#845,#4109,#4117,.T.);
#4117 = LINE('',#4118,#4119);
#4118 = CARTESIAN_POINT('',(-7.75,6.34,-1.691979889529E-15));
#4119 = VECTOR('',#4120,1.);
#4120 = DIRECTION('',(-0.,-0.,-1.));
#4121 = ORIENTED_EDGE('',*,*,#853,.F.);
#4122 = PLANE('',#4123);
#4123 = AXIS2_PLACEMENT_3D('',#4124,#4125,#4126);
#4124 = CARTESIAN_POINT('',(-7.75,6.64,-1.691979889529E-15));
#4125 = DIRECTION('',(-1.,0.,0.));
#4126 = DIRECTION('',(0.,-1.,0.));
#4127 = ADVANCED_FACE('',(#4128),#4140,.T.);
#4128 = FACE_BOUND('',#4129,.T.);
#4129 = EDGE_LOOP('',(#4130,#4131,#4138,#4139));
#4130 = ORIENTED_EDGE('',*,*,#4116,.T.);
#4131 = ORIENTED_EDGE('',*,*,#4132,.T.);
#4132 = EDGE_CURVE('',#4109,#3954,#4133,.T.);
#4133 = CIRCLE('',#4134,0.1);
#4134 = AXIS2_PLACEMENT_3D('',#4135,#4136,#4137);
#4135 = CARTESIAN_POINT('',(-7.65,6.34,-7.1));
#4136 = DIRECTION('',(0.,0.,1.));
#4137 = DIRECTION('',(1.,0.,0.));
#4138 = ORIENTED_EDGE('',*,*,#3953,.F.);
#4139 = ORIENTED_EDGE('',*,*,#844,.F.);
#4140 = CYLINDRICAL_SURFACE('',#4141,0.1);
#4141 = AXIS2_PLACEMENT_3D('',#4142,#4143,#4144);
#4142 = CARTESIAN_POINT('',(-7.65,6.34,-1.691979889529E-15));
#4143 = DIRECTION('',(0.,0.,1.));
#4144 = DIRECTION('',(1.,0.,0.));
#4145 = ADVANCED_FACE('',(#4146),#4171,.T.);
#4146 = FACE_BOUND('',#4147,.T.);
#4147 = EDGE_LOOP('',(#4148,#4156,#4164,#4170));
#4148 = ORIENTED_EDGE('',*,*,#4149,.T.);
#4149 = EDGE_CURVE('',#905,#4150,#4152,.T.);
#4150 = VERTEX_POINT('',#4151);
#4151 = CARTESIAN_POINT('',(-7.65,8.78,-7.1));
#4152 = LINE('',#4153,#4154);
#4153 = CARTESIAN_POINT('',(-7.65,8.78,-1.973976537784E-15));
#4154 = VECTOR('',#4155,1.);
#4155 = DIRECTION('',(-0.,-0.,-1.));
#4156 = ORIENTED_EDGE('',*,*,#4157,.T.);
#4157 = EDGE_CURVE('',#4150,#4158,#4160,.T.);
#4158 = VERTEX_POINT('',#4159);
#4159 = CARTESIAN_POINT('',(-7.35,8.78,-7.1));
#4160 = LINE('',#4161,#4162);
#4161 = CARTESIAN_POINT('',(-7.65,8.78,-7.1));
#4162 = VECTOR('',#4163,1.);
#4163 = DIRECTION('',(1.,0.,0.));
#4164 = ORIENTED_EDGE('',*,*,#4165,.F.);
#4165 = EDGE_CURVE('',#907,#4158,#4166,.T.);
#4166 = LINE('',#4167,#4168);
#4167 = CARTESIAN_POINT('',(-7.35,8.78,-1.973976537784E-15));
#4168 = VECTOR('',#4169,1.);
#4169 = DIRECTION('',(-0.,-0.,-1.));
#4170 = ORIENTED_EDGE('',*,*,#904,.F.);
#4171 = PLANE('',#4172);
#4172 = AXIS2_PLACEMENT_3D('',#4173,#4174,#4175);
#4173 = CARTESIAN_POINT('',(-7.65,8.78,-1.973976537784E-15));
#4174 = DIRECTION('',(0.,-1.,0.));
#4175 = DIRECTION('',(1.,0.,0.));
#4176 = ADVANCED_FACE('',(#4177),#4196,.T.);
#4177 = FACE_BOUND('',#4178,.T.);
#4178 = EDGE_LOOP('',(#4179,#4180,#4189,#4195));
#4179 = ORIENTED_EDGE('',*,*,#4165,.T.);
#4180 = ORIENTED_EDGE('',*,*,#4181,.T.);
#4181 = EDGE_CURVE('',#4158,#4182,#4184,.T.);
#4182 = VERTEX_POINT('',#4183);
#4183 = CARTESIAN_POINT('',(-7.25,8.88,-7.1));
#4184 = CIRCLE('',#4185,0.1);
#4185 = AXIS2_PLACEMENT_3D('',#4186,#4187,#4188);
#4186 = CARTESIAN_POINT('',(-7.35,8.88,-7.1));
#4187 = DIRECTION('',(0.,0.,1.));
#4188 = DIRECTION('',(1.,0.,0.));
#4189 = ORIENTED_EDGE('',*,*,#4190,.F.);
#4190 = EDGE_CURVE('',#958,#4182,#4191,.T.);
#4191 = LINE('',#4192,#4193);
#4192 = CARTESIAN_POINT('',(-7.25,8.88,-1.973976537784E-15));
#4193 = VECTOR('',#4194,1.);
#4194 = DIRECTION('',(-0.,-0.,-1.));
#4195 = ORIENTED_EDGE('',*,*,#965,.F.);
#4196 = CYLINDRICAL_SURFACE('',#4197,0.1);
#4197 = AXIS2_PLACEMENT_3D('',#4198,#4199,#4200);
#4198 = CARTESIAN_POINT('',(-7.35,8.88,-1.973976537784E-15));
#4199 = DIRECTION('',(0.,0.,1.));
#4200 = DIRECTION('',(1.,0.,0.));
#4201 = ADVANCED_FACE('',(#4202),#4220,.T.);
#4202 = FACE_BOUND('',#4203,.T.);
#4203 = EDGE_LOOP('',(#4204,#4205,#4213,#4219));
#4204 = ORIENTED_EDGE('',*,*,#4190,.T.);
#4205 = ORIENTED_EDGE('',*,*,#4206,.T.);
#4206 = EDGE_CURVE('',#4182,#4207,#4209,.T.);
#4207 = VERTEX_POINT('',#4208);
#4208 = CARTESIAN_POINT('',(-7.25,9.18,-7.1));
#4209 = LINE('',#4210,#4211);
#4210 = CARTESIAN_POINT('',(-7.25,8.88,-7.1));
#4211 = VECTOR('',#4212,1.);
#4212 = DIRECTION('',(0.,1.,0.));
#4213 = ORIENTED_EDGE('',*,*,#4214,.F.);
#4214 = EDGE_CURVE('',#949,#4207,#4215,.T.);
#4215 = LINE('',#4216,#4217);
#4216 = CARTESIAN_POINT('',(-7.25,9.18,-1.973976537784E-15));
#4217 = VECTOR('',#4218,1.);
#4218 = DIRECTION('',(-0.,-0.,-1.));
#4219 = ORIENTED_EDGE('',*,*,#957,.F.);
#4220 = PLANE('',#4221);
#4221 = AXIS2_PLACEMENT_3D('',#4222,#4223,#4224);
#4222 = CARTESIAN_POINT('',(-7.25,8.88,-1.973976537784E-15));
#4223 = DIRECTION('',(1.,0.,0.));
#4224 = DIRECTION('',(0.,1.,0.));
#4225 = ADVANCED_FACE('',(#4226),#4245,.T.);
#4226 = FACE_BOUND('',#4227,.T.);
#4227 = EDGE_LOOP('',(#4228,#4229,#4238,#4244));
#4228 = ORIENTED_EDGE('',*,*,#4214,.T.);
#4229 = ORIENTED_EDGE('',*,*,#4230,.T.);
#4230 = EDGE_CURVE('',#4207,#4231,#4233,.T.);
#4231 = VERTEX_POINT('',#4232);
#4232 = CARTESIAN_POINT('',(-7.35,9.28,-7.1));
#4233 = CIRCLE('',#4234,0.1);
#4234 = AXIS2_PLACEMENT_3D('',#4235,#4236,#4237);
#4235 = CARTESIAN_POINT('',(-7.35,9.18,-7.1));
#4236 = DIRECTION('',(0.,0.,1.));
#4237 = DIRECTION('',(1.,0.,0.));
#4238 = ORIENTED_EDGE('',*,*,#4239,.F.);
#4239 = EDGE_CURVE('',#941,#4231,#4240,.T.);
#4240 = LINE('',#4241,#4242);
#4241 = CARTESIAN_POINT('',(-7.35,9.28,-1.973976537784E-15));
#4242 = VECTOR('',#4243,1.);
#4243 = DIRECTION('',(-0.,-0.,-1.));
#4244 = ORIENTED_EDGE('',*,*,#948,.F.);
#4245 = CYLINDRICAL_SURFACE('',#4246,0.1);
#4246 = AXIS2_PLACEMENT_3D('',#4247,#4248,#4249);
#4247 = CARTESIAN_POINT('',(-7.35,9.18,-1.973976537784E-15));
#4248 = DIRECTION('',(0.,0.,1.));
#4249 = DIRECTION('',(1.,0.,0.));
#4250 = ADVANCED_FACE('',(#4251),#4269,.T.);
#4251 = FACE_BOUND('',#4252,.T.);
#4252 = EDGE_LOOP('',(#4253,#4254,#4262,#4268));
#4253 = ORIENTED_EDGE('',*,*,#4239,.T.);
#4254 = ORIENTED_EDGE('',*,*,#4255,.T.);
#4255 = EDGE_CURVE('',#4231,#4256,#4258,.T.);
#4256 = VERTEX_POINT('',#4257);
#4257 = CARTESIAN_POINT('',(-7.65,9.28,-7.1));
#4258 = LINE('',#4259,#4260);
#4259 = CARTESIAN_POINT('',(-7.35,9.28,-7.1));
#4260 = VECTOR('',#4261,1.);
#4261 = DIRECTION('',(-1.,0.,0.));
#4262 = ORIENTED_EDGE('',*,*,#4263,.F.);
#4263 = EDGE_CURVE('',#932,#4256,#4264,.T.);
#4264 = LINE('',#4265,#4266);
#4265 = CARTESIAN_POINT('',(-7.65,9.28,-1.973976537784E-15));
#4266 = VECTOR('',#4267,1.);
#4267 = DIRECTION('',(-0.,-0.,-1.));
#4268 = ORIENTED_EDGE('',*,*,#940,.F.);
#4269 = PLANE('',#4270);
#4270 = AXIS2_PLACEMENT_3D('',#4271,#4272,#4273);
#4271 = CARTESIAN_POINT('',(-7.35,9.28,-1.973976537784E-15));
#4272 = DIRECTION('',(0.,1.,0.));
#4273 = DIRECTION('',(-1.,0.,0.));
#4274 = ADVANCED_FACE('',(#4275),#4294,.T.);
#4275 = FACE_BOUND('',#4276,.T.);
#4276 = EDGE_LOOP('',(#4277,#4278,#4287,#4293));
#4277 = ORIENTED_EDGE('',*,*,#4263,.T.);
#4278 = ORIENTED_EDGE('',*,*,#4279,.T.);
#4279 = EDGE_CURVE('',#4256,#4280,#4282,.T.);
#4280 = VERTEX_POINT('',#4281);
#4281 = CARTESIAN_POINT('',(-7.75,9.18,-7.1));
#4282 = CIRCLE('',#4283,0.1);
#4283 = AXIS2_PLACEMENT_3D('',#4284,#4285,#4286);
#4284 = CARTESIAN_POINT('',(-7.65,9.18,-7.1));
#4285 = DIRECTION('',(0.,0.,1.));
#4286 = DIRECTION('',(1.,0.,0.));
#4287 = ORIENTED_EDGE('',*,*,#4288,.F.);
#4288 = EDGE_CURVE('',#924,#4280,#4289,.T.);
#4289 = LINE('',#4290,#4291);
#4290 = CARTESIAN_POINT('',(-7.75,9.18,-1.973976537784E-15));
#4291 = VECTOR('',#4292,1.);
#4292 = DIRECTION('',(-0.,-0.,-1.));
#4293 = ORIENTED_EDGE('',*,*,#931,.F.);
#4294 = CYLINDRICAL_SURFACE('',#4295,0.1);
#4295 = AXIS2_PLACEMENT_3D('',#4296,#4297,#4298);
#4296 = CARTESIAN_POINT('',(-7.65,9.18,-1.973976537784E-15));
#4297 = DIRECTION('',(0.,0.,1.));
#4298 = DIRECTION('',(1.,0.,0.));
#4299 = ADVANCED_FACE('',(#4300),#4318,.T.);
#4300 = FACE_BOUND('',#4301,.T.);
#4301 = EDGE_LOOP('',(#4302,#4303,#4311,#4317));
#4302 = ORIENTED_EDGE('',*,*,#4288,.T.);
#4303 = ORIENTED_EDGE('',*,*,#4304,.T.);
#4304 = EDGE_CURVE('',#4280,#4305,#4307,.T.);
#4305 = VERTEX_POINT('',#4306);
#4306 = CARTESIAN_POINT('',(-7.75,8.88,-7.1));
#4307 = LINE('',#4308,#4309);
#4308 = CARTESIAN_POINT('',(-7.75,9.18,-7.1));
#4309 = VECTOR('',#4310,1.);
#4310 = DIRECTION('',(0.,-1.,0.));
#4311 = ORIENTED_EDGE('',*,*,#4312,.F.);
#4312 = EDGE_CURVE('',#915,#4305,#4313,.T.);
#4313 = LINE('',#4314,#4315);
#4314 = CARTESIAN_POINT('',(-7.75,8.88,-1.973976537784E-15));
#4315 = VECTOR('',#4316,1.);
#4316 = DIRECTION('',(-0.,-0.,-1.));
#4317 = ORIENTED_EDGE('',*,*,#923,.F.);
#4318 = PLANE('',#4319);
#4319 = AXIS2_PLACEMENT_3D('',#4320,#4321,#4322);
#4320 = CARTESIAN_POINT('',(-7.75,9.18,-1.973976537784E-15));
#4321 = DIRECTION('',(-1.,0.,0.));
#4322 = DIRECTION('',(0.,-1.,0.));
#4323 = ADVANCED_FACE('',(#4324),#4336,.T.);
#4324 = FACE_BOUND('',#4325,.T.);
#4325 = EDGE_LOOP('',(#4326,#4327,#4334,#4335));
#4326 = ORIENTED_EDGE('',*,*,#4312,.T.);
#4327 = ORIENTED_EDGE('',*,*,#4328,.T.);
#4328 = EDGE_CURVE('',#4305,#4150,#4329,.T.);
#4329 = CIRCLE('',#4330,0.1);
#4330 = AXIS2_PLACEMENT_3D('',#4331,#4332,#4333);
#4331 = CARTESIAN_POINT('',(-7.65,8.88,-7.1));
#4332 = DIRECTION('',(0.,0.,1.));
#4333 = DIRECTION('',(1.,0.,0.));
#4334 = ORIENTED_EDGE('',*,*,#4149,.F.);
#4335 = ORIENTED_EDGE('',*,*,#914,.F.);
#4336 = CYLINDRICAL_SURFACE('',#4337,0.1);
#4337 = AXIS2_PLACEMENT_3D('',#4338,#4339,#4340);
#4338 = CARTESIAN_POINT('',(-7.65,8.88,-1.973976537784E-15));
#4339 = DIRECTION('',(0.,0.,1.));
#4340 = DIRECTION('',(1.,0.,0.));
#4341 = ADVANCED_FACE('',(#4342),#4367,.T.);
#4342 = FACE_BOUND('',#4343,.T.);
#4343 = EDGE_LOOP('',(#4344,#4352,#4360,#4366));
#4344 = ORIENTED_EDGE('',*,*,#4345,.T.);
#4345 = EDGE_CURVE('',#975,#4346,#4348,.T.);
#4346 = VERTEX_POINT('',#4347);
#4347 = CARTESIAN_POINT('',(7.25,1.56,-7.1));
#4348 = LINE('',#4349,#4350);
#4349 = CARTESIAN_POINT('',(7.25,1.56,-1.127986593019E-15));
#4350 = VECTOR('',#4351,1.);
#4351 = DIRECTION('',(-0.,-0.,-1.));
#4352 = ORIENTED_EDGE('',*,*,#4353,.T.);
#4353 = EDGE_CURVE('',#4346,#4354,#4356,.T.);
#4354 = VERTEX_POINT('',#4355);
#4355 = CARTESIAN_POINT('',(7.25,1.26,-7.1));
#4356 = LINE('',#4357,#4358);
#4357 = CARTESIAN_POINT('',(7.25,1.56,-7.1));
#4358 = VECTOR('',#4359,1.);
#4359 = DIRECTION('',(0.,-1.,0.));
#4360 = ORIENTED_EDGE('',*,*,#4361,.F.);
#4361 = EDGE_CURVE('',#977,#4354,#4362,.T.);
#4362 = LINE('',#4363,#4364);
#4363 = CARTESIAN_POINT('',(7.25,1.26,-1.127986593019E-15));
#4364 = VECTOR('',#4365,1.);
#4365 = DIRECTION('',(-0.,-0.,-1.));
#4366 = ORIENTED_EDGE('',*,*,#974,.F.);
#4367 = PLANE('',#4368);
#4368 = AXIS2_PLACEMENT_3D('',#4369,#4370,#4371);
#4369 = CARTESIAN_POINT('',(7.25,1.56,-1.127986593019E-15));
#4370 = DIRECTION('',(-1.,0.,0.));
#4371 = DIRECTION('',(0.,-1.,0.));
#4372 = ADVANCED_FACE('',(#4373),#4392,.T.);
#4373 = FACE_BOUND('',#4374,.T.);
#4374 = EDGE_LOOP('',(#4375,#4376,#4385,#4391));
#4375 = ORIENTED_EDGE('',*,*,#4361,.T.);
#4376 = ORIENTED_EDGE('',*,*,#4377,.T.);
#4377 = EDGE_CURVE('',#4354,#4378,#4380,.T.);
#4378 = VERTEX_POINT('',#4379);
#4379 = CARTESIAN_POINT('',(7.35,1.16,-7.1));
#4380 = CIRCLE('',#4381,0.1);
#4381 = AXIS2_PLACEMENT_3D('',#4382,#4383,#4384);
#4382 = CARTESIAN_POINT('',(7.35,1.26,-7.1));
#4383 = DIRECTION('',(0.,0.,1.));
#4384 = DIRECTION('',(1.,0.,0.));
#4385 = ORIENTED_EDGE('',*,*,#4386,.F.);
#4386 = EDGE_CURVE('',#1028,#4378,#4387,.T.);
#4387 = LINE('',#4388,#4389);
#4388 = CARTESIAN_POINT('',(7.35,1.16,-1.127986593019E-15));
#4389 = VECTOR('',#4390,1.);
#4390 = DIRECTION('',(-0.,-0.,-1.));
#4391 = ORIENTED_EDGE('',*,*,#1035,.F.);
#4392 = CYLINDRICAL_SURFACE('',#4393,0.1);
#4393 = AXIS2_PLACEMENT_3D('',#4394,#4395,#4396);
#4394 = CARTESIAN_POINT('',(7.35,1.26,-1.127986593019E-15));
#4395 = DIRECTION('',(0.,0.,1.));
#4396 = DIRECTION('',(1.,0.,0.));
#4397 = ADVANCED_FACE('',(#4398),#4416,.T.);
#4398 = FACE_BOUND('',#4399,.T.);
#4399 = EDGE_LOOP('',(#4400,#4401,#4409,#4415));
#4400 = ORIENTED_EDGE('',*,*,#4386,.T.);
#4401 = ORIENTED_EDGE('',*,*,#4402,.T.);
#4402 = EDGE_CURVE('',#4378,#4403,#4405,.T.);
#4403 = VERTEX_POINT('',#4404);
#4404 = CARTESIAN_POINT('',(7.65,1.16,-7.1));
#4405 = LINE('',#4406,#4407);
#4406 = CARTESIAN_POINT('',(7.35,1.16,-7.1));
#4407 = VECTOR('',#4408,1.);
#4408 = DIRECTION('',(1.,0.,0.));
#4409 = ORIENTED_EDGE('',*,*,#4410,.F.);
#4410 = EDGE_CURVE('',#1019,#4403,#4411,.T.);
#4411 = LINE('',#4412,#4413);
#4412 = CARTESIAN_POINT('',(7.65,1.16,-1.127986593019E-15));
#4413 = VECTOR('',#4414,1.);
#4414 = DIRECTION('',(-0.,-0.,-1.));
#4415 = ORIENTED_EDGE('',*,*,#1027,.F.);
#4416 = PLANE('',#4417);
#4417 = AXIS2_PLACEMENT_3D('',#4418,#4419,#4420);
#4418 = CARTESIAN_POINT('',(7.35,1.16,-1.127986593019E-15));
#4419 = DIRECTION('',(0.,-1.,0.));
#4420 = DIRECTION('',(1.,0.,0.));
#4421 = ADVANCED_FACE('',(#4422),#4441,.T.);
#4422 = FACE_BOUND('',#4423,.T.);
#4423 = EDGE_LOOP('',(#4424,#4425,#4434,#4440));
#4424 = ORIENTED_EDGE('',*,*,#4410,.T.);
#4425 = ORIENTED_EDGE('',*,*,#4426,.T.);
#4426 = EDGE_CURVE('',#4403,#4427,#4429,.T.);
#4427 = VERTEX_POINT('',#4428);
#4428 = CARTESIAN_POINT('',(7.750000000005,1.26,-7.1));
#4429 = CIRCLE('',#4430,0.1);
#4430 = AXIS2_PLACEMENT_3D('',#4431,#4432,#4433);
#4431 = CARTESIAN_POINT('',(7.65,1.26,-7.1));
#4432 = DIRECTION('',(0.,0.,1.));
#4433 = DIRECTION('',(1.,0.,0.));
#4434 = ORIENTED_EDGE('',*,*,#4435,.F.);
#4435 = EDGE_CURVE('',#1011,#4427,#4436,.T.);
#4436 = LINE('',#4437,#4438);
#4437 = CARTESIAN_POINT('',(7.750000000005,1.26,-1.127986593019E-15));
#4438 = VECTOR('',#4439,1.);
#4439 = DIRECTION('',(-0.,-0.,-1.));
#4440 = ORIENTED_EDGE('',*,*,#1018,.F.);
#4441 = CYLINDRICAL_SURFACE('',#4442,0.1);
#4442 = AXIS2_PLACEMENT_3D('',#4443,#4444,#4445);
#4443 = CARTESIAN_POINT('',(7.65,1.26,-1.127986593019E-15));
#4444 = DIRECTION('',(0.,0.,1.));
#4445 = DIRECTION('',(1.,0.,0.));
#4446 = ADVANCED_FACE('',(#4447),#4465,.T.);
#4447 = FACE_BOUND('',#4448,.T.);
#4448 = EDGE_LOOP('',(#4449,#4450,#4458,#4464));
#4449 = ORIENTED_EDGE('',*,*,#4435,.T.);
#4450 = ORIENTED_EDGE('',*,*,#4451,.T.);
#4451 = EDGE_CURVE('',#4427,#4452,#4454,.T.);
#4452 = VERTEX_POINT('',#4453);
#4453 = CARTESIAN_POINT('',(7.750000000005,1.56,-7.1));
#4454 = LINE('',#4455,#4456);
#4455 = CARTESIAN_POINT('',(7.75000000001,1.26,-7.1));
#4456 = VECTOR('',#4457,1.);
#4457 = DIRECTION('',(0.,1.,0.));
#4458 = ORIENTED_EDGE('',*,*,#4459,.F.);
#4459 = EDGE_CURVE('',#1002,#4452,#4460,.T.);
#4460 = LINE('',#4461,#4462);
#4461 = CARTESIAN_POINT('',(7.750000000005,1.56,-1.127986593019E-15));
#4462 = VECTOR('',#4463,1.);
#4463 = DIRECTION('',(-0.,-0.,-1.));
#4464 = ORIENTED_EDGE('',*,*,#1010,.F.);
#4465 = PLANE('',#4466);
#4466 = AXIS2_PLACEMENT_3D('',#4467,#4468,#4469);
#4467 = CARTESIAN_POINT('',(7.75000000001,1.26,-1.127986593019E-15));
#4468 = DIRECTION('',(1.,0.,0.));
#4469 = DIRECTION('',(0.,1.,0.));
#4470 = ADVANCED_FACE('',(#4471),#4490,.T.);
#4471 = FACE_BOUND('',#4472,.T.);
#4472 = EDGE_LOOP('',(#4473,#4474,#4483,#4489));
#4473 = ORIENTED_EDGE('',*,*,#4459,.T.);
#4474 = ORIENTED_EDGE('',*,*,#4475,.T.);
#4475 = EDGE_CURVE('',#4452,#4476,#4478,.T.);
#4476 = VERTEX_POINT('',#4477);
#4477 = CARTESIAN_POINT('',(7.65,1.660000000005,-7.1));
#4478 = CIRCLE('',#4479,0.1);
#4479 = AXIS2_PLACEMENT_3D('',#4480,#4481,#4482);
#4480 = CARTESIAN_POINT('',(7.65,1.56,-7.1));
#4481 = DIRECTION('',(0.,0.,1.));
#4482 = DIRECTION('',(1.,0.,0.));
#4483 = ORIENTED_EDGE('',*,*,#4484,.F.);
#4484 = EDGE_CURVE('',#994,#4476,#4485,.T.);
#4485 = LINE('',#4486,#4487);
#4486 = CARTESIAN_POINT('',(7.65,1.660000000005,-1.127986593019E-15));
#4487 = VECTOR('',#4488,1.);
#4488 = DIRECTION('',(-0.,-0.,-1.));
#4489 = ORIENTED_EDGE('',*,*,#1001,.F.);
#4490 = CYLINDRICAL_SURFACE('',#4491,0.1);
#4491 = AXIS2_PLACEMENT_3D('',#4492,#4493,#4494);
#4492 = CARTESIAN_POINT('',(7.65,1.56,-1.127986593019E-15));
#4493 = DIRECTION('',(0.,0.,1.));
#4494 = DIRECTION('',(1.,0.,0.));
#4495 = ADVANCED_FACE('',(#4496),#4514,.T.);
#4496 = FACE_BOUND('',#4497,.T.);
#4497 = EDGE_LOOP('',(#4498,#4499,#4507,#4513));
#4498 = ORIENTED_EDGE('',*,*,#4484,.T.);
#4499 = ORIENTED_EDGE('',*,*,#4500,.T.);
#4500 = EDGE_CURVE('',#4476,#4501,#4503,.T.);
#4501 = VERTEX_POINT('',#4502);
#4502 = CARTESIAN_POINT('',(7.35,1.660000000005,-7.1));
#4503 = LINE('',#4504,#4505);
#4504 = CARTESIAN_POINT('',(7.65,1.66000000001,-7.1));
#4505 = VECTOR('',#4506,1.);
#4506 = DIRECTION('',(-1.,0.,0.));
#4507 = ORIENTED_EDGE('',*,*,#4508,.F.);
#4508 = EDGE_CURVE('',#985,#4501,#4509,.T.);
#4509 = LINE('',#4510,#4511);
#4510 = CARTESIAN_POINT('',(7.35,1.660000000005,-1.127986593019E-15));
#4511 = VECTOR('',#4512,1.);
#4512 = DIRECTION('',(-0.,-0.,-1.));
#4513 = ORIENTED_EDGE('',*,*,#993,.F.);
#4514 = PLANE('',#4515);
#4515 = AXIS2_PLACEMENT_3D('',#4516,#4517,#4518);
#4516 = CARTESIAN_POINT('',(7.65,1.66000000001,-1.127986593019E-15));
#4517 = DIRECTION('',(0.,1.,0.));
#4518 = DIRECTION('',(-1.,0.,0.));
#4519 = ADVANCED_FACE('',(#4520),#4532,.T.);
#4520 = FACE_BOUND('',#4521,.T.);
#4521 = EDGE_LOOP('',(#4522,#4523,#4530,#4531));
#4522 = ORIENTED_EDGE('',*,*,#4508,.T.);
#4523 = ORIENTED_EDGE('',*,*,#4524,.T.);
#4524 = EDGE_CURVE('',#4501,#4346,#4525,.T.);
#4525 = CIRCLE('',#4526,0.1);
#4526 = AXIS2_PLACEMENT_3D('',#4527,#4528,#4529);
#4527 = CARTESIAN_POINT('',(7.35,1.56,-7.1));
#4528 = DIRECTION('',(0.,0.,1.));
#4529 = DIRECTION('',(1.,0.,0.));
#4530 = ORIENTED_EDGE('',*,*,#4345,.F.);
#4531 = ORIENTED_EDGE('',*,*,#984,.F.);
#4532 = CYLINDRICAL_SURFACE('',#4533,0.1);
#4533 = AXIS2_PLACEMENT_3D('',#4534,#4535,#4536);
#4534 = CARTESIAN_POINT('',(7.35,1.56,-1.127986593019E-15));
#4535 = DIRECTION('',(0.,0.,1.));
#4536 = DIRECTION('',(1.,0.,0.));
#4537 = ADVANCED_FACE('',(#4538),#4563,.T.);
#4538 = FACE_BOUND('',#4539,.T.);
#4539 = EDGE_LOOP('',(#4540,#4548,#4556,#4562));
#4540 = ORIENTED_EDGE('',*,*,#4541,.T.);
#4541 = EDGE_CURVE('',#1045,#4542,#4544,.T.);
#4542 = VERTEX_POINT('',#4543);
#4543 = CARTESIAN_POINT('',(7.25,4.1,-7.1));
#4544 = LINE('',#4545,#4546);
#4545 = CARTESIAN_POINT('',(7.25,4.1,-1.409983241274E-15));
#4546 = VECTOR('',#4547,1.);
#4547 = DIRECTION('',(-0.,-0.,-1.));
#4548 = ORIENTED_EDGE('',*,*,#4549,.T.);
#4549 = EDGE_CURVE('',#4542,#4550,#4552,.T.);
#4550 = VERTEX_POINT('',#4551);
#4551 = CARTESIAN_POINT('',(7.25,3.8,-7.1));
#4552 = LINE('',#4553,#4554);
#4553 = CARTESIAN_POINT('',(7.25,4.1,-7.1));
#4554 = VECTOR('',#4555,1.);
#4555 = DIRECTION('',(0.,-1.,0.));
#4556 = ORIENTED_EDGE('',*,*,#4557,.F.);
#4557 = EDGE_CURVE('',#1047,#4550,#4558,.T.);
#4558 = LINE('',#4559,#4560);
#4559 = CARTESIAN_POINT('',(7.25,3.8,-1.409983241274E-15));
#4560 = VECTOR('',#4561,1.);
#4561 = DIRECTION('',(-0.,-0.,-1.));
#4562 = ORIENTED_EDGE('',*,*,#1044,.F.);
#4563 = PLANE('',#4564);
#4564 = AXIS2_PLACEMENT_3D('',#4565,#4566,#4567);
#4565 = CARTESIAN_POINT('',(7.25,4.1,-1.409983241274E-15));
#4566 = DIRECTION('',(-1.,0.,0.));
#4567 = DIRECTION('',(0.,-1.,0.));
#4568 = ADVANCED_FACE('',(#4569),#4588,.T.);
#4569 = FACE_BOUND('',#4570,.T.);
#4570 = EDGE_LOOP('',(#4571,#4572,#4581,#4587));
#4571 = ORIENTED_EDGE('',*,*,#4557,.T.);
#4572 = ORIENTED_EDGE('',*,*,#4573,.T.);
#4573 = EDGE_CURVE('',#4550,#4574,#4576,.T.);
#4574 = VERTEX_POINT('',#4575);
#4575 = CARTESIAN_POINT('',(7.35,3.7,-7.1));
#4576 = CIRCLE('',#4577,0.1);
#4577 = AXIS2_PLACEMENT_3D('',#4578,#4579,#4580);
#4578 = CARTESIAN_POINT('',(7.35,3.8,-7.1));
#4579 = DIRECTION('',(0.,0.,1.));
#4580 = DIRECTION('',(1.,0.,0.));
#4581 = ORIENTED_EDGE('',*,*,#4582,.F.);
#4582 = EDGE_CURVE('',#1098,#4574,#4583,.T.);
#4583 = LINE('',#4584,#4585);
#4584 = CARTESIAN_POINT('',(7.35,3.7,-1.409983241274E-15));
#4585 = VECTOR('',#4586,1.);
#4586 = DIRECTION('',(-0.,-0.,-1.));
#4587 = ORIENTED_EDGE('',*,*,#1105,.F.);
#4588 = CYLINDRICAL_SURFACE('',#4589,0.1);
#4589 = AXIS2_PLACEMENT_3D('',#4590,#4591,#4592);
#4590 = CARTESIAN_POINT('',(7.35,3.8,-1.409983241274E-15));
#4591 = DIRECTION('',(0.,0.,1.));
#4592 = DIRECTION('',(1.,0.,0.));
#4593 = ADVANCED_FACE('',(#4594),#4612,.T.);
#4594 = FACE_BOUND('',#4595,.T.);
#4595 = EDGE_LOOP('',(#4596,#4597,#4605,#4611));
#4596 = ORIENTED_EDGE('',*,*,#4582,.T.);
#4597 = ORIENTED_EDGE('',*,*,#4598,.T.);
#4598 = EDGE_CURVE('',#4574,#4599,#4601,.T.);
#4599 = VERTEX_POINT('',#4600);
#4600 = CARTESIAN_POINT('',(7.65,3.7,-7.1));
#4601 = LINE('',#4602,#4603);
#4602 = CARTESIAN_POINT('',(7.35,3.7,-7.1));
#4603 = VECTOR('',#4604,1.);
#4604 = DIRECTION('',(1.,0.,0.));
#4605 = ORIENTED_EDGE('',*,*,#4606,.F.);
#4606 = EDGE_CURVE('',#1089,#4599,#4607,.T.);
#4607 = LINE('',#4608,#4609);
#4608 = CARTESIAN_POINT('',(7.65,3.7,-1.409983241274E-15));
#4609 = VECTOR('',#4610,1.);
#4610 = DIRECTION('',(-0.,-0.,-1.));
#4611 = ORIENTED_EDGE('',*,*,#1097,.F.);
#4612 = PLANE('',#4613);
#4613 = AXIS2_PLACEMENT_3D('',#4614,#4615,#4616);
#4614 = CARTESIAN_POINT('',(7.35,3.7,-1.409983241274E-15));
#4615 = DIRECTION('',(0.,-1.,0.));
#4616 = DIRECTION('',(1.,0.,0.));
#4617 = ADVANCED_FACE('',(#4618),#4637,.T.);
#4618 = FACE_BOUND('',#4619,.T.);
#4619 = EDGE_LOOP('',(#4620,#4621,#4630,#4636));
#4620 = ORIENTED_EDGE('',*,*,#4606,.T.);
#4621 = ORIENTED_EDGE('',*,*,#4622,.T.);
#4622 = EDGE_CURVE('',#4599,#4623,#4625,.T.);
#4623 = VERTEX_POINT('',#4624);
#4624 = CARTESIAN_POINT('',(7.750000000005,3.8,-7.1));
#4625 = CIRCLE('',#4626,0.1);
#4626 = AXIS2_PLACEMENT_3D('',#4627,#4628,#4629);
#4627 = CARTESIAN_POINT('',(7.65,3.8,-7.1));
#4628 = DIRECTION('',(0.,0.,1.));
#4629 = DIRECTION('',(1.,0.,0.));
#4630 = ORIENTED_EDGE('',*,*,#4631,.F.);
#4631 = EDGE_CURVE('',#1081,#4623,#4632,.T.);
#4632 = LINE('',#4633,#4634);
#4633 = CARTESIAN_POINT('',(7.750000000005,3.8,-1.409983241274E-15));
#4634 = VECTOR('',#4635,1.);
#4635 = DIRECTION('',(-0.,-0.,-1.));
#4636 = ORIENTED_EDGE('',*,*,#1088,.F.);
#4637 = CYLINDRICAL_SURFACE('',#4638,0.1);
#4638 = AXIS2_PLACEMENT_3D('',#4639,#4640,#4641);
#4639 = CARTESIAN_POINT('',(7.65,3.8,-1.409983241274E-15));
#4640 = DIRECTION('',(0.,0.,1.));
#4641 = DIRECTION('',(1.,0.,0.));
#4642 = ADVANCED_FACE('',(#4643),#4661,.T.);
#4643 = FACE_BOUND('',#4644,.T.);
#4644 = EDGE_LOOP('',(#4645,#4646,#4654,#4660));
#4645 = ORIENTED_EDGE('',*,*,#4631,.T.);
#4646 = ORIENTED_EDGE('',*,*,#4647,.T.);
#4647 = EDGE_CURVE('',#4623,#4648,#4650,.T.);
#4648 = VERTEX_POINT('',#4649);
#4649 = CARTESIAN_POINT('',(7.750000000005,4.1,-7.1));
#4650 = LINE('',#4651,#4652);
#4651 = CARTESIAN_POINT('',(7.75000000001,3.8,-7.1));
#4652 = VECTOR('',#4653,1.);
#4653 = DIRECTION('',(0.,1.,0.));
#4654 = ORIENTED_EDGE('',*,*,#4655,.F.);
#4655 = EDGE_CURVE('',#1072,#4648,#4656,.T.);
#4656 = LINE('',#4657,#4658);
#4657 = CARTESIAN_POINT('',(7.750000000005,4.1,-1.409983241274E-15));
#4658 = VECTOR('',#4659,1.);
#4659 = DIRECTION('',(-0.,-0.,-1.));
#4660 = ORIENTED_EDGE('',*,*,#1080,.F.);
#4661 = PLANE('',#4662);
#4662 = AXIS2_PLACEMENT_3D('',#4663,#4664,#4665);
#4663 = CARTESIAN_POINT('',(7.75000000001,3.8,-1.409983241274E-15));
#4664 = DIRECTION('',(1.,0.,0.));
#4665 = DIRECTION('',(0.,1.,0.));
#4666 = ADVANCED_FACE('',(#4667),#4686,.T.);
#4667 = FACE_BOUND('',#4668,.T.);
#4668 = EDGE_LOOP('',(#4669,#4670,#4679,#4685));
#4669 = ORIENTED_EDGE('',*,*,#4655,.T.);
#4670 = ORIENTED_EDGE('',*,*,#4671,.T.);
#4671 = EDGE_CURVE('',#4648,#4672,#4674,.T.);
#4672 = VERTEX_POINT('',#4673);
#4673 = CARTESIAN_POINT('',(7.65,4.200000000005,-7.1));
#4674 = CIRCLE('',#4675,0.1);
#4675 = AXIS2_PLACEMENT_3D('',#4676,#4677,#4678);
#4676 = CARTESIAN_POINT('',(7.65,4.1,-7.1));
#4677 = DIRECTION('',(0.,0.,1.));
#4678 = DIRECTION('',(1.,0.,0.));
#4679 = ORIENTED_EDGE('',*,*,#4680,.F.);
#4680 = EDGE_CURVE('',#1064,#4672,#4681,.T.);
#4681 = LINE('',#4682,#4683);
#4682 = CARTESIAN_POINT('',(7.65,4.200000000005,-1.409983241274E-15));
#4683 = VECTOR('',#4684,1.);
#4684 = DIRECTION('',(-0.,-0.,-1.));
#4685 = ORIENTED_EDGE('',*,*,#1071,.F.);
#4686 = CYLINDRICAL_SURFACE('',#4687,0.1);
#4687 = AXIS2_PLACEMENT_3D('',#4688,#4689,#4690);
#4688 = CARTESIAN_POINT('',(7.65,4.1,-1.409983241274E-15));
#4689 = DIRECTION('',(0.,0.,1.));
#4690 = DIRECTION('',(1.,0.,0.));
#4691 = ADVANCED_FACE('',(#4692),#4710,.T.);
#4692 = FACE_BOUND('',#4693,.T.);
#4693 = EDGE_LOOP('',(#4694,#4695,#4703,#4709));
#4694 = ORIENTED_EDGE('',*,*,#4680,.T.);
#4695 = ORIENTED_EDGE('',*,*,#4696,.T.);
#4696 = EDGE_CURVE('',#4672,#4697,#4699,.T.);
#4697 = VERTEX_POINT('',#4698);
#4698 = CARTESIAN_POINT('',(7.35,4.200000000005,-7.1));
#4699 = LINE('',#4700,#4701);
#4700 = CARTESIAN_POINT('',(7.65,4.20000000001,-7.1));
#4701 = VECTOR('',#4702,1.);
#4702 = DIRECTION('',(-1.,0.,0.));
#4703 = ORIENTED_EDGE('',*,*,#4704,.F.);
#4704 = EDGE_CURVE('',#1055,#4697,#4705,.T.);
#4705 = LINE('',#4706,#4707);
#4706 = CARTESIAN_POINT('',(7.35,4.200000000005,-1.409983241274E-15));
#4707 = VECTOR('',#4708,1.);
#4708 = DIRECTION('',(-0.,-0.,-1.));
#4709 = ORIENTED_EDGE('',*,*,#1063,.F.);
#4710 = PLANE('',#4711);
#4711 = AXIS2_PLACEMENT_3D('',#4712,#4713,#4714);
#4712 = CARTESIAN_POINT('',(7.65,4.20000000001,-1.409983241274E-15));
#4713 = DIRECTION('',(0.,1.,0.));
#4714 = DIRECTION('',(-1.,0.,0.));
#4715 = ADVANCED_FACE('',(#4716),#4728,.T.);
#4716 = FACE_BOUND('',#4717,.T.);
#4717 = EDGE_LOOP('',(#4718,#4719,#4726,#4727));
#4718 = ORIENTED_EDGE('',*,*,#4704,.T.);
#4719 = ORIENTED_EDGE('',*,*,#4720,.T.);
#4720 = EDGE_CURVE('',#4697,#4542,#4721,.T.);
#4721 = CIRCLE('',#4722,0.1);
#4722 = AXIS2_PLACEMENT_3D('',#4723,#4724,#4725);
#4723 = CARTESIAN_POINT('',(7.35,4.1,-7.1));
#4724 = DIRECTION('',(0.,0.,1.));
#4725 = DIRECTION('',(1.,0.,0.));
#4726 = ORIENTED_EDGE('',*,*,#4541,.F.);
#4727 = ORIENTED_EDGE('',*,*,#1054,.F.);
#4728 = CYLINDRICAL_SURFACE('',#4729,0.1);
#4729 = AXIS2_PLACEMENT_3D('',#4730,#4731,#4732);
#4730 = CARTESIAN_POINT('',(7.35,4.1,-1.409983241274E-15));
#4731 = DIRECTION('',(0.,0.,1.));
#4732 = DIRECTION('',(1.,0.,0.));
#4733 = ADVANCED_FACE('',(#4734),#4759,.T.);
#4734 = FACE_BOUND('',#4735,.T.);
#4735 = EDGE_LOOP('',(#4736,#4744,#4752,#4758));
#4736 = ORIENTED_EDGE('',*,*,#4737,.T.);
#4737 = EDGE_CURVE('',#1115,#4738,#4740,.T.);
#4738 = VERTEX_POINT('',#4739);
#4739 = CARTESIAN_POINT('',(7.25,6.64,-7.1));
#4740 = LINE('',#4741,#4742);
#4741 = CARTESIAN_POINT('',(7.25,6.64,-1.691979889529E-15));
#4742 = VECTOR('',#4743,1.);
#4743 = DIRECTION('',(-0.,-0.,-1.));
#4744 = ORIENTED_EDGE('',*,*,#4745,.T.);
#4745 = EDGE_CURVE('',#4738,#4746,#4748,.T.);
#4746 = VERTEX_POINT('',#4747);
#4747 = CARTESIAN_POINT('',(7.25,6.34,-7.1));
#4748 = LINE('',#4749,#4750);
#4749 = CARTESIAN_POINT('',(7.25,6.64,-7.1));
#4750 = VECTOR('',#4751,1.);
#4751 = DIRECTION('',(0.,-1.,0.));
#4752 = ORIENTED_EDGE('',*,*,#4753,.F.);
#4753 = EDGE_CURVE('',#1117,#4746,#4754,.T.);
#4754 = LINE('',#4755,#4756);
#4755 = CARTESIAN_POINT('',(7.25,6.34,-1.691979889529E-15));
#4756 = VECTOR('',#4757,1.);
#4757 = DIRECTION('',(-0.,-0.,-1.));
#4758 = ORIENTED_EDGE('',*,*,#1114,.F.);
#4759 = PLANE('',#4760);
#4760 = AXIS2_PLACEMENT_3D('',#4761,#4762,#4763);
#4761 = CARTESIAN_POINT('',(7.25,6.64,-1.691979889529E-15));
#4762 = DIRECTION('',(-1.,0.,0.));
#4763 = DIRECTION('',(0.,-1.,0.));
#4764 = ADVANCED_FACE('',(#4765),#4784,.T.);
#4765 = FACE_BOUND('',#4766,.T.);
#4766 = EDGE_LOOP('',(#4767,#4768,#4777,#4783));
#4767 = ORIENTED_EDGE('',*,*,#4753,.T.);
#4768 = ORIENTED_EDGE('',*,*,#4769,.T.);
#4769 = EDGE_CURVE('',#4746,#4770,#4772,.T.);
#4770 = VERTEX_POINT('',#4771);
#4771 = CARTESIAN_POINT('',(7.35,6.24,-7.1));
#4772 = CIRCLE('',#4773,0.1);
#4773 = AXIS2_PLACEMENT_3D('',#4774,#4775,#4776);
#4774 = CARTESIAN_POINT('',(7.35,6.34,-7.1));
#4775 = DIRECTION('',(0.,0.,1.));
#4776 = DIRECTION('',(1.,0.,0.));
#4777 = ORIENTED_EDGE('',*,*,#4778,.F.);
#4778 = EDGE_CURVE('',#1168,#4770,#4779,.T.);
#4779 = LINE('',#4780,#4781);
#4780 = CARTESIAN_POINT('',(7.35,6.24,-1.691979889529E-15));
#4781 = VECTOR('',#4782,1.);
#4782 = DIRECTION('',(-0.,-0.,-1.));
#4783 = ORIENTED_EDGE('',*,*,#1175,.F.);
#4784 = CYLINDRICAL_SURFACE('',#4785,0.1);
#4785 = AXIS2_PLACEMENT_3D('',#4786,#4787,#4788);
#4786 = CARTESIAN_POINT('',(7.35,6.34,-1.691979889529E-15));
#4787 = DIRECTION('',(0.,0.,1.));
#4788 = DIRECTION('',(1.,0.,0.));
#4789 = ADVANCED_FACE('',(#4790),#4808,.T.);
#4790 = FACE_BOUND('',#4791,.T.);
#4791 = EDGE_LOOP('',(#4792,#4793,#4801,#4807));
#4792 = ORIENTED_EDGE('',*,*,#4778,.T.);
#4793 = ORIENTED_EDGE('',*,*,#4794,.T.);
#4794 = EDGE_CURVE('',#4770,#4795,#4797,.T.);
#4795 = VERTEX_POINT('',#4796);
#4796 = CARTESIAN_POINT('',(7.65,6.24,-7.1));
#4797 = LINE('',#4798,#4799);
#4798 = CARTESIAN_POINT('',(7.35,6.24,-7.1));
#4799 = VECTOR('',#4800,1.);
#4800 = DIRECTION('',(1.,0.,0.));
#4801 = ORIENTED_EDGE('',*,*,#4802,.F.);
#4802 = EDGE_CURVE('',#1159,#4795,#4803,.T.);
#4803 = LINE('',#4804,#4805);
#4804 = CARTESIAN_POINT('',(7.65,6.24,-1.691979889529E-15));
#4805 = VECTOR('',#4806,1.);
#4806 = DIRECTION('',(-0.,-0.,-1.));
#4807 = ORIENTED_EDGE('',*,*,#1167,.F.);
#4808 = PLANE('',#4809);
#4809 = AXIS2_PLACEMENT_3D('',#4810,#4811,#4812);
#4810 = CARTESIAN_POINT('',(7.35,6.24,-1.691979889529E-15));
#4811 = DIRECTION('',(0.,-1.,0.));
#4812 = DIRECTION('',(1.,0.,0.));
#4813 = ADVANCED_FACE('',(#4814),#4833,.T.);
#4814 = FACE_BOUND('',#4815,.T.);
#4815 = EDGE_LOOP('',(#4816,#4817,#4826,#4832));
#4816 = ORIENTED_EDGE('',*,*,#4802,.T.);
#4817 = ORIENTED_EDGE('',*,*,#4818,.T.);
#4818 = EDGE_CURVE('',#4795,#4819,#4821,.T.);
#4819 = VERTEX_POINT('',#4820);
#4820 = CARTESIAN_POINT('',(7.750000000005,6.34,-7.1));
#4821 = CIRCLE('',#4822,0.1);
#4822 = AXIS2_PLACEMENT_3D('',#4823,#4824,#4825);
#4823 = CARTESIAN_POINT('',(7.65,6.34,-7.1));
#4824 = DIRECTION('',(0.,0.,1.));
#4825 = DIRECTION('',(1.,0.,0.));
#4826 = ORIENTED_EDGE('',*,*,#4827,.F.);
#4827 = EDGE_CURVE('',#1151,#4819,#4828,.T.);
#4828 = LINE('',#4829,#4830);
#4829 = CARTESIAN_POINT('',(7.750000000005,6.34,-1.691979889529E-15));
#4830 = VECTOR('',#4831,1.);
#4831 = DIRECTION('',(-0.,-0.,-1.));
#4832 = ORIENTED_EDGE('',*,*,#1158,.F.);
#4833 = CYLINDRICAL_SURFACE('',#4834,0.1);
#4834 = AXIS2_PLACEMENT_3D('',#4835,#4836,#4837);
#4835 = CARTESIAN_POINT('',(7.65,6.34,-1.691979889529E-15));
#4836 = DIRECTION('',(0.,0.,1.));
#4837 = DIRECTION('',(1.,0.,0.));
#4838 = ADVANCED_FACE('',(#4839),#4857,.T.);
#4839 = FACE_BOUND('',#4840,.T.);
#4840 = EDGE_LOOP('',(#4841,#4842,#4850,#4856));
#4841 = ORIENTED_EDGE('',*,*,#4827,.T.);
#4842 = ORIENTED_EDGE('',*,*,#4843,.T.);
#4843 = EDGE_CURVE('',#4819,#4844,#4846,.T.);
#4844 = VERTEX_POINT('',#4845);
#4845 = CARTESIAN_POINT('',(7.750000000005,6.64,-7.1));
#4846 = LINE('',#4847,#4848);
#4847 = CARTESIAN_POINT('',(7.75000000001,6.34,-7.1));
#4848 = VECTOR('',#4849,1.);
#4849 = DIRECTION('',(0.,1.,0.));
#4850 = ORIENTED_EDGE('',*,*,#4851,.F.);
#4851 = EDGE_CURVE('',#1142,#4844,#4852,.T.);
#4852 = LINE('',#4853,#4854);
#4853 = CARTESIAN_POINT('',(7.750000000005,6.64,-1.691979889529E-15));
#4854 = VECTOR('',#4855,1.);
#4855 = DIRECTION('',(-0.,-0.,-1.));
#4856 = ORIENTED_EDGE('',*,*,#1150,.F.);
#4857 = PLANE('',#4858);
#4858 = AXIS2_PLACEMENT_3D('',#4859,#4860,#4861);
#4859 = CARTESIAN_POINT('',(7.75000000001,6.34,-1.691979889529E-15));
#4860 = DIRECTION('',(1.,0.,0.));
#4861 = DIRECTION('',(0.,1.,0.));
#4862 = ADVANCED_FACE('',(#4863),#4882,.T.);
#4863 = FACE_BOUND('',#4864,.T.);
#4864 = EDGE_LOOP('',(#4865,#4866,#4875,#4881));
#4865 = ORIENTED_EDGE('',*,*,#4851,.T.);
#4866 = ORIENTED_EDGE('',*,*,#4867,.T.);
#4867 = EDGE_CURVE('',#4844,#4868,#4870,.T.);
#4868 = VERTEX_POINT('',#4869);
#4869 = CARTESIAN_POINT('',(7.65,6.740000000005,-7.1));
#4870 = CIRCLE('',#4871,0.1);
#4871 = AXIS2_PLACEMENT_3D('',#4872,#4873,#4874);
#4872 = CARTESIAN_POINT('',(7.65,6.64,-7.1));
#4873 = DIRECTION('',(0.,0.,1.));
#4874 = DIRECTION('',(1.,0.,0.));
#4875 = ORIENTED_EDGE('',*,*,#4876,.F.);
#4876 = EDGE_CURVE('',#1134,#4868,#4877,.T.);
#4877 = LINE('',#4878,#4879);
#4878 = CARTESIAN_POINT('',(7.65,6.740000000005,-1.691979889529E-15));
#4879 = VECTOR('',#4880,1.);
#4880 = DIRECTION('',(-0.,-0.,-1.));
#4881 = ORIENTED_EDGE('',*,*,#1141,.F.);
#4882 = CYLINDRICAL_SURFACE('',#4883,0.1);
#4883 = AXIS2_PLACEMENT_3D('',#4884,#4885,#4886);
#4884 = CARTESIAN_POINT('',(7.65,6.64,-1.691979889529E-15));
#4885 = DIRECTION('',(0.,0.,1.));
#4886 = DIRECTION('',(1.,0.,0.));
#4887 = ADVANCED_FACE('',(#4888),#4906,.T.);
#4888 = FACE_BOUND('',#4889,.T.);
#4889 = EDGE_LOOP('',(#4890,#4891,#4899,#4905));
#4890 = ORIENTED_EDGE('',*,*,#4876,.T.);
#4891 = ORIENTED_EDGE('',*,*,#4892,.T.);
#4892 = EDGE_CURVE('',#4868,#4893,#4895,.T.);
#4893 = VERTEX_POINT('',#4894);
#4894 = CARTESIAN_POINT('',(7.35,6.740000000005,-7.1));
#4895 = LINE('',#4896,#4897);
#4896 = CARTESIAN_POINT('',(7.65,6.74000000001,-7.1));
#4897 = VECTOR('',#4898,1.);
#4898 = DIRECTION('',(-1.,0.,0.));
#4899 = ORIENTED_EDGE('',*,*,#4900,.F.);
#4900 = EDGE_CURVE('',#1125,#4893,#4901,.T.);
#4901 = LINE('',#4902,#4903);
#4902 = CARTESIAN_POINT('',(7.35,6.740000000005,-1.691979889529E-15));
#4903 = VECTOR('',#4904,1.);
#4904 = DIRECTION('',(-0.,-0.,-1.));
#4905 = ORIENTED_EDGE('',*,*,#1133,.F.);
#4906 = PLANE('',#4907);
#4907 = AXIS2_PLACEMENT_3D('',#4908,#4909,#4910);
#4908 = CARTESIAN_POINT('',(7.65,6.74000000001,-1.691979889529E-15));
#4909 = DIRECTION('',(0.,1.,0.));
#4910 = DIRECTION('',(-1.,0.,0.));
#4911 = ADVANCED_FACE('',(#4912),#4924,.T.);
#4912 = FACE_BOUND('',#4913,.T.);
#4913 = EDGE_LOOP('',(#4914,#4915,#4922,#4923));
#4914 = ORIENTED_EDGE('',*,*,#4900,.T.);
#4915 = ORIENTED_EDGE('',*,*,#4916,.T.);
#4916 = EDGE_CURVE('',#4893,#4738,#4917,.T.);
#4917 = CIRCLE('',#4918,0.1);
#4918 = AXIS2_PLACEMENT_3D('',#4919,#4920,#4921);
#4919 = CARTESIAN_POINT('',(7.35,6.64,-7.1));
#4920 = DIRECTION('',(0.,0.,1.));
#4921 = DIRECTION('',(1.,0.,0.));
#4922 = ORIENTED_EDGE('',*,*,#4737,.F.);
#4923 = ORIENTED_EDGE('',*,*,#1124,.F.);
#4924 = CYLINDRICAL_SURFACE('',#4925,0.1);
#4925 = AXIS2_PLACEMENT_3D('',#4926,#4927,#4928);
#4926 = CARTESIAN_POINT('',(7.35,6.64,-1.691979889529E-15));
#4927 = DIRECTION('',(0.,0.,1.));
#4928 = DIRECTION('',(1.,0.,0.));
#4929 = ADVANCED_FACE('',(#4930),#4955,.T.);
#4930 = FACE_BOUND('',#4931,.T.);
#4931 = EDGE_LOOP('',(#4932,#4940,#4948,#4954));
#4932 = ORIENTED_EDGE('',*,*,#4933,.T.);
#4933 = EDGE_CURVE('',#1185,#4934,#4936,.T.);
#4934 = VERTEX_POINT('',#4935);
#4935 = CARTESIAN_POINT('',(7.25,9.18,-7.1));
#4936 = LINE('',#4937,#4938);
#4937 = CARTESIAN_POINT('',(7.25,9.18,-1.973976537784E-15));
#4938 = VECTOR('',#4939,1.);
#4939 = DIRECTION('',(-0.,-0.,-1.));
#4940 = ORIENTED_EDGE('',*,*,#4941,.T.);
#4941 = EDGE_CURVE('',#4934,#4942,#4944,.T.);
#4942 = VERTEX_POINT('',#4943);
#4943 = CARTESIAN_POINT('',(7.25,8.88,-7.1));
#4944 = LINE('',#4945,#4946);
#4945 = CARTESIAN_POINT('',(7.25,9.18,-7.1));
#4946 = VECTOR('',#4947,1.);
#4947 = DIRECTION('',(0.,-1.,0.));
#4948 = ORIENTED_EDGE('',*,*,#4949,.F.);
#4949 = EDGE_CURVE('',#1187,#4942,#4950,.T.);
#4950 = LINE('',#4951,#4952);
#4951 = CARTESIAN_POINT('',(7.25,8.88,-1.973976537784E-15));
#4952 = VECTOR('',#4953,1.);
#4953 = DIRECTION('',(-0.,-0.,-1.));
#4954 = ORIENTED_EDGE('',*,*,#1184,.F.);
#4955 = PLANE('',#4956);
#4956 = AXIS2_PLACEMENT_3D('',#4957,#4958,#4959);
#4957 = CARTESIAN_POINT('',(7.25,9.18,-1.973976537784E-15));
#4958 = DIRECTION('',(-1.,0.,0.));
#4959 = DIRECTION('',(0.,-1.,0.));
#4960 = ADVANCED_FACE('',(#4961),#4980,.T.);
#4961 = FACE_BOUND('',#4962,.T.);
#4962 = EDGE_LOOP('',(#4963,#4964,#4973,#4979));
#4963 = ORIENTED_EDGE('',*,*,#4949,.T.);
#4964 = ORIENTED_EDGE('',*,*,#4965,.T.);
#4965 = EDGE_CURVE('',#4942,#4966,#4968,.T.);
#4966 = VERTEX_POINT('',#4967);
#4967 = CARTESIAN_POINT('',(7.35,8.78,-7.1));
#4968 = CIRCLE('',#4969,0.1);
#4969 = AXIS2_PLACEMENT_3D('',#4970,#4971,#4972);
#4970 = CARTESIAN_POINT('',(7.35,8.88,-7.1));
#4971 = DIRECTION('',(0.,0.,1.));
#4972 = DIRECTION('',(1.,0.,0.));
#4973 = ORIENTED_EDGE('',*,*,#4974,.F.);
#4974 = EDGE_CURVE('',#1238,#4966,#4975,.T.);
#4975 = LINE('',#4976,#4977);
#4976 = CARTESIAN_POINT('',(7.35,8.78,-1.973976537784E-15));
#4977 = VECTOR('',#4978,1.);
#4978 = DIRECTION('',(-0.,-0.,-1.));
#4979 = ORIENTED_EDGE('',*,*,#1245,.F.);
#4980 = CYLINDRICAL_SURFACE('',#4981,0.1);
#4981 = AXIS2_PLACEMENT_3D('',#4982,#4983,#4984);
#4982 = CARTESIAN_POINT('',(7.35,8.88,-1.973976537784E-15));
#4983 = DIRECTION('',(0.,0.,1.));
#4984 = DIRECTION('',(1.,0.,0.));
#4985 = ADVANCED_FACE('',(#4986),#5004,.T.);
#4986 = FACE_BOUND('',#4987,.T.);
#4987 = EDGE_LOOP('',(#4988,#4989,#4997,#5003));
#4988 = ORIENTED_EDGE('',*,*,#4974,.T.);
#4989 = ORIENTED_EDGE('',*,*,#4990,.T.);
#4990 = EDGE_CURVE('',#4966,#4991,#4993,.T.);
#4991 = VERTEX_POINT('',#4992);
#4992 = CARTESIAN_POINT('',(7.65,8.78,-7.1));
#4993 = LINE('',#4994,#4995);
#4994 = CARTESIAN_POINT('',(7.35,8.78,-7.1));
#4995 = VECTOR('',#4996,1.);
#4996 = DIRECTION('',(1.,0.,0.));
#4997 = ORIENTED_EDGE('',*,*,#4998,.F.);
#4998 = EDGE_CURVE('',#1229,#4991,#4999,.T.);
#4999 = LINE('',#5000,#5001);
#5000 = CARTESIAN_POINT('',(7.65,8.78,-1.973976537784E-15));
#5001 = VECTOR('',#5002,1.);
#5002 = DIRECTION('',(-0.,-0.,-1.));
#5003 = ORIENTED_EDGE('',*,*,#1237,.F.);
#5004 = PLANE('',#5005);
#5005 = AXIS2_PLACEMENT_3D('',#5006,#5007,#5008);
#5006 = CARTESIAN_POINT('',(7.35,8.78,-1.973976537784E-15));
#5007 = DIRECTION('',(0.,-1.,0.));
#5008 = DIRECTION('',(1.,0.,0.));
#5009 = ADVANCED_FACE('',(#5010),#5029,.T.);
#5010 = FACE_BOUND('',#5011,.T.);
#5011 = EDGE_LOOP('',(#5012,#5013,#5022,#5028));
#5012 = ORIENTED_EDGE('',*,*,#4998,.T.);
#5013 = ORIENTED_EDGE('',*,*,#5014,.T.);
#5014 = EDGE_CURVE('',#4991,#5015,#5017,.T.);
#5015 = VERTEX_POINT('',#5016);
#5016 = CARTESIAN_POINT('',(7.750000000005,8.88,-7.1));
#5017 = CIRCLE('',#5018,0.1);
#5018 = AXIS2_PLACEMENT_3D('',#5019,#5020,#5021);
#5019 = CARTESIAN_POINT('',(7.65,8.88,-7.1));
#5020 = DIRECTION('',(0.,0.,1.));
#5021 = DIRECTION('',(1.,0.,0.));
#5022 = ORIENTED_EDGE('',*,*,#5023,.F.);
#5023 = EDGE_CURVE('',#1221,#5015,#5024,.T.);
#5024 = LINE('',#5025,#5026);
#5025 = CARTESIAN_POINT('',(7.750000000005,8.88,-1.973976537784E-15));
#5026 = VECTOR('',#5027,1.);
#5027 = DIRECTION('',(-0.,-0.,-1.));
#5028 = ORIENTED_EDGE('',*,*,#1228,.F.);
#5029 = CYLINDRICAL_SURFACE('',#5030,0.1);
#5030 = AXIS2_PLACEMENT_3D('',#5031,#5032,#5033);
#5031 = CARTESIAN_POINT('',(7.65,8.88,-1.973976537784E-15));
#5032 = DIRECTION('',(0.,0.,1.));
#5033 = DIRECTION('',(1.,0.,0.));
#5034 = ADVANCED_FACE('',(#5035),#5053,.T.);
#5035 = FACE_BOUND('',#5036,.T.);
#5036 = EDGE_LOOP('',(#5037,#5038,#5046,#5052));
#5037 = ORIENTED_EDGE('',*,*,#5023,.T.);
#5038 = ORIENTED_EDGE('',*,*,#5039,.T.);
#5039 = EDGE_CURVE('',#5015,#5040,#5042,.T.);
#5040 = VERTEX_POINT('',#5041);
#5041 = CARTESIAN_POINT('',(7.750000000005,9.18,-7.1));
#5042 = LINE('',#5043,#5044);
#5043 = CARTESIAN_POINT('',(7.75000000001,8.88,-7.1));
#5044 = VECTOR('',#5045,1.);
#5045 = DIRECTION('',(0.,1.,0.));
#5046 = ORIENTED_EDGE('',*,*,#5047,.F.);
#5047 = EDGE_CURVE('',#1212,#5040,#5048,.T.);
#5048 = LINE('',#5049,#5050);
#5049 = CARTESIAN_POINT('',(7.750000000005,9.18,-1.973976537784E-15));
#5050 = VECTOR('',#5051,1.);
#5051 = DIRECTION('',(-0.,-0.,-1.));
#5052 = ORIENTED_EDGE('',*,*,#1220,.F.);
#5053 = PLANE('',#5054);
#5054 = AXIS2_PLACEMENT_3D('',#5055,#5056,#5057);
#5055 = CARTESIAN_POINT('',(7.75000000001,8.88,-1.973976537784E-15));
#5056 = DIRECTION('',(1.,0.,0.));
#5057 = DIRECTION('',(0.,1.,0.));
#5058 = ADVANCED_FACE('',(#5059),#5078,.T.);
#5059 = FACE_BOUND('',#5060,.T.);
#5060 = EDGE_LOOP('',(#5061,#5062,#5071,#5077));
#5061 = ORIENTED_EDGE('',*,*,#5047,.T.);
#5062 = ORIENTED_EDGE('',*,*,#5063,.T.);
#5063 = EDGE_CURVE('',#5040,#5064,#5066,.T.);
#5064 = VERTEX_POINT('',#5065);
#5065 = CARTESIAN_POINT('',(7.65,9.280000000005,-7.1));
#5066 = CIRCLE('',#5067,0.1);
#5067 = AXIS2_PLACEMENT_3D('',#5068,#5069,#5070);
#5068 = CARTESIAN_POINT('',(7.65,9.18,-7.1));
#5069 = DIRECTION('',(0.,0.,1.));
#5070 = DIRECTION('',(1.,0.,0.));
#5071 = ORIENTED_EDGE('',*,*,#5072,.F.);
#5072 = EDGE_CURVE('',#1204,#5064,#5073,.T.);
#5073 = LINE('',#5074,#5075);
#5074 = CARTESIAN_POINT('',(7.65,9.280000000005,-1.973976537784E-15));
#5075 = VECTOR('',#5076,1.);
#5076 = DIRECTION('',(-0.,-0.,-1.));
#5077 = ORIENTED_EDGE('',*,*,#1211,.F.);
#5078 = CYLINDRICAL_SURFACE('',#5079,0.1);
#5079 = AXIS2_PLACEMENT_3D('',#5080,#5081,#5082);
#5080 = CARTESIAN_POINT('',(7.65,9.18,-1.973976537784E-15));
#5081 = DIRECTION('',(0.,0.,1.));
#5082 = DIRECTION('',(1.,0.,0.));
#5083 = ADVANCED_FACE('',(#5084),#5102,.T.);
#5084 = FACE_BOUND('',#5085,.T.);
#5085 = EDGE_LOOP('',(#5086,#5087,#5095,#5101));
#5086 = ORIENTED_EDGE('',*,*,#5072,.T.);
#5087 = ORIENTED_EDGE('',*,*,#5088,.T.);
#5088 = EDGE_CURVE('',#5064,#5089,#5091,.T.);
#5089 = VERTEX_POINT('',#5090);
#5090 = CARTESIAN_POINT('',(7.35,9.280000000005,-7.1));
#5091 = LINE('',#5092,#5093);
#5092 = CARTESIAN_POINT('',(7.65,9.28000000001,-7.1));
#5093 = VECTOR('',#5094,1.);
#5094 = DIRECTION('',(-1.,0.,0.));
#5095 = ORIENTED_EDGE('',*,*,#5096,.F.);
#5096 = EDGE_CURVE('',#1195,#5089,#5097,.T.);
#5097 = LINE('',#5098,#5099);
#5098 = CARTESIAN_POINT('',(7.35,9.280000000005,-1.973976537784E-15));
#5099 = VECTOR('',#5100,1.);
#5100 = DIRECTION('',(-0.,-0.,-1.));
#5101 = ORIENTED_EDGE('',*,*,#1203,.F.);
#5102 = PLANE('',#5103);
#5103 = AXIS2_PLACEMENT_3D('',#5104,#5105,#5106);
#5104 = CARTESIAN_POINT('',(7.65,9.28000000001,-1.973976537784E-15));
#5105 = DIRECTION('',(0.,1.,0.));
#5106 = DIRECTION('',(-1.,0.,0.));
#5107 = ADVANCED_FACE('',(#5108),#5120,.T.);
#5108 = FACE_BOUND('',#5109,.T.);
#5109 = EDGE_LOOP('',(#5110,#5111,#5118,#5119));
#5110 = ORIENTED_EDGE('',*,*,#5096,.T.);
#5111 = ORIENTED_EDGE('',*,*,#5112,.T.);
#5112 = EDGE_CURVE('',#5089,#4934,#5113,.T.);
#5113 = CIRCLE('',#5114,0.1);
#5114 = AXIS2_PLACEMENT_3D('',#5115,#5116,#5117);
#5115 = CARTESIAN_POINT('',(7.35,9.18,-7.1));
#5116 = DIRECTION('',(0.,0.,1.));
#5117 = DIRECTION('',(1.,0.,0.));
#5118 = ORIENTED_EDGE('',*,*,#4933,.F.);
#5119 = ORIENTED_EDGE('',*,*,#1194,.F.);
#5120 = CYLINDRICAL_SURFACE('',#5121,0.1);
#5121 = AXIS2_PLACEMENT_3D('',#5122,#5123,#5124);
#5122 = CARTESIAN_POINT('',(7.35,9.18,-1.973976537784E-15));
#5123 = DIRECTION('',(0.,0.,1.));
#5124 = DIRECTION('',(1.,0.,0.));
#5125 = ADVANCED_FACE('',(#5126),#5145,.F.);
#5126 = FACE_BOUND('',#5127,.F.);
#5127 = EDGE_LOOP('',(#5128,#5136,#5143,#5144));
#5128 = ORIENTED_EDGE('',*,*,#5129,.T.);
#5129 = EDGE_CURVE('',#1272,#5130,#5132,.T.);
#5130 = VERTEX_POINT('',#5131);
#5131 = CARTESIAN_POINT('',(-7.75,-8.75,5.4));
#5132 = LINE('',#5133,#5134);
#5133 = CARTESIAN_POINT('',(-7.75,-8.75,5.9));
#5134 = VECTOR('',#5135,1.);
#5135 = DIRECTION('',(-0.,-0.,-1.));
#5136 = ORIENTED_EDGE('',*,*,#5137,.T.);
#5137 = EDGE_CURVE('',#5130,#5130,#5138,.T.);
#5138 = CIRCLE('',#5139,1.);
#5139 = AXIS2_PLACEMENT_3D('',#5140,#5141,#5142);
#5140 = CARTESIAN_POINT('',(-8.75,-8.75,5.4));
#5141 = DIRECTION('',(0.,0.,1.));
#5142 = DIRECTION('',(1.,0.,0.));
#5143 = ORIENTED_EDGE('',*,*,#5129,.F.);
#5144 = ORIENTED_EDGE('',*,*,#1271,.F.);
#5145 = CYLINDRICAL_SURFACE('',#5146,1.);
#5146 = AXIS2_PLACEMENT_3D('',#5147,#5148,#5149);
#5147 = CARTESIAN_POINT('',(-8.75,-8.75,5.9));
#5148 = DIRECTION('',(0.,0.,1.));
#5149 = DIRECTION('',(1.,0.,0.));
#5150 = ADVANCED_FACE('',(#5151),#5170,.F.);
#5151 = FACE_BOUND('',#5152,.F.);
#5152 = EDGE_LOOP('',(#5153,#5161,#5168,#5169));
#5153 = ORIENTED_EDGE('',*,*,#5154,.T.);
#5154 = EDGE_CURVE('',#1283,#5155,#5157,.T.);
#5155 = VERTEX_POINT('',#5156);
#5156 = CARTESIAN_POINT('',(-5.25,-8.75,5.4));
#5157 = LINE('',#5158,#5159);
#5158 = CARTESIAN_POINT('',(-5.25,-8.75,5.9));
#5159 = VECTOR('',#5160,1.);
#5160 = DIRECTION('',(-0.,-0.,-1.));
#5161 = ORIENTED_EDGE('',*,*,#5162,.T.);
#5162 = EDGE_CURVE('',#5155,#5155,#5163,.T.);
#5163 = CIRCLE('',#5164,1.);
#5164 = AXIS2_PLACEMENT_3D('',#5165,#5166,#5167);
#5165 = CARTESIAN_POINT('',(-6.25,-8.75,5.4));
#5166 = DIRECTION('',(0.,0.,1.));
#5167 = DIRECTION('',(1.,0.,0.));
#5168 = ORIENTED_EDGE('',*,*,#5154,.F.);
#5169 = ORIENTED_EDGE('',*,*,#1282,.F.);
#5170 = CYLINDRICAL_SURFACE('',#5171,1.);
#5171 = AXIS2_PLACEMENT_3D('',#5172,#5173,#5174);
#5172 = CARTESIAN_POINT('',(-6.25,-8.75,5.9));
#5173 = DIRECTION('',(0.,0.,1.));
#5174 = DIRECTION('',(1.,0.,0.));
#5175 = ADVANCED_FACE('',(#5176),#5195,.F.);
#5176 = FACE_BOUND('',#5177,.F.);
#5177 = EDGE_LOOP('',(#5178,#5186,#5193,#5194));
#5178 = ORIENTED_EDGE('',*,*,#5179,.T.);
#5179 = EDGE_CURVE('',#1294,#5180,#5182,.T.);
#5180 = VERTEX_POINT('',#5181);
#5181 = CARTESIAN_POINT('',(-7.75,-6.25,5.4));
#5182 = LINE('',#5183,#5184);
#5183 = CARTESIAN_POINT('',(-7.75,-6.25,5.9));
#5184 = VECTOR('',#5185,1.);
#5185 = DIRECTION('',(-0.,-0.,-1.));
#5186 = ORIENTED_EDGE('',*,*,#5187,.T.);
#5187 = EDGE_CURVE('',#5180,#5180,#5188,.T.);
#5188 = CIRCLE('',#5189,1.);
#5189 = AXIS2_PLACEMENT_3D('',#5190,#5191,#5192);
#5190 = CARTESIAN_POINT('',(-8.75,-6.25,5.4));
#5191 = DIRECTION('',(0.,0.,1.));
#5192 = DIRECTION('',(1.,0.,0.));
#5193 = ORIENTED_EDGE('',*,*,#5179,.F.);
#5194 = ORIENTED_EDGE('',*,*,#1293,.F.);
#5195 = CYLINDRICAL_SURFACE('',#5196,1.);
#5196 = AXIS2_PLACEMENT_3D('',#5197,#5198,#5199);
#5197 = CARTESIAN_POINT('',(-8.75,-6.25,5.9));
#5198 = DIRECTION('',(0.,0.,1.));
#5199 = DIRECTION('',(1.,0.,0.));
#5200 = ADVANCED_FACE('',(#5201),#5220,.F.);
#5201 = FACE_BOUND('',#5202,.F.);
#5202 = EDGE_LOOP('',(#5203,#5211,#5218,#5219));
#5203 = ORIENTED_EDGE('',*,*,#5204,.T.);
#5204 = EDGE_CURVE('',#1305,#5205,#5207,.T.);
#5205 = VERTEX_POINT('',#5206);
#5206 = CARTESIAN_POINT('',(-5.25,-6.25,5.4));
#5207 = LINE('',#5208,#5209);
#5208 = CARTESIAN_POINT('',(-5.25,-6.25,5.9));
#5209 = VECTOR('',#5210,1.);
#5210 = DIRECTION('',(-0.,-0.,-1.));
#5211 = ORIENTED_EDGE('',*,*,#5212,.T.);
#5212 = EDGE_CURVE('',#5205,#5205,#5213,.T.);
#5213 = CIRCLE('',#5214,1.);
#5214 = AXIS2_PLACEMENT_3D('',#5215,#5216,#5217);
#5215 = CARTESIAN_POINT('',(-6.25,-6.25,5.4));
#5216 = DIRECTION('',(0.,0.,1.));
#5217 = DIRECTION('',(1.,0.,0.));
#5218 = ORIENTED_EDGE('',*,*,#5204,.F.);
#5219 = ORIENTED_EDGE('',*,*,#1304,.F.);
#5220 = CYLINDRICAL_SURFACE('',#5221,1.);
#5221 = AXIS2_PLACEMENT_3D('',#5222,#5223,#5224);
#5222 = CARTESIAN_POINT('',(-6.25,-6.25,5.9));
#5223 = DIRECTION('',(0.,0.,1.));
#5224 = DIRECTION('',(1.,0.,0.));
#5225 = ADVANCED_FACE('',(#5226),#5245,.F.);
#5226 = FACE_BOUND('',#5227,.F.);
#5227 = EDGE_LOOP('',(#5228,#5236,#5243,#5244));
#5228 = ORIENTED_EDGE('',*,*,#5229,.T.);
#5229 = EDGE_CURVE('',#1316,#5230,#5232,.T.);
#5230 = VERTEX_POINT('',#5231);
#5231 = CARTESIAN_POINT('',(-2.75,-8.75,5.4));
#5232 = LINE('',#5233,#5234);
#5233 = CARTESIAN_POINT('',(-2.75,-8.75,5.9));
#5234 = VECTOR('',#5235,1.);
#5235 = DIRECTION('',(-0.,-0.,-1.));
#5236 = ORIENTED_EDGE('',*,*,#5237,.T.);
#5237 = EDGE_CURVE('',#5230,#5230,#5238,.T.);
#5238 = CIRCLE('',#5239,1.);
#5239 = AXIS2_PLACEMENT_3D('',#5240,#5241,#5242);
#5240 = CARTESIAN_POINT('',(-3.75,-8.75,5.4));
#5241 = DIRECTION('',(0.,0.,1.));
#5242 = DIRECTION('',(1.,0.,0.));
#5243 = ORIENTED_EDGE('',*,*,#5229,.F.);
#5244 = ORIENTED_EDGE('',*,*,#1315,.F.);
#5245 = CYLINDRICAL_SURFACE('',#5246,1.);
#5246 = AXIS2_PLACEMENT_3D('',#5247,#5248,#5249);
#5247 = CARTESIAN_POINT('',(-3.75,-8.75,5.9));
#5248 = DIRECTION('',(0.,0.,1.));
#5249 = DIRECTION('',(1.,0.,0.));
#5250 = ADVANCED_FACE('',(#5251),#5270,.F.);
#5251 = FACE_BOUND('',#5252,.F.);
#5252 = EDGE_LOOP('',(#5253,#5261,#5268,#5269));
#5253 = ORIENTED_EDGE('',*,*,#5254,.T.);
#5254 = EDGE_CURVE('',#1327,#5255,#5257,.T.);
#5255 = VERTEX_POINT('',#5256);
#5256 = CARTESIAN_POINT('',(-0.25,-8.75,5.4));
#5257 = LINE('',#5258,#5259);
#5258 = CARTESIAN_POINT('',(-0.25,-8.75,5.9));
#5259 = VECTOR('',#5260,1.);
#5260 = DIRECTION('',(-0.,-0.,-1.));
#5261 = ORIENTED_EDGE('',*,*,#5262,.T.);
#5262 = EDGE_CURVE('',#5255,#5255,#5263,.T.);
#5263 = CIRCLE('',#5264,1.);
#5264 = AXIS2_PLACEMENT_3D('',#5265,#5266,#5267);
#5265 = CARTESIAN_POINT('',(-1.25,-8.75,5.4));
#5266 = DIRECTION('',(0.,0.,1.));
#5267 = DIRECTION('',(1.,0.,0.));
#5268 = ORIENTED_EDGE('',*,*,#5254,.F.);
#5269 = ORIENTED_EDGE('',*,*,#1326,.F.);
#5270 = CYLINDRICAL_SURFACE('',#5271,1.);
#5271 = AXIS2_PLACEMENT_3D('',#5272,#5273,#5274);
#5272 = CARTESIAN_POINT('',(-1.25,-8.75,5.9));
#5273 = DIRECTION('',(0.,0.,1.));
#5274 = DIRECTION('',(1.,0.,0.));
#5275 = ADVANCED_FACE('',(#5276),#5295,.F.);
#5276 = FACE_BOUND('',#5277,.F.);
#5277 = EDGE_LOOP('',(#5278,#5286,#5293,#5294));
#5278 = ORIENTED_EDGE('',*,*,#5279,.T.);
#5279 = EDGE_CURVE('',#1338,#5280,#5282,.T.);
#5280 = VERTEX_POINT('',#5281);
#5281 = CARTESIAN_POINT('',(-2.75,-6.25,5.4));
#5282 = LINE('',#5283,#5284);
#5283 = CARTESIAN_POINT('',(-2.75,-6.25,5.9));
#5284 = VECTOR('',#5285,1.);
#5285 = DIRECTION('',(-0.,-0.,-1.));
#5286 = ORIENTED_EDGE('',*,*,#5287,.T.);
#5287 = EDGE_CURVE('',#5280,#5280,#5288,.T.);
#5288 = CIRCLE('',#5289,1.);
#5289 = AXIS2_PLACEMENT_3D('',#5290,#5291,#5292);
#5290 = CARTESIAN_POINT('',(-3.75,-6.25,5.4));
#5291 = DIRECTION('',(0.,0.,1.));
#5292 = DIRECTION('',(1.,0.,0.));
#5293 = ORIENTED_EDGE('',*,*,#5279,.F.);
#5294 = ORIENTED_EDGE('',*,*,#1337,.F.);
#5295 = CYLINDRICAL_SURFACE('',#5296,1.);
#5296 = AXIS2_PLACEMENT_3D('',#5297,#5298,#5299);
#5297 = CARTESIAN_POINT('',(-3.75,-6.25,5.9));
#5298 = DIRECTION('',(0.,0.,1.));
#5299 = DIRECTION('',(1.,0.,0.));
#5300 = ADVANCED_FACE('',(#5301),#5320,.F.);
#5301 = FACE_BOUND('',#5302,.F.);
#5302 = EDGE_LOOP('',(#5303,#5311,#5318,#5319));
#5303 = ORIENTED_EDGE('',*,*,#5304,.T.);
#5304 = EDGE_CURVE('',#1349,#5305,#5307,.T.);
#5305 = VERTEX_POINT('',#5306);
#5306 = CARTESIAN_POINT('',(-0.25,-6.25,5.4));
#5307 = LINE('',#5308,#5309);
#5308 = CARTESIAN_POINT('',(-0.25,-6.25,5.9));
#5309 = VECTOR('',#5310,1.);
#5310 = DIRECTION('',(-0.,-0.,-1.));
#5311 = ORIENTED_EDGE('',*,*,#5312,.T.);
#5312 = EDGE_CURVE('',#5305,#5305,#5313,.T.);
#5313 = CIRCLE('',#5314,1.);
#5314 = AXIS2_PLACEMENT_3D('',#5315,#5316,#5317);
#5315 = CARTESIAN_POINT('',(-1.25,-6.25,5.4));
#5316 = DIRECTION('',(0.,0.,1.));
#5317 = DIRECTION('',(1.,0.,0.));
#5318 = ORIENTED_EDGE('',*,*,#5304,.F.);
#5319 = ORIENTED_EDGE('',*,*,#1348,.F.);
#5320 = CYLINDRICAL_SURFACE('',#5321,1.);
#5321 = AXIS2_PLACEMENT_3D('',#5322,#5323,#5324);
#5322 = CARTESIAN_POINT('',(-1.25,-6.25,5.9));
#5323 = DIRECTION('',(0.,0.,1.));
#5324 = DIRECTION('',(1.,0.,0.));
#5325 = ADVANCED_FACE('',(#5326),#5345,.F.);
#5326 = FACE_BOUND('',#5327,.F.);
#5327 = EDGE_LOOP('',(#5328,#5336,#5343,#5344));
#5328 = ORIENTED_EDGE('',*,*,#5329,.T.);
#5329 = EDGE_CURVE('',#1360,#5330,#5332,.T.);
#5330 = VERTEX_POINT('',#5331);
#5331 = CARTESIAN_POINT('',(-7.75,-3.75,5.4));
#5332 = LINE('',#5333,#5334);
#5333 = CARTESIAN_POINT('',(-7.75,-3.75,5.9));
#5334 = VECTOR('',#5335,1.);
#5335 = DIRECTION('',(-0.,-0.,-1.));
#5336 = ORIENTED_EDGE('',*,*,#5337,.T.);
#5337 = EDGE_CURVE('',#5330,#5330,#5338,.T.);
#5338 = CIRCLE('',#5339,1.);
#5339 = AXIS2_PLACEMENT_3D('',#5340,#5341,#5342);
#5340 = CARTESIAN_POINT('',(-8.75,-3.75,5.4));
#5341 = DIRECTION('',(0.,0.,1.));
#5342 = DIRECTION('',(1.,0.,0.));
#5343 = ORIENTED_EDGE('',*,*,#5329,.F.);
#5344 = ORIENTED_EDGE('',*,*,#1359,.F.);
#5345 = CYLINDRICAL_SURFACE('',#5346,1.);
#5346 = AXIS2_PLACEMENT_3D('',#5347,#5348,#5349);
#5347 = CARTESIAN_POINT('',(-8.75,-3.75,5.9));
#5348 = DIRECTION('',(0.,0.,1.));
#5349 = DIRECTION('',(1.,0.,0.));
#5350 = ADVANCED_FACE('',(#5351),#5370,.F.);
#5351 = FACE_BOUND('',#5352,.F.);
#5352 = EDGE_LOOP('',(#5353,#5361,#5368,#5369));
#5353 = ORIENTED_EDGE('',*,*,#5354,.T.);
#5354 = EDGE_CURVE('',#1371,#5355,#5357,.T.);
#5355 = VERTEX_POINT('',#5356);
#5356 = CARTESIAN_POINT('',(-5.25,-3.75,5.4));
#5357 = LINE('',#5358,#5359);
#5358 = CARTESIAN_POINT('',(-5.25,-3.75,5.9));
#5359 = VECTOR('',#5360,1.);
#5360 = DIRECTION('',(-0.,-0.,-1.));
#5361 = ORIENTED_EDGE('',*,*,#5362,.T.);
#5362 = EDGE_CURVE('',#5355,#5355,#5363,.T.);
#5363 = CIRCLE('',#5364,1.);
#5364 = AXIS2_PLACEMENT_3D('',#5365,#5366,#5367);
#5365 = CARTESIAN_POINT('',(-6.25,-3.75,5.4));
#5366 = DIRECTION('',(0.,0.,1.));
#5367 = DIRECTION('',(1.,0.,0.));
#5368 = ORIENTED_EDGE('',*,*,#5354,.F.);
#5369 = ORIENTED_EDGE('',*,*,#1370,.F.);
#5370 = CYLINDRICAL_SURFACE('',#5371,1.);
#5371 = AXIS2_PLACEMENT_3D('',#5372,#5373,#5374);
#5372 = CARTESIAN_POINT('',(-6.25,-3.75,5.9));
#5373 = DIRECTION('',(0.,0.,1.));
#5374 = DIRECTION('',(1.,0.,0.));
#5375 = ADVANCED_FACE('',(#5376),#5395,.F.);
#5376 = FACE_BOUND('',#5377,.F.);
#5377 = EDGE_LOOP('',(#5378,#5386,#5393,#5394));
#5378 = ORIENTED_EDGE('',*,*,#5379,.T.);
#5379 = EDGE_CURVE('',#1382,#5380,#5382,.T.);
#5380 = VERTEX_POINT('',#5381);
#5381 = CARTESIAN_POINT('',(-7.75,-1.25,5.4));
#5382 = LINE('',#5383,#5384);
#5383 = CARTESIAN_POINT('',(-7.75,-1.25,5.9));
#5384 = VECTOR('',#5385,1.);
#5385 = DIRECTION('',(-0.,-0.,-1.));
#5386 = ORIENTED_EDGE('',*,*,#5387,.T.);
#5387 = EDGE_CURVE('',#5380,#5380,#5388,.T.);
#5388 = CIRCLE('',#5389,1.);
#5389 = AXIS2_PLACEMENT_3D('',#5390,#5391,#5392);
#5390 = CARTESIAN_POINT('',(-8.75,-1.25,5.4));
#5391 = DIRECTION('',(0.,0.,1.));
#5392 = DIRECTION('',(1.,0.,0.));
#5393 = ORIENTED_EDGE('',*,*,#5379,.F.);
#5394 = ORIENTED_EDGE('',*,*,#1381,.F.);
#5395 = CYLINDRICAL_SURFACE('',#5396,1.);
#5396 = AXIS2_PLACEMENT_3D('',#5397,#5398,#5399);
#5397 = CARTESIAN_POINT('',(-8.75,-1.25,5.9));
#5398 = DIRECTION('',(0.,0.,1.));
#5399 = DIRECTION('',(1.,0.,0.));
#5400 = ADVANCED_FACE('',(#5401),#5420,.F.);
#5401 = FACE_BOUND('',#5402,.F.);
#5402 = EDGE_LOOP('',(#5403,#5411,#5418,#5419));
#5403 = ORIENTED_EDGE('',*,*,#5404,.T.);
#5404 = EDGE_CURVE('',#1393,#5405,#5407,.T.);
#5405 = VERTEX_POINT('',#5406);
#5406 = CARTESIAN_POINT('',(-5.25,-1.25,5.4));
#5407 = LINE('',#5408,#5409);
#5408 = CARTESIAN_POINT('',(-5.25,-1.25,5.9));
#5409 = VECTOR('',#5410,1.);
#5410 = DIRECTION('',(-0.,-0.,-1.));
#5411 = ORIENTED_EDGE('',*,*,#5412,.T.);
#5412 = EDGE_CURVE('',#5405,#5405,#5413,.T.);
#5413 = CIRCLE('',#5414,1.);
#5414 = AXIS2_PLACEMENT_3D('',#5415,#5416,#5417);
#5415 = CARTESIAN_POINT('',(-6.25,-1.25,5.4));
#5416 = DIRECTION('',(0.,0.,1.));
#5417 = DIRECTION('',(1.,0.,0.));
#5418 = ORIENTED_EDGE('',*,*,#5404,.F.);
#5419 = ORIENTED_EDGE('',*,*,#1392,.F.);
#5420 = CYLINDRICAL_SURFACE('',#5421,1.);
#5421 = AXIS2_PLACEMENT_3D('',#5422,#5423,#5424);
#5422 = CARTESIAN_POINT('',(-6.25,-1.25,5.9));
#5423 = DIRECTION('',(0.,0.,1.));
#5424 = DIRECTION('',(1.,0.,0.));
#5425 = ADVANCED_FACE('',(#5426),#5445,.F.);
#5426 = FACE_BOUND('',#5427,.F.);
#5427 = EDGE_LOOP('',(#5428,#5436,#5443,#5444));
#5428 = ORIENTED_EDGE('',*,*,#5429,.T.);
#5429 = EDGE_CURVE('',#1404,#5430,#5432,.T.);
#5430 = VERTEX_POINT('',#5431);
#5431 = CARTESIAN_POINT('',(-2.75,-3.75,5.4));
#5432 = LINE('',#5433,#5434);
#5433 = CARTESIAN_POINT('',(-2.75,-3.75,5.9));
#5434 = VECTOR('',#5435,1.);
#5435 = DIRECTION('',(-0.,-0.,-1.));
#5436 = ORIENTED_EDGE('',*,*,#5437,.T.);
#5437 = EDGE_CURVE('',#5430,#5430,#5438,.T.);
#5438 = CIRCLE('',#5439,1.);
#5439 = AXIS2_PLACEMENT_3D('',#5440,#5441,#5442);
#5440 = CARTESIAN_POINT('',(-3.75,-3.75,5.4));
#5441 = DIRECTION('',(0.,0.,1.));
#5442 = DIRECTION('',(1.,0.,0.));
#5443 = ORIENTED_EDGE('',*,*,#5429,.F.);
#5444 = ORIENTED_EDGE('',*,*,#1403,.F.);
#5445 = CYLINDRICAL_SURFACE('',#5446,1.);
#5446 = AXIS2_PLACEMENT_3D('',#5447,#5448,#5449);
#5447 = CARTESIAN_POINT('',(-3.75,-3.75,5.9));
#5448 = DIRECTION('',(0.,0.,1.));
#5449 = DIRECTION('',(1.,0.,0.));
#5450 = ADVANCED_FACE('',(#5451),#5470,.F.);
#5451 = FACE_BOUND('',#5452,.F.);
#5452 = EDGE_LOOP('',(#5453,#5461,#5468,#5469));
#5453 = ORIENTED_EDGE('',*,*,#5454,.T.);
#5454 = EDGE_CURVE('',#1415,#5455,#5457,.T.);
#5455 = VERTEX_POINT('',#5456);
#5456 = CARTESIAN_POINT('',(-0.25,-3.75,5.4));
#5457 = LINE('',#5458,#5459);
#5458 = CARTESIAN_POINT('',(-0.25,-3.75,5.9));
#5459 = VECTOR('',#5460,1.);
#5460 = DIRECTION('',(-0.,-0.,-1.));
#5461 = ORIENTED_EDGE('',*,*,#5462,.T.);
#5462 = EDGE_CURVE('',#5455,#5455,#5463,.T.);
#5463 = CIRCLE('',#5464,1.);
#5464 = AXIS2_PLACEMENT_3D('',#5465,#5466,#5467);
#5465 = CARTESIAN_POINT('',(-1.25,-3.75,5.4));
#5466 = DIRECTION('',(0.,0.,1.));
#5467 = DIRECTION('',(1.,0.,0.));
#5468 = ORIENTED_EDGE('',*,*,#5454,.F.);
#5469 = ORIENTED_EDGE('',*,*,#1414,.F.);
#5470 = CYLINDRICAL_SURFACE('',#5471,1.);
#5471 = AXIS2_PLACEMENT_3D('',#5472,#5473,#5474);
#5472 = CARTESIAN_POINT('',(-1.25,-3.75,5.9));
#5473 = DIRECTION('',(0.,0.,1.));
#5474 = DIRECTION('',(1.,0.,0.));
#5475 = ADVANCED_FACE('',(#5476),#5495,.F.);
#5476 = FACE_BOUND('',#5477,.F.);
#5477 = EDGE_LOOP('',(#5478,#5486,#5493,#5494));
#5478 = ORIENTED_EDGE('',*,*,#5479,.T.);
#5479 = EDGE_CURVE('',#1426,#5480,#5482,.T.);
#5480 = VERTEX_POINT('',#5481);
#5481 = CARTESIAN_POINT('',(-2.75,-1.25,5.4));
#5482 = LINE('',#5483,#5484);
#5483 = CARTESIAN_POINT('',(-2.75,-1.25,5.9));
#5484 = VECTOR('',#5485,1.);
#5485 = DIRECTION('',(-0.,-0.,-1.));
#5486 = ORIENTED_EDGE('',*,*,#5487,.T.);
#5487 = EDGE_CURVE('',#5480,#5480,#5488,.T.);
#5488 = CIRCLE('',#5489,1.);
#5489 = AXIS2_PLACEMENT_3D('',#5490,#5491,#5492);
#5490 = CARTESIAN_POINT('',(-3.75,-1.25,5.4));
#5491 = DIRECTION('',(0.,0.,1.));
#5492 = DIRECTION('',(1.,0.,0.));
#5493 = ORIENTED_EDGE('',*,*,#5479,.F.);
#5494 = ORIENTED_EDGE('',*,*,#1425,.F.);
#5495 = CYLINDRICAL_SURFACE('',#5496,1.);
#5496 = AXIS2_PLACEMENT_3D('',#5497,#5498,#5499);
#5497 = CARTESIAN_POINT('',(-3.75,-1.25,5.9));
#5498 = DIRECTION('',(0.,0.,1.));
#5499 = DIRECTION('',(1.,0.,0.));
#5500 = ADVANCED_FACE('',(#5501),#5520,.F.);
#5501 = FACE_BOUND('',#5502,.F.);
#5502 = EDGE_LOOP('',(#5503,#5511,#5518,#5519));
#5503 = ORIENTED_EDGE('',*,*,#5504,.T.);
#5504 = EDGE_CURVE('',#1437,#5505,#5507,.T.);
#5505 = VERTEX_POINT('',#5506);
#5506 = CARTESIAN_POINT('',(-0.25,-1.25,5.4));
#5507 = LINE('',#5508,#5509);
#5508 = CARTESIAN_POINT('',(-0.25,-1.25,5.9));
#5509 = VECTOR('',#5510,1.);
#5510 = DIRECTION('',(-0.,-0.,-1.));
#5511 = ORIENTED_EDGE('',*,*,#5512,.T.);
#5512 = EDGE_CURVE('',#5505,#5505,#5513,.T.);
#5513 = CIRCLE('',#5514,1.);
#5514 = AXIS2_PLACEMENT_3D('',#5515,#5516,#5517);
#5515 = CARTESIAN_POINT('',(-1.25,-1.25,5.4));
#5516 = DIRECTION('',(0.,0.,1.));
#5517 = DIRECTION('',(1.,0.,0.));
#5518 = ORIENTED_EDGE('',*,*,#5504,.F.);
#5519 = ORIENTED_EDGE('',*,*,#1436,.F.);
#5520 = CYLINDRICAL_SURFACE('',#5521,1.);
#5521 = AXIS2_PLACEMENT_3D('',#5522,#5523,#5524);
#5522 = CARTESIAN_POINT('',(-1.25,-1.25,5.9));
#5523 = DIRECTION('',(0.,0.,1.));
#5524 = DIRECTION('',(1.,0.,0.));
#5525 = ADVANCED_FACE('',(#5526),#5545,.F.);
#5526 = FACE_BOUND('',#5527,.F.);
#5527 = EDGE_LOOP('',(#5528,#5536,#5543,#5544));
#5528 = ORIENTED_EDGE('',*,*,#5529,.T.);
#5529 = EDGE_CURVE('',#1448,#5530,#5532,.T.);
#5530 = VERTEX_POINT('',#5531);
#5531 = CARTESIAN_POINT('',(2.25,-8.75,5.4));
#5532 = LINE('',#5533,#5534);
#5533 = CARTESIAN_POINT('',(2.25,-8.75,5.9));
#5534 = VECTOR('',#5535,1.);
#5535 = DIRECTION('',(-0.,-0.,-1.));
#5536 = ORIENTED_EDGE('',*,*,#5537,.T.);
#5537 = EDGE_CURVE('',#5530,#5530,#5538,.T.);
#5538 = CIRCLE('',#5539,1.);
#5539 = AXIS2_PLACEMENT_3D('',#5540,#5541,#5542);
#5540 = CARTESIAN_POINT('',(1.25,-8.75,5.4));
#5541 = DIRECTION('',(0.,0.,1.));
#5542 = DIRECTION('',(1.,0.,0.));
#5543 = ORIENTED_EDGE('',*,*,#5529,.F.);
#5544 = ORIENTED_EDGE('',*,*,#1447,.F.);
#5545 = CYLINDRICAL_SURFACE('',#5546,1.);
#5546 = AXIS2_PLACEMENT_3D('',#5547,#5548,#5549);
#5547 = CARTESIAN_POINT('',(1.25,-8.75,5.9));
#5548 = DIRECTION('',(0.,0.,1.));
#5549 = DIRECTION('',(1.,0.,0.));
#5550 = ADVANCED_FACE('',(#5551),#5570,.F.);
#5551 = FACE_BOUND('',#5552,.F.);
#5552 = EDGE_LOOP('',(#5553,#5561,#5568,#5569));
#5553 = ORIENTED_EDGE('',*,*,#5554,.T.);
#5554 = EDGE_CURVE('',#1459,#5555,#5557,.T.);
#5555 = VERTEX_POINT('',#5556);
#5556 = CARTESIAN_POINT('',(4.75,-8.75,5.4));
#5557 = LINE('',#5558,#5559);
#5558 = CARTESIAN_POINT('',(4.75,-8.75,5.9));
#5559 = VECTOR('',#5560,1.);
#5560 = DIRECTION('',(-0.,-0.,-1.));
#5561 = ORIENTED_EDGE('',*,*,#5562,.T.);
#5562 = EDGE_CURVE('',#5555,#5555,#5563,.T.);
#5563 = CIRCLE('',#5564,1.);
#5564 = AXIS2_PLACEMENT_3D('',#5565,#5566,#5567);
#5565 = CARTESIAN_POINT('',(3.75,-8.75,5.4));
#5566 = DIRECTION('',(0.,0.,1.));
#5567 = DIRECTION('',(1.,0.,0.));
#5568 = ORIENTED_EDGE('',*,*,#5554,.F.);
#5569 = ORIENTED_EDGE('',*,*,#1458,.F.);
#5570 = CYLINDRICAL_SURFACE('',#5571,1.);
#5571 = AXIS2_PLACEMENT_3D('',#5572,#5573,#5574);
#5572 = CARTESIAN_POINT('',(3.75,-8.75,5.9));
#5573 = DIRECTION('',(0.,0.,1.));
#5574 = DIRECTION('',(1.,0.,0.));
#5575 = ADVANCED_FACE('',(#5576),#5595,.F.);
#5576 = FACE_BOUND('',#5577,.F.);
#5577 = EDGE_LOOP('',(#5578,#5586,#5593,#5594));
#5578 = ORIENTED_EDGE('',*,*,#5579,.T.);
#5579 = EDGE_CURVE('',#1470,#5580,#5582,.T.);
#5580 = VERTEX_POINT('',#5581);
#5581 = CARTESIAN_POINT('',(2.25,-6.25,5.4));
#5582 = LINE('',#5583,#5584);
#5583 = CARTESIAN_POINT('',(2.25,-6.25,5.9));
#5584 = VECTOR('',#5585,1.);
#5585 = DIRECTION('',(-0.,-0.,-1.));
#5586 = ORIENTED_EDGE('',*,*,#5587,.T.);
#5587 = EDGE_CURVE('',#5580,#5580,#5588,.T.);
#5588 = CIRCLE('',#5589,1.);
#5589 = AXIS2_PLACEMENT_3D('',#5590,#5591,#5592);
#5590 = CARTESIAN_POINT('',(1.25,-6.25,5.4));
#5591 = DIRECTION('',(0.,0.,1.));
#5592 = DIRECTION('',(1.,0.,0.));
#5593 = ORIENTED_EDGE('',*,*,#5579,.F.);
#5594 = ORIENTED_EDGE('',*,*,#1469,.F.);
#5595 = CYLINDRICAL_SURFACE('',#5596,1.);
#5596 = AXIS2_PLACEMENT_3D('',#5597,#5598,#5599);
#5597 = CARTESIAN_POINT('',(1.25,-6.25,5.9));
#5598 = DIRECTION('',(0.,0.,1.));
#5599 = DIRECTION('',(1.,0.,0.));
#5600 = ADVANCED_FACE('',(#5601),#5620,.F.);
#5601 = FACE_BOUND('',#5602,.F.);
#5602 = EDGE_LOOP('',(#5603,#5611,#5618,#5619));
#5603 = ORIENTED_EDGE('',*,*,#5604,.T.);
#5604 = EDGE_CURVE('',#1481,#5605,#5607,.T.);
#5605 = VERTEX_POINT('',#5606);
#5606 = CARTESIAN_POINT('',(4.75,-6.25,5.4));
#5607 = LINE('',#5608,#5609);
#5608 = CARTESIAN_POINT('',(4.75,-6.25,5.9));
#5609 = VECTOR('',#5610,1.);
#5610 = DIRECTION('',(-0.,-0.,-1.));
#5611 = ORIENTED_EDGE('',*,*,#5612,.T.);
#5612 = EDGE_CURVE('',#5605,#5605,#5613,.T.);
#5613 = CIRCLE('',#5614,1.);
#5614 = AXIS2_PLACEMENT_3D('',#5615,#5616,#5617);
#5615 = CARTESIAN_POINT('',(3.75,-6.25,5.4));
#5616 = DIRECTION('',(0.,0.,1.));
#5617 = DIRECTION('',(1.,0.,0.));
#5618 = ORIENTED_EDGE('',*,*,#5604,.F.);
#5619 = ORIENTED_EDGE('',*,*,#1480,.F.);
#5620 = CYLINDRICAL_SURFACE('',#5621,1.);
#5621 = AXIS2_PLACEMENT_3D('',#5622,#5623,#5624);
#5622 = CARTESIAN_POINT('',(3.75,-6.25,5.9));
#5623 = DIRECTION('',(0.,0.,1.));
#5624 = DIRECTION('',(1.,0.,0.));
#5625 = ADVANCED_FACE('',(#5626),#5645,.F.);
#5626 = FACE_BOUND('',#5627,.F.);
#5627 = EDGE_LOOP('',(#5628,#5636,#5643,#5644));
#5628 = ORIENTED_EDGE('',*,*,#5629,.T.);
#5629 = EDGE_CURVE('',#1492,#5630,#5632,.T.);
#5630 = VERTEX_POINT('',#5631);
#5631 = CARTESIAN_POINT('',(7.25,-8.75,5.4));
#5632 = LINE('',#5633,#5634);
#5633 = CARTESIAN_POINT('',(7.25,-8.75,5.9));
#5634 = VECTOR('',#5635,1.);
#5635 = DIRECTION('',(-0.,-0.,-1.));
#5636 = ORIENTED_EDGE('',*,*,#5637,.T.);
#5637 = EDGE_CURVE('',#5630,#5630,#5638,.T.);
#5638 = CIRCLE('',#5639,1.);
#5639 = AXIS2_PLACEMENT_3D('',#5640,#5641,#5642);
#5640 = CARTESIAN_POINT('',(6.25,-8.75,5.4));
#5641 = DIRECTION('',(0.,0.,1.));
#5642 = DIRECTION('',(1.,0.,0.));
#5643 = ORIENTED_EDGE('',*,*,#5629,.F.);
#5644 = ORIENTED_EDGE('',*,*,#1491,.F.);
#5645 = CYLINDRICAL_SURFACE('',#5646,1.);
#5646 = AXIS2_PLACEMENT_3D('',#5647,#5648,#5649);
#5647 = CARTESIAN_POINT('',(6.25,-8.75,5.9));
#5648 = DIRECTION('',(0.,0.,1.));
#5649 = DIRECTION('',(1.,0.,0.));
#5650 = ADVANCED_FACE('',(#5651),#5670,.F.);
#5651 = FACE_BOUND('',#5652,.F.);
#5652 = EDGE_LOOP('',(#5653,#5661,#5668,#5669));
#5653 = ORIENTED_EDGE('',*,*,#5654,.T.);
#5654 = EDGE_CURVE('',#1503,#5655,#5657,.T.);
#5655 = VERTEX_POINT('',#5656);
#5656 = CARTESIAN_POINT('',(9.75,-8.75,5.4));
#5657 = LINE('',#5658,#5659);
#5658 = CARTESIAN_POINT('',(9.75,-8.75,5.9));
#5659 = VECTOR('',#5660,1.);
#5660 = DIRECTION('',(-0.,-0.,-1.));
#5661 = ORIENTED_EDGE('',*,*,#5662,.T.);
#5662 = EDGE_CURVE('',#5655,#5655,#5663,.T.);
#5663 = CIRCLE('',#5664,1.);
#5664 = AXIS2_PLACEMENT_3D('',#5665,#5666,#5667);
#5665 = CARTESIAN_POINT('',(8.75,-8.75,5.4));
#5666 = DIRECTION('',(0.,0.,1.));
#5667 = DIRECTION('',(1.,0.,0.));
#5668 = ORIENTED_EDGE('',*,*,#5654,.F.);
#5669 = ORIENTED_EDGE('',*,*,#1502,.F.);
#5670 = CYLINDRICAL_SURFACE('',#5671,1.);
#5671 = AXIS2_PLACEMENT_3D('',#5672,#5673,#5674);
#5672 = CARTESIAN_POINT('',(8.75,-8.75,5.9));
#5673 = DIRECTION('',(0.,0.,1.));
#5674 = DIRECTION('',(1.,0.,0.));
#5675 = ADVANCED_FACE('',(#5676),#5695,.F.);
#5676 = FACE_BOUND('',#5677,.F.);
#5677 = EDGE_LOOP('',(#5678,#5686,#5693,#5694));
#5678 = ORIENTED_EDGE('',*,*,#5679,.T.);
#5679 = EDGE_CURVE('',#1514,#5680,#5682,.T.);
#5680 = VERTEX_POINT('',#5681);
#5681 = CARTESIAN_POINT('',(7.25,-6.25,5.4));
#5682 = LINE('',#5683,#5684);
#5683 = CARTESIAN_POINT('',(7.25,-6.25,5.9));
#5684 = VECTOR('',#5685,1.);
#5685 = DIRECTION('',(-0.,-0.,-1.));
#5686 = ORIENTED_EDGE('',*,*,#5687,.T.);
#5687 = EDGE_CURVE('',#5680,#5680,#5688,.T.);
#5688 = CIRCLE('',#5689,1.);
#5689 = AXIS2_PLACEMENT_3D('',#5690,#5691,#5692);
#5690 = CARTESIAN_POINT('',(6.25,-6.25,5.4));
#5691 = DIRECTION('',(0.,0.,1.));
#5692 = DIRECTION('',(1.,0.,0.));
#5693 = ORIENTED_EDGE('',*,*,#5679,.F.);
#5694 = ORIENTED_EDGE('',*,*,#1513,.F.);
#5695 = CYLINDRICAL_SURFACE('',#5696,1.);
#5696 = AXIS2_PLACEMENT_3D('',#5697,#5698,#5699);
#5697 = CARTESIAN_POINT('',(6.25,-6.25,5.9));
#5698 = DIRECTION('',(0.,0.,1.));
#5699 = DIRECTION('',(1.,0.,0.));
#5700 = ADVANCED_FACE('',(#5701),#5720,.F.);
#5701 = FACE_BOUND('',#5702,.F.);
#5702 = EDGE_LOOP('',(#5703,#5711,#5718,#5719));
#5703 = ORIENTED_EDGE('',*,*,#5704,.T.);
#5704 = EDGE_CURVE('',#1525,#5705,#5707,.T.);
#5705 = VERTEX_POINT('',#5706);
#5706 = CARTESIAN_POINT('',(9.75,-6.25,5.4));
#5707 = LINE('',#5708,#5709);
#5708 = CARTESIAN_POINT('',(9.75,-6.25,5.9));
#5709 = VECTOR('',#5710,1.);
#5710 = DIRECTION('',(-0.,-0.,-1.));
#5711 = ORIENTED_EDGE('',*,*,#5712,.T.);
#5712 = EDGE_CURVE('',#5705,#5705,#5713,.T.);
#5713 = CIRCLE('',#5714,1.);
#5714 = AXIS2_PLACEMENT_3D('',#5715,#5716,#5717);
#5715 = CARTESIAN_POINT('',(8.75,-6.25,5.4));
#5716 = DIRECTION('',(0.,0.,1.));
#5717 = DIRECTION('',(1.,0.,0.));
#5718 = ORIENTED_EDGE('',*,*,#5704,.F.);
#5719 = ORIENTED_EDGE('',*,*,#1524,.F.);
#5720 = CYLINDRICAL_SURFACE('',#5721,1.);
#5721 = AXIS2_PLACEMENT_3D('',#5722,#5723,#5724);
#5722 = CARTESIAN_POINT('',(8.75,-6.25,5.9));
#5723 = DIRECTION('',(0.,0.,1.));
#5724 = DIRECTION('',(1.,0.,0.));
#5725 = ADVANCED_FACE('',(#5726),#5745,.F.);
#5726 = FACE_BOUND('',#5727,.F.);
#5727 = EDGE_LOOP('',(#5728,#5736,#5743,#5744));
#5728 = ORIENTED_EDGE('',*,*,#5729,.T.);
#5729 = EDGE_CURVE('',#1536,#5730,#5732,.T.);
#5730 = VERTEX_POINT('',#5731);
#5731 = CARTESIAN_POINT('',(2.25,-3.75,5.4));
#5732 = LINE('',#5733,#5734);
#5733 = CARTESIAN_POINT('',(2.25,-3.75,5.9));
#5734 = VECTOR('',#5735,1.);
#5735 = DIRECTION('',(-0.,-0.,-1.));
#5736 = ORIENTED_EDGE('',*,*,#5737,.T.);
#5737 = EDGE_CURVE('',#5730,#5730,#5738,.T.);
#5738 = CIRCLE('',#5739,1.);
#5739 = AXIS2_PLACEMENT_3D('',#5740,#5741,#5742);
#5740 = CARTESIAN_POINT('',(1.25,-3.75,5.4));
#5741 = DIRECTION('',(0.,0.,1.));
#5742 = DIRECTION('',(1.,0.,0.));
#5743 = ORIENTED_EDGE('',*,*,#5729,.F.);
#5744 = ORIENTED_EDGE('',*,*,#1535,.F.);
#5745 = CYLINDRICAL_SURFACE('',#5746,1.);
#5746 = AXIS2_PLACEMENT_3D('',#5747,#5748,#5749);
#5747 = CARTESIAN_POINT('',(1.25,-3.75,5.9));
#5748 = DIRECTION('',(0.,0.,1.));
#5749 = DIRECTION('',(1.,0.,0.));
#5750 = ADVANCED_FACE('',(#5751),#5770,.F.);
#5751 = FACE_BOUND('',#5752,.F.);
#5752 = EDGE_LOOP('',(#5753,#5761,#5768,#5769));
#5753 = ORIENTED_EDGE('',*,*,#5754,.T.);
#5754 = EDGE_CURVE('',#1547,#5755,#5757,.T.);
#5755 = VERTEX_POINT('',#5756);
#5756 = CARTESIAN_POINT('',(4.75,-3.75,5.4));
#5757 = LINE('',#5758,#5759);
#5758 = CARTESIAN_POINT('',(4.75,-3.75,5.9));
#5759 = VECTOR('',#5760,1.);
#5760 = DIRECTION('',(-0.,-0.,-1.));
#5761 = ORIENTED_EDGE('',*,*,#5762,.T.);
#5762 = EDGE_CURVE('',#5755,#5755,#5763,.T.);
#5763 = CIRCLE('',#5764,1.);
#5764 = AXIS2_PLACEMENT_3D('',#5765,#5766,#5767);
#5765 = CARTESIAN_POINT('',(3.75,-3.75,5.4));
#5766 = DIRECTION('',(0.,0.,1.));
#5767 = DIRECTION('',(1.,0.,0.));
#5768 = ORIENTED_EDGE('',*,*,#5754,.F.);
#5769 = ORIENTED_EDGE('',*,*,#1546,.F.);
#5770 = CYLINDRICAL_SURFACE('',#5771,1.);
#5771 = AXIS2_PLACEMENT_3D('',#5772,#5773,#5774);
#5772 = CARTESIAN_POINT('',(3.75,-3.75,5.9));
#5773 = DIRECTION('',(0.,0.,1.));
#5774 = DIRECTION('',(1.,0.,0.));
#5775 = ADVANCED_FACE('',(#5776),#5795,.F.);
#5776 = FACE_BOUND('',#5777,.F.);
#5777 = EDGE_LOOP('',(#5778,#5786,#5793,#5794));
#5778 = ORIENTED_EDGE('',*,*,#5779,.T.);
#5779 = EDGE_CURVE('',#1558,#5780,#5782,.T.);
#5780 = VERTEX_POINT('',#5781);
#5781 = CARTESIAN_POINT('',(2.25,-1.25,5.4));
#5782 = LINE('',#5783,#5784);
#5783 = CARTESIAN_POINT('',(2.25,-1.25,5.9));
#5784 = VECTOR('',#5785,1.);
#5785 = DIRECTION('',(-0.,-0.,-1.));
#5786 = ORIENTED_EDGE('',*,*,#5787,.T.);
#5787 = EDGE_CURVE('',#5780,#5780,#5788,.T.);
#5788 = CIRCLE('',#5789,1.);
#5789 = AXIS2_PLACEMENT_3D('',#5790,#5791,#5792);
#5790 = CARTESIAN_POINT('',(1.25,-1.25,5.4));
#5791 = DIRECTION('',(0.,0.,1.));
#5792 = DIRECTION('',(1.,0.,0.));
#5793 = ORIENTED_EDGE('',*,*,#5779,.F.);
#5794 = ORIENTED_EDGE('',*,*,#1557,.F.);
#5795 = CYLINDRICAL_SURFACE('',#5796,1.);
#5796 = AXIS2_PLACEMENT_3D('',#5797,#5798,#5799);
#5797 = CARTESIAN_POINT('',(1.25,-1.25,5.9));
#5798 = DIRECTION('',(0.,0.,1.));
#5799 = DIRECTION('',(1.,0.,0.));
#5800 = ADVANCED_FACE('',(#5801),#5820,.F.);
#5801 = FACE_BOUND('',#5802,.F.);
#5802 = EDGE_LOOP('',(#5803,#5811,#5818,#5819));
#5803 = ORIENTED_EDGE('',*,*,#5804,.T.);
#5804 = EDGE_CURVE('',#1569,#5805,#5807,.T.);
#5805 = VERTEX_POINT('',#5806);
#5806 = CARTESIAN_POINT('',(4.75,-1.25,5.4));
#5807 = LINE('',#5808,#5809);
#5808 = CARTESIAN_POINT('',(4.75,-1.25,5.9));
#5809 = VECTOR('',#5810,1.);
#5810 = DIRECTION('',(-0.,-0.,-1.));
#5811 = ORIENTED_EDGE('',*,*,#5812,.T.);
#5812 = EDGE_CURVE('',#5805,#5805,#5813,.T.);
#5813 = CIRCLE('',#5814,1.);
#5814 = AXIS2_PLACEMENT_3D('',#5815,#5816,#5817);
#5815 = CARTESIAN_POINT('',(3.75,-1.25,5.4));
#5816 = DIRECTION('',(0.,0.,1.));
#5817 = DIRECTION('',(1.,0.,0.));
#5818 = ORIENTED_EDGE('',*,*,#5804,.F.);
#5819 = ORIENTED_EDGE('',*,*,#1568,.F.);
#5820 = CYLINDRICAL_SURFACE('',#5821,1.);
#5821 = AXIS2_PLACEMENT_3D('',#5822,#5823,#5824);
#5822 = CARTESIAN_POINT('',(3.75,-1.25,5.9));
#5823 = DIRECTION('',(0.,0.,1.));
#5824 = DIRECTION('',(1.,0.,0.));
#5825 = ADVANCED_FACE('',(#5826),#5845,.F.);
#5826 = FACE_BOUND('',#5827,.F.);
#5827 = EDGE_LOOP('',(#5828,#5836,#5843,#5844));
#5828 = ORIENTED_EDGE('',*,*,#5829,.T.);
#5829 = EDGE_CURVE('',#1580,#5830,#5832,.T.);
#5830 = VERTEX_POINT('',#5831);
#5831 = CARTESIAN_POINT('',(7.25,-3.75,5.4));
#5832 = LINE('',#5833,#5834);
#5833 = CARTESIAN_POINT('',(7.25,-3.75,5.9));
#5834 = VECTOR('',#5835,1.);
#5835 = DIRECTION('',(-0.,-0.,-1.));
#5836 = ORIENTED_EDGE('',*,*,#5837,.T.);
#5837 = EDGE_CURVE('',#5830,#5830,#5838,.T.);
#5838 = CIRCLE('',#5839,1.);
#5839 = AXIS2_PLACEMENT_3D('',#5840,#5841,#5842);
#5840 = CARTESIAN_POINT('',(6.25,-3.75,5.4));
#5841 = DIRECTION('',(0.,0.,1.));
#5842 = DIRECTION('',(1.,0.,0.));
#5843 = ORIENTED_EDGE('',*,*,#5829,.F.);
#5844 = ORIENTED_EDGE('',*,*,#1579,.F.);
#5845 = CYLINDRICAL_SURFACE('',#5846,1.);
#5846 = AXIS2_PLACEMENT_3D('',#5847,#5848,#5849);
#5847 = CARTESIAN_POINT('',(6.25,-3.75,5.9));
#5848 = DIRECTION('',(0.,0.,1.));
#5849 = DIRECTION('',(1.,0.,0.));
#5850 = ADVANCED_FACE('',(#5851),#5870,.F.);
#5851 = FACE_BOUND('',#5852,.F.);
#5852 = EDGE_LOOP('',(#5853,#5861,#5868,#5869));
#5853 = ORIENTED_EDGE('',*,*,#5854,.T.);
#5854 = EDGE_CURVE('',#1591,#5855,#5857,.T.);
#5855 = VERTEX_POINT('',#5856);
#5856 = CARTESIAN_POINT('',(9.75,-3.75,5.4));
#5857 = LINE('',#5858,#5859);
#5858 = CARTESIAN_POINT('',(9.75,-3.75,5.9));
#5859 = VECTOR('',#5860,1.);
#5860 = DIRECTION('',(-0.,-0.,-1.));
#5861 = ORIENTED_EDGE('',*,*,#5862,.T.);
#5862 = EDGE_CURVE('',#5855,#5855,#5863,.T.);
#5863 = CIRCLE('',#5864,1.);
#5864 = AXIS2_PLACEMENT_3D('',#5865,#5866,#5867);
#5865 = CARTESIAN_POINT('',(8.75,-3.75,5.4));
#5866 = DIRECTION('',(0.,0.,1.));
#5867 = DIRECTION('',(1.,0.,0.));
#5868 = ORIENTED_EDGE('',*,*,#5854,.F.);
#5869 = ORIENTED_EDGE('',*,*,#1590,.F.);
#5870 = CYLINDRICAL_SURFACE('',#5871,1.);
#5871 = AXIS2_PLACEMENT_3D('',#5872,#5873,#5874);
#5872 = CARTESIAN_POINT('',(8.75,-3.75,5.9));
#5873 = DIRECTION('',(0.,0.,1.));
#5874 = DIRECTION('',(1.,0.,0.));
#5875 = ADVANCED_FACE('',(#5876),#5895,.F.);
#5876 = FACE_BOUND('',#5877,.F.);
#5877 = EDGE_LOOP('',(#5878,#5886,#5893,#5894));
#5878 = ORIENTED_EDGE('',*,*,#5879,.T.);
#5879 = EDGE_CURVE('',#1602,#5880,#5882,.T.);
#5880 = VERTEX_POINT('',#5881);
#5881 = CARTESIAN_POINT('',(7.25,-1.25,5.4));
#5882 = LINE('',#5883,#5884);
#5883 = CARTESIAN_POINT('',(7.25,-1.25,5.9));
#5884 = VECTOR('',#5885,1.);
#5885 = DIRECTION('',(-0.,-0.,-1.));
#5886 = ORIENTED_EDGE('',*,*,#5887,.T.);
#5887 = EDGE_CURVE('',#5880,#5880,#5888,.T.);
#5888 = CIRCLE('',#5889,1.);
#5889 = AXIS2_PLACEMENT_3D('',#5890,#5891,#5892);
#5890 = CARTESIAN_POINT('',(6.25,-1.25,5.4));
#5891 = DIRECTION('',(0.,0.,1.));
#5892 = DIRECTION('',(1.,0.,0.));
#5893 = ORIENTED_EDGE('',*,*,#5879,.F.);
#5894 = ORIENTED_EDGE('',*,*,#1601,.F.);
#5895 = CYLINDRICAL_SURFACE('',#5896,1.);
#5896 = AXIS2_PLACEMENT_3D('',#5897,#5898,#5899);
#5897 = CARTESIAN_POINT('',(6.25,-1.25,5.9));
#5898 = DIRECTION('',(0.,0.,1.));
#5899 = DIRECTION('',(1.,0.,0.));
#5900 = ADVANCED_FACE('',(#5901),#5920,.F.);
#5901 = FACE_BOUND('',#5902,.F.);
#5902 = EDGE_LOOP('',(#5903,#5911,#5918,#5919));
#5903 = ORIENTED_EDGE('',*,*,#5904,.T.);
#5904 = EDGE_CURVE('',#1613,#5905,#5907,.T.);
#5905 = VERTEX_POINT('',#5906);
#5906 = CARTESIAN_POINT('',(9.75,-1.25,5.4));
#5907 = LINE('',#5908,#5909);
#5908 = CARTESIAN_POINT('',(9.75,-1.25,5.9));
#5909 = VECTOR('',#5910,1.);
#5910 = DIRECTION('',(-0.,-0.,-1.));
#5911 = ORIENTED_EDGE('',*,*,#5912,.T.);
#5912 = EDGE_CURVE('',#5905,#5905,#5913,.T.);
#5913 = CIRCLE('',#5914,1.);
#5914 = AXIS2_PLACEMENT_3D('',#5915,#5916,#5917);
#5915 = CARTESIAN_POINT('',(8.75,-1.25,5.4));
#5916 = DIRECTION('',(0.,0.,1.));
#5917 = DIRECTION('',(1.,0.,0.));
#5918 = ORIENTED_EDGE('',*,*,#5904,.F.);
#5919 = ORIENTED_EDGE('',*,*,#1612,.F.);
#5920 = CYLINDRICAL_SURFACE('',#5921,1.);
#5921 = AXIS2_PLACEMENT_3D('',#5922,#5923,#5924);
#5922 = CARTESIAN_POINT('',(8.75,-1.25,5.9));
#5923 = DIRECTION('',(0.,0.,1.));
#5924 = DIRECTION('',(1.,0.,0.));
#5925 = ADVANCED_FACE('',(#5926),#5945,.F.);
#5926 = FACE_BOUND('',#5927,.F.);
#5927 = EDGE_LOOP('',(#5928,#5936,#5943,#5944));
#5928 = ORIENTED_EDGE('',*,*,#5929,.T.);
#5929 = EDGE_CURVE('',#1624,#5930,#5932,.T.);
#5930 = VERTEX_POINT('',#5931);
#5931 = CARTESIAN_POINT('',(-7.75,1.25,5.4));
#5932 = LINE('',#5933,#5934);
#5933 = CARTESIAN_POINT('',(-7.75,1.25,5.9));
#5934 = VECTOR('',#5935,1.);
#5935 = DIRECTION('',(-0.,-0.,-1.));
#5936 = ORIENTED_EDGE('',*,*,#5937,.T.);
#5937 = EDGE_CURVE('',#5930,#5930,#5938,.T.);
#5938 = CIRCLE('',#5939,1.);
#5939 = AXIS2_PLACEMENT_3D('',#5940,#5941,#5942);
#5940 = CARTESIAN_POINT('',(-8.75,1.25,5.4));
#5941 = DIRECTION('',(0.,0.,1.));
#5942 = DIRECTION('',(1.,0.,0.));
#5943 = ORIENTED_EDGE('',*,*,#5929,.F.);
#5944 = ORIENTED_EDGE('',*,*,#1623,.F.);
#5945 = CYLINDRICAL_SURFACE('',#5946,1.);
#5946 = AXIS2_PLACEMENT_3D('',#5947,#5948,#5949);
#5947 = CARTESIAN_POINT('',(-8.75,1.25,5.9));
#5948 = DIRECTION('',(0.,0.,1.));
#5949 = DIRECTION('',(1.,0.,0.));
#5950 = ADVANCED_FACE('',(#5951),#5970,.F.);
#5951 = FACE_BOUND('',#5952,.F.);
#5952 = EDGE_LOOP('',(#5953,#5961,#5968,#5969));
#5953 = ORIENTED_EDGE('',*,*,#5954,.T.);
#5954 = EDGE_CURVE('',#1635,#5955,#5957,.T.);
#5955 = VERTEX_POINT('',#5956);
#5956 = CARTESIAN_POINT('',(-5.25,1.25,5.4));
#5957 = LINE('',#5958,#5959);
#5958 = CARTESIAN_POINT('',(-5.25,1.25,5.9));
#5959 = VECTOR('',#5960,1.);
#5960 = DIRECTION('',(-0.,-0.,-1.));
#5961 = ORIENTED_EDGE('',*,*,#5962,.T.);
#5962 = EDGE_CURVE('',#5955,#5955,#5963,.T.);
#5963 = CIRCLE('',#5964,1.);
#5964 = AXIS2_PLACEMENT_3D('',#5965,#5966,#5967);
#5965 = CARTESIAN_POINT('',(-6.25,1.25,5.4));
#5966 = DIRECTION('',(0.,0.,1.));
#5967 = DIRECTION('',(1.,0.,0.));
#5968 = ORIENTED_EDGE('',*,*,#5954,.F.);
#5969 = ORIENTED_EDGE('',*,*,#1634,.F.);
#5970 = CYLINDRICAL_SURFACE('',#5971,1.);
#5971 = AXIS2_PLACEMENT_3D('',#5972,#5973,#5974);
#5972 = CARTESIAN_POINT('',(-6.25,1.25,5.9));
#5973 = DIRECTION('',(0.,0.,1.));
#5974 = DIRECTION('',(1.,0.,0.));
#5975 = ADVANCED_FACE('',(#5976),#5995,.F.);
#5976 = FACE_BOUND('',#5977,.F.);
#5977 = EDGE_LOOP('',(#5978,#5986,#5993,#5994));
#5978 = ORIENTED_EDGE('',*,*,#5979,.T.);
#5979 = EDGE_CURVE('',#1646,#5980,#5982,.T.);
#5980 = VERTEX_POINT('',#5981);
#5981 = CARTESIAN_POINT('',(-7.75,3.75,5.4));
#5982 = LINE('',#5983,#5984);
#5983 = CARTESIAN_POINT('',(-7.75,3.75,5.9));
#5984 = VECTOR('',#5985,1.);
#5985 = DIRECTION('',(-0.,-0.,-1.));
#5986 = ORIENTED_EDGE('',*,*,#5987,.T.);
#5987 = EDGE_CURVE('',#5980,#5980,#5988,.T.);
#5988 = CIRCLE('',#5989,1.);
#5989 = AXIS2_PLACEMENT_3D('',#5990,#5991,#5992);
#5990 = CARTESIAN_POINT('',(-8.75,3.75,5.4));
#5991 = DIRECTION('',(0.,0.,1.));
#5992 = DIRECTION('',(1.,0.,0.));
#5993 = ORIENTED_EDGE('',*,*,#5979,.F.);
#5994 = ORIENTED_EDGE('',*,*,#1645,.F.);
#5995 = CYLINDRICAL_SURFACE('',#5996,1.);
#5996 = AXIS2_PLACEMENT_3D('',#5997,#5998,#5999);
#5997 = CARTESIAN_POINT('',(-8.75,3.75,5.9));
#5998 = DIRECTION('',(0.,0.,1.));
#5999 = DIRECTION('',(1.,0.,0.));
#6000 = ADVANCED_FACE('',(#6001),#6020,.F.);
#6001 = FACE_BOUND('',#6002,.F.);
#6002 = EDGE_LOOP('',(#6003,#6011,#6018,#6019));
#6003 = ORIENTED_EDGE('',*,*,#6004,.T.);
#6004 = EDGE_CURVE('',#1657,#6005,#6007,.T.);
#6005 = VERTEX_POINT('',#6006);
#6006 = CARTESIAN_POINT('',(-5.25,3.75,5.4));
#6007 = LINE('',#6008,#6009);
#6008 = CARTESIAN_POINT('',(-5.25,3.75,5.9));
#6009 = VECTOR('',#6010,1.);
#6010 = DIRECTION('',(-0.,-0.,-1.));
#6011 = ORIENTED_EDGE('',*,*,#6012,.T.);
#6012 = EDGE_CURVE('',#6005,#6005,#6013,.T.);
#6013 = CIRCLE('',#6014,1.);
#6014 = AXIS2_PLACEMENT_3D('',#6015,#6016,#6017);
#6015 = CARTESIAN_POINT('',(-6.25,3.75,5.4));
#6016 = DIRECTION('',(0.,0.,1.));
#6017 = DIRECTION('',(1.,0.,0.));
#6018 = ORIENTED_EDGE('',*,*,#6004,.F.);
#6019 = ORIENTED_EDGE('',*,*,#1656,.F.);
#6020 = CYLINDRICAL_SURFACE('',#6021,1.);
#6021 = AXIS2_PLACEMENT_3D('',#6022,#6023,#6024);
#6022 = CARTESIAN_POINT('',(-6.25,3.75,5.9));
#6023 = DIRECTION('',(0.,0.,1.));
#6024 = DIRECTION('',(1.,0.,0.));
#6025 = ADVANCED_FACE('',(#6026),#6045,.F.);
#6026 = FACE_BOUND('',#6027,.F.);
#6027 = EDGE_LOOP('',(#6028,#6036,#6043,#6044));
#6028 = ORIENTED_EDGE('',*,*,#6029,.T.);
#6029 = EDGE_CURVE('',#1668,#6030,#6032,.T.);
#6030 = VERTEX_POINT('',#6031);
#6031 = CARTESIAN_POINT('',(-2.75,1.25,5.4));
#6032 = LINE('',#6033,#6034);
#6033 = CARTESIAN_POINT('',(-2.75,1.25,5.9));
#6034 = VECTOR('',#6035,1.);
#6035 = DIRECTION('',(-0.,-0.,-1.));
#6036 = ORIENTED_EDGE('',*,*,#6037,.T.);
#6037 = EDGE_CURVE('',#6030,#6030,#6038,.T.);
#6038 = CIRCLE('',#6039,1.);
#6039 = AXIS2_PLACEMENT_3D('',#6040,#6041,#6042);
#6040 = CARTESIAN_POINT('',(-3.75,1.25,5.4));
#6041 = DIRECTION('',(0.,0.,1.));
#6042 = DIRECTION('',(1.,0.,0.));
#6043 = ORIENTED_EDGE('',*,*,#6029,.F.);
#6044 = ORIENTED_EDGE('',*,*,#1667,.F.);
#6045 = CYLINDRICAL_SURFACE('',#6046,1.);
#6046 = AXIS2_PLACEMENT_3D('',#6047,#6048,#6049);
#6047 = CARTESIAN_POINT('',(-3.75,1.25,5.9));
#6048 = DIRECTION('',(0.,0.,1.));
#6049 = DIRECTION('',(1.,0.,0.));
#6050 = ADVANCED_FACE('',(#6051),#6070,.F.);
#6051 = FACE_BOUND('',#6052,.F.);
#6052 = EDGE_LOOP('',(#6053,#6061,#6068,#6069));
#6053 = ORIENTED_EDGE('',*,*,#6054,.T.);
#6054 = EDGE_CURVE('',#1679,#6055,#6057,.T.);
#6055 = VERTEX_POINT('',#6056);
#6056 = CARTESIAN_POINT('',(-0.25,1.25,5.4));
#6057 = LINE('',#6058,#6059);
#6058 = CARTESIAN_POINT('',(-0.25,1.25,5.9));
#6059 = VECTOR('',#6060,1.);
#6060 = DIRECTION('',(-0.,-0.,-1.));
#6061 = ORIENTED_EDGE('',*,*,#6062,.T.);
#6062 = EDGE_CURVE('',#6055,#6055,#6063,.T.);
#6063 = CIRCLE('',#6064,1.);
#6064 = AXIS2_PLACEMENT_3D('',#6065,#6066,#6067);
#6065 = CARTESIAN_POINT('',(-1.25,1.25,5.4));
#6066 = DIRECTION('',(0.,0.,1.));
#6067 = DIRECTION('',(1.,0.,0.));
#6068 = ORIENTED_EDGE('',*,*,#6054,.F.);
#6069 = ORIENTED_EDGE('',*,*,#1678,.F.);
#6070 = CYLINDRICAL_SURFACE('',#6071,1.);
#6071 = AXIS2_PLACEMENT_3D('',#6072,#6073,#6074);
#6072 = CARTESIAN_POINT('',(-1.25,1.25,5.9));
#6073 = DIRECTION('',(0.,0.,1.));
#6074 = DIRECTION('',(1.,0.,0.));
#6075 = ADVANCED_FACE('',(#6076),#6095,.F.);
#6076 = FACE_BOUND('',#6077,.F.);
#6077 = EDGE_LOOP('',(#6078,#6086,#6093,#6094));
#6078 = ORIENTED_EDGE('',*,*,#6079,.T.);
#6079 = EDGE_CURVE('',#1690,#6080,#6082,.T.);
#6080 = VERTEX_POINT('',#6081);
#6081 = CARTESIAN_POINT('',(-2.75,3.75,5.4));
#6082 = LINE('',#6083,#6084);
#6083 = CARTESIAN_POINT('',(-2.75,3.75,5.9));
#6084 = VECTOR('',#6085,1.);
#6085 = DIRECTION('',(-0.,-0.,-1.));
#6086 = ORIENTED_EDGE('',*,*,#6087,.T.);
#6087 = EDGE_CURVE('',#6080,#6080,#6088,.T.);
#6088 = CIRCLE('',#6089,1.);
#6089 = AXIS2_PLACEMENT_3D('',#6090,#6091,#6092);
#6090 = CARTESIAN_POINT('',(-3.75,3.75,5.4));
#6091 = DIRECTION('',(0.,0.,1.));
#6092 = DIRECTION('',(1.,0.,0.));
#6093 = ORIENTED_EDGE('',*,*,#6079,.F.);
#6094 = ORIENTED_EDGE('',*,*,#1689,.F.);
#6095 = CYLINDRICAL_SURFACE('',#6096,1.);
#6096 = AXIS2_PLACEMENT_3D('',#6097,#6098,#6099);
#6097 = CARTESIAN_POINT('',(-3.75,3.75,5.9));
#6098 = DIRECTION('',(0.,0.,1.));
#6099 = DIRECTION('',(1.,0.,0.));
#6100 = ADVANCED_FACE('',(#6101),#6120,.F.);
#6101 = FACE_BOUND('',#6102,.F.);
#6102 = EDGE_LOOP('',(#6103,#6111,#6118,#6119));
#6103 = ORIENTED_EDGE('',*,*,#6104,.T.);
#6104 = EDGE_CURVE('',#1701,#6105,#6107,.T.);
#6105 = VERTEX_POINT('',#6106);
#6106 = CARTESIAN_POINT('',(-0.25,3.75,5.4));
#6107 = LINE('',#6108,#6109);
#6108 = CARTESIAN_POINT('',(-0.25,3.75,5.9));
#6109 = VECTOR('',#6110,1.);
#6110 = DIRECTION('',(-0.,-0.,-1.));
#6111 = ORIENTED_EDGE('',*,*,#6112,.T.);
#6112 = EDGE_CURVE('',#6105,#6105,#6113,.T.);
#6113 = CIRCLE('',#6114,1.);
#6114 = AXIS2_PLACEMENT_3D('',#6115,#6116,#6117);
#6115 = CARTESIAN_POINT('',(-1.25,3.75,5.4));
#6116 = DIRECTION('',(0.,0.,1.));
#6117 = DIRECTION('',(1.,0.,0.));
#6118 = ORIENTED_EDGE('',*,*,#6104,.F.);
#6119 = ORIENTED_EDGE('',*,*,#1700,.F.);
#6120 = CYLINDRICAL_SURFACE('',#6121,1.);
#6121 = AXIS2_PLACEMENT_3D('',#6122,#6123,#6124);
#6122 = CARTESIAN_POINT('',(-1.25,3.75,5.9));
#6123 = DIRECTION('',(0.,0.,1.));
#6124 = DIRECTION('',(1.,0.,0.));
#6125 = ADVANCED_FACE('',(#6126),#6145,.F.);
#6126 = FACE_BOUND('',#6127,.F.);
#6127 = EDGE_LOOP('',(#6128,#6136,#6143,#6144));
#6128 = ORIENTED_EDGE('',*,*,#6129,.T.);
#6129 = EDGE_CURVE('',#1712,#6130,#6132,.T.);
#6130 = VERTEX_POINT('',#6131);
#6131 = CARTESIAN_POINT('',(-7.75,6.25,5.4));
#6132 = LINE('',#6133,#6134);
#6133 = CARTESIAN_POINT('',(-7.75,6.25,5.9));
#6134 = VECTOR('',#6135,1.);
#6135 = DIRECTION('',(-0.,-0.,-1.));
#6136 = ORIENTED_EDGE('',*,*,#6137,.T.);
#6137 = EDGE_CURVE('',#6130,#6130,#6138,.T.);
#6138 = CIRCLE('',#6139,1.);
#6139 = AXIS2_PLACEMENT_3D('',#6140,#6141,#6142);
#6140 = CARTESIAN_POINT('',(-8.75,6.25,5.4));
#6141 = DIRECTION('',(0.,0.,1.));
#6142 = DIRECTION('',(1.,0.,0.));
#6143 = ORIENTED_EDGE('',*,*,#6129,.F.);
#6144 = ORIENTED_EDGE('',*,*,#1711,.F.);
#6145 = CYLINDRICAL_SURFACE('',#6146,1.);
#6146 = AXIS2_PLACEMENT_3D('',#6147,#6148,#6149);
#6147 = CARTESIAN_POINT('',(-8.75,6.25,5.9));
#6148 = DIRECTION('',(0.,0.,1.));
#6149 = DIRECTION('',(1.,0.,0.));
#6150 = ADVANCED_FACE('',(#6151),#6170,.F.);
#6151 = FACE_BOUND('',#6152,.F.);
#6152 = EDGE_LOOP('',(#6153,#6161,#6168,#6169));
#6153 = ORIENTED_EDGE('',*,*,#6154,.T.);
#6154 = EDGE_CURVE('',#1723,#6155,#6157,.T.);
#6155 = VERTEX_POINT('',#6156);
#6156 = CARTESIAN_POINT('',(-5.25,6.25,5.4));
#6157 = LINE('',#6158,#6159);
#6158 = CARTESIAN_POINT('',(-5.25,6.25,5.9));
#6159 = VECTOR('',#6160,1.);
#6160 = DIRECTION('',(-0.,-0.,-1.));
#6161 = ORIENTED_EDGE('',*,*,#6162,.T.);
#6162 = EDGE_CURVE('',#6155,#6155,#6163,.T.);
#6163 = CIRCLE('',#6164,1.);
#6164 = AXIS2_PLACEMENT_3D('',#6165,#6166,#6167);
#6165 = CARTESIAN_POINT('',(-6.25,6.25,5.4));
#6166 = DIRECTION('',(0.,0.,1.));
#6167 = DIRECTION('',(1.,0.,0.));
#6168 = ORIENTED_EDGE('',*,*,#6154,.F.);
#6169 = ORIENTED_EDGE('',*,*,#1722,.F.);
#6170 = CYLINDRICAL_SURFACE('',#6171,1.);
#6171 = AXIS2_PLACEMENT_3D('',#6172,#6173,#6174);
#6172 = CARTESIAN_POINT('',(-6.25,6.25,5.9));
#6173 = DIRECTION('',(0.,0.,1.));
#6174 = DIRECTION('',(1.,0.,0.));
#6175 = ADVANCED_FACE('',(#6176),#6195,.F.);
#6176 = FACE_BOUND('',#6177,.F.);
#6177 = EDGE_LOOP('',(#6178,#6186,#6193,#6194));
#6178 = ORIENTED_EDGE('',*,*,#6179,.T.);
#6179 = EDGE_CURVE('',#1734,#6180,#6182,.T.);
#6180 = VERTEX_POINT('',#6181);
#6181 = CARTESIAN_POINT('',(-7.75,8.75,5.4));
#6182 = LINE('',#6183,#6184);
#6183 = CARTESIAN_POINT('',(-7.75,8.75,5.9));
#6184 = VECTOR('',#6185,1.);
#6185 = DIRECTION('',(-0.,-0.,-1.));
#6186 = ORIENTED_EDGE('',*,*,#6187,.T.);
#6187 = EDGE_CURVE('',#6180,#6180,#6188,.T.);
#6188 = CIRCLE('',#6189,1.);
#6189 = AXIS2_PLACEMENT_3D('',#6190,#6191,#6192);
#6190 = CARTESIAN_POINT('',(-8.75,8.75,5.4));
#6191 = DIRECTION('',(0.,0.,1.));
#6192 = DIRECTION('',(1.,0.,0.));
#6193 = ORIENTED_EDGE('',*,*,#6179,.F.);
#6194 = ORIENTED_EDGE('',*,*,#1733,.F.);
#6195 = CYLINDRICAL_SURFACE('',#6196,1.);
#6196 = AXIS2_PLACEMENT_3D('',#6197,#6198,#6199);
#6197 = CARTESIAN_POINT('',(-8.75,8.75,5.9));
#6198 = DIRECTION('',(0.,0.,1.));
#6199 = DIRECTION('',(1.,0.,0.));
#6200 = ADVANCED_FACE('',(#6201),#6220,.F.);
#6201 = FACE_BOUND('',#6202,.F.);
#6202 = EDGE_LOOP('',(#6203,#6211,#6218,#6219));
#6203 = ORIENTED_EDGE('',*,*,#6204,.T.);
#6204 = EDGE_CURVE('',#1745,#6205,#6207,.T.);
#6205 = VERTEX_POINT('',#6206);
#6206 = CARTESIAN_POINT('',(-5.25,8.75,5.4));
#6207 = LINE('',#6208,#6209);
#6208 = CARTESIAN_POINT('',(-5.25,8.75,5.9));
#6209 = VECTOR('',#6210,1.);
#6210 = DIRECTION('',(-0.,-0.,-1.));
#6211 = ORIENTED_EDGE('',*,*,#6212,.T.);
#6212 = EDGE_CURVE('',#6205,#6205,#6213,.T.);
#6213 = CIRCLE('',#6214,1.);
#6214 = AXIS2_PLACEMENT_3D('',#6215,#6216,#6217);
#6215 = CARTESIAN_POINT('',(-6.25,8.75,5.4));
#6216 = DIRECTION('',(0.,0.,1.));
#6217 = DIRECTION('',(1.,0.,0.));
#6218 = ORIENTED_EDGE('',*,*,#6204,.F.);
#6219 = ORIENTED_EDGE('',*,*,#1744,.F.);
#6220 = CYLINDRICAL_SURFACE('',#6221,1.);
#6221 = AXIS2_PLACEMENT_3D('',#6222,#6223,#6224);
#6222 = CARTESIAN_POINT('',(-6.25,8.75,5.9));
#6223 = DIRECTION('',(0.,0.,1.));
#6224 = DIRECTION('',(1.,0.,0.));
#6225 = ADVANCED_FACE('',(#6226),#6245,.F.);
#6226 = FACE_BOUND('',#6227,.F.);
#6227 = EDGE_LOOP('',(#6228,#6236,#6243,#6244));
#6228 = ORIENTED_EDGE('',*,*,#6229,.T.);
#6229 = EDGE_CURVE('',#1756,#6230,#6232,.T.);
#6230 = VERTEX_POINT('',#6231);
#6231 = CARTESIAN_POINT('',(-2.75,6.25,5.4));
#6232 = LINE('',#6233,#6234);
#6233 = CARTESIAN_POINT('',(-2.75,6.25,5.9));
#6234 = VECTOR('',#6235,1.);
#6235 = DIRECTION('',(-0.,-0.,-1.));
#6236 = ORIENTED_EDGE('',*,*,#6237,.T.);
#6237 = EDGE_CURVE('',#6230,#6230,#6238,.T.);
#6238 = CIRCLE('',#6239,1.);
#6239 = AXIS2_PLACEMENT_3D('',#6240,#6241,#6242);
#6240 = CARTESIAN_POINT('',(-3.75,6.25,5.4));
#6241 = DIRECTION('',(0.,0.,1.));
#6242 = DIRECTION('',(1.,0.,0.));
#6243 = ORIENTED_EDGE('',*,*,#6229,.F.);
#6244 = ORIENTED_EDGE('',*,*,#1755,.F.);
#6245 = CYLINDRICAL_SURFACE('',#6246,1.);
#6246 = AXIS2_PLACEMENT_3D('',#6247,#6248,#6249);
#6247 = CARTESIAN_POINT('',(-3.75,6.25,5.9));
#6248 = DIRECTION('',(0.,0.,1.));
#6249 = DIRECTION('',(1.,0.,0.));
#6250 = ADVANCED_FACE('',(#6251),#6270,.F.);
#6251 = FACE_BOUND('',#6252,.F.);
#6252 = EDGE_LOOP('',(#6253,#6261,#6268,#6269));
#6253 = ORIENTED_EDGE('',*,*,#6254,.T.);
#6254 = EDGE_CURVE('',#1767,#6255,#6257,.T.);
#6255 = VERTEX_POINT('',#6256);
#6256 = CARTESIAN_POINT('',(-0.25,6.25,5.4));
#6257 = LINE('',#6258,#6259);
#6258 = CARTESIAN_POINT('',(-0.25,6.25,5.9));
#6259 = VECTOR('',#6260,1.);
#6260 = DIRECTION('',(-0.,-0.,-1.));
#6261 = ORIENTED_EDGE('',*,*,#6262,.T.);
#6262 = EDGE_CURVE('',#6255,#6255,#6263,.T.);
#6263 = CIRCLE('',#6264,1.);
#6264 = AXIS2_PLACEMENT_3D('',#6265,#6266,#6267);
#6265 = CARTESIAN_POINT('',(-1.25,6.25,5.4));
#6266 = DIRECTION('',(0.,0.,1.));
#6267 = DIRECTION('',(1.,0.,0.));
#6268 = ORIENTED_EDGE('',*,*,#6254,.F.);
#6269 = ORIENTED_EDGE('',*,*,#1766,.F.);
#6270 = CYLINDRICAL_SURFACE('',#6271,1.);
#6271 = AXIS2_PLACEMENT_3D('',#6272,#6273,#6274);
#6272 = CARTESIAN_POINT('',(-1.25,6.25,5.9));
#6273 = DIRECTION('',(0.,0.,1.));
#6274 = DIRECTION('',(1.,0.,0.));
#6275 = ADVANCED_FACE('',(#6276),#6295,.F.);
#6276 = FACE_BOUND('',#6277,.F.);
#6277 = EDGE_LOOP('',(#6278,#6286,#6293,#6294));
#6278 = ORIENTED_EDGE('',*,*,#6279,.T.);
#6279 = EDGE_CURVE('',#1778,#6280,#6282,.T.);
#6280 = VERTEX_POINT('',#6281);
#6281 = CARTESIAN_POINT('',(-2.75,8.75,5.4));
#6282 = LINE('',#6283,#6284);
#6283 = CARTESIAN_POINT('',(-2.75,8.75,5.9));
#6284 = VECTOR('',#6285,1.);
#6285 = DIRECTION('',(-0.,-0.,-1.));
#6286 = ORIENTED_EDGE('',*,*,#6287,.T.);
#6287 = EDGE_CURVE('',#6280,#6280,#6288,.T.);
#6288 = CIRCLE('',#6289,1.);
#6289 = AXIS2_PLACEMENT_3D('',#6290,#6291,#6292);
#6290 = CARTESIAN_POINT('',(-3.75,8.75,5.4));
#6291 = DIRECTION('',(0.,0.,1.));
#6292 = DIRECTION('',(1.,0.,0.));
#6293 = ORIENTED_EDGE('',*,*,#6279,.F.);
#6294 = ORIENTED_EDGE('',*,*,#1777,.F.);
#6295 = CYLINDRICAL_SURFACE('',#6296,1.);
#6296 = AXIS2_PLACEMENT_3D('',#6297,#6298,#6299);
#6297 = CARTESIAN_POINT('',(-3.75,8.75,5.9));
#6298 = DIRECTION('',(0.,0.,1.));
#6299 = DIRECTION('',(1.,0.,0.));
#6300 = ADVANCED_FACE('',(#6301),#6320,.F.);
#6301 = FACE_BOUND('',#6302,.F.);
#6302 = EDGE_LOOP('',(#6303,#6311,#6318,#6319));
#6303 = ORIENTED_EDGE('',*,*,#6304,.T.);
#6304 = EDGE_CURVE('',#1789,#6305,#6307,.T.);
#6305 = VERTEX_POINT('',#6306);
#6306 = CARTESIAN_POINT('',(-0.25,8.75,5.4));
#6307 = LINE('',#6308,#6309);
#6308 = CARTESIAN_POINT('',(-0.25,8.75,5.9));
#6309 = VECTOR('',#6310,1.);
#6310 = DIRECTION('',(-0.,-0.,-1.));
#6311 = ORIENTED_EDGE('',*,*,#6312,.T.);
#6312 = EDGE_CURVE('',#6305,#6305,#6313,.T.);
#6313 = CIRCLE('',#6314,1.);
#6314 = AXIS2_PLACEMENT_3D('',#6315,#6316,#6317);
#6315 = CARTESIAN_POINT('',(-1.25,8.75,5.4));
#6316 = DIRECTION('',(0.,0.,1.));
#6317 = DIRECTION('',(1.,0.,0.));
#6318 = ORIENTED_EDGE('',*,*,#6304,.F.);
#6319 = ORIENTED_EDGE('',*,*,#1788,.F.);
#6320 = CYLINDRICAL_SURFACE('',#6321,1.);
#6321 = AXIS2_PLACEMENT_3D('',#6322,#6323,#6324);
#6322 = CARTESIAN_POINT('',(-1.25,8.75,5.9));
#6323 = DIRECTION('',(0.,0.,1.));
#6324 = DIRECTION('',(1.,0.,0.));
#6325 = ADVANCED_FACE('',(#6326),#6345,.F.);
#6326 = FACE_BOUND('',#6327,.F.);
#6327 = EDGE_LOOP('',(#6328,#6336,#6343,#6344));
#6328 = ORIENTED_EDGE('',*,*,#6329,.T.);
#6329 = EDGE_CURVE('',#1800,#6330,#6332,.T.);
#6330 = VERTEX_POINT('',#6331);
#6331 = CARTESIAN_POINT('',(2.25,1.25,5.4));
#6332 = LINE('',#6333,#6334);
#6333 = CARTESIAN_POINT('',(2.25,1.25,5.9));
#6334 = VECTOR('',#6335,1.);
#6335 = DIRECTION('',(-0.,-0.,-1.));
#6336 = ORIENTED_EDGE('',*,*,#6337,.T.);
#6337 = EDGE_CURVE('',#6330,#6330,#6338,.T.);
#6338 = CIRCLE('',#6339,1.);
#6339 = AXIS2_PLACEMENT_3D('',#6340,#6341,#6342);
#6340 = CARTESIAN_POINT('',(1.25,1.25,5.4));
#6341 = DIRECTION('',(0.,0.,1.));
#6342 = DIRECTION('',(1.,0.,0.));
#6343 = ORIENTED_EDGE('',*,*,#6329,.F.);
#6344 = ORIENTED_EDGE('',*,*,#1799,.F.);
#6345 = CYLINDRICAL_SURFACE('',#6346,1.);
#6346 = AXIS2_PLACEMENT_3D('',#6347,#6348,#6349);
#6347 = CARTESIAN_POINT('',(1.25,1.25,5.9));
#6348 = DIRECTION('',(0.,0.,1.));
#6349 = DIRECTION('',(1.,0.,0.));
#6350 = ADVANCED_FACE('',(#6351),#6370,.F.);
#6351 = FACE_BOUND('',#6352,.F.);
#6352 = EDGE_LOOP('',(#6353,#6361,#6368,#6369));
#6353 = ORIENTED_EDGE('',*,*,#6354,.T.);
#6354 = EDGE_CURVE('',#1811,#6355,#6357,.T.);
#6355 = VERTEX_POINT('',#6356);
#6356 = CARTESIAN_POINT('',(4.75,1.25,5.4));
#6357 = LINE('',#6358,#6359);
#6358 = CARTESIAN_POINT('',(4.75,1.25,5.9));
#6359 = VECTOR('',#6360,1.);
#6360 = DIRECTION('',(-0.,-0.,-1.));
#6361 = ORIENTED_EDGE('',*,*,#6362,.T.);
#6362 = EDGE_CURVE('',#6355,#6355,#6363,.T.);
#6363 = CIRCLE('',#6364,1.);
#6364 = AXIS2_PLACEMENT_3D('',#6365,#6366,#6367);
#6365 = CARTESIAN_POINT('',(3.75,1.25,5.4));
#6366 = DIRECTION('',(0.,0.,1.));
#6367 = DIRECTION('',(1.,0.,0.));
#6368 = ORIENTED_EDGE('',*,*,#6354,.F.);
#6369 = ORIENTED_EDGE('',*,*,#1810,.F.);
#6370 = CYLINDRICAL_SURFACE('',#6371,1.);
#6371 = AXIS2_PLACEMENT_3D('',#6372,#6373,#6374);
#6372 = CARTESIAN_POINT('',(3.75,1.25,5.9));
#6373 = DIRECTION('',(0.,0.,1.));
#6374 = DIRECTION('',(1.,0.,0.));
#6375 = ADVANCED_FACE('',(#6376),#6395,.F.);
#6376 = FACE_BOUND('',#6377,.F.);
#6377 = EDGE_LOOP('',(#6378,#6386,#6393,#6394));
#6378 = ORIENTED_EDGE('',*,*,#6379,.T.);
#6379 = EDGE_CURVE('',#1822,#6380,#6382,.T.);
#6380 = VERTEX_POINT('',#6381);
#6381 = CARTESIAN_POINT('',(2.25,3.75,5.4));
#6382 = LINE('',#6383,#6384);
#6383 = CARTESIAN_POINT('',(2.25,3.75,5.9));
#6384 = VECTOR('',#6385,1.);
#6385 = DIRECTION('',(-0.,-0.,-1.));
#6386 = ORIENTED_EDGE('',*,*,#6387,.T.);
#6387 = EDGE_CURVE('',#6380,#6380,#6388,.T.);
#6388 = CIRCLE('',#6389,1.);
#6389 = AXIS2_PLACEMENT_3D('',#6390,#6391,#6392);
#6390 = CARTESIAN_POINT('',(1.25,3.75,5.4));
#6391 = DIRECTION('',(0.,0.,1.));
#6392 = DIRECTION('',(1.,0.,0.));
#6393 = ORIENTED_EDGE('',*,*,#6379,.F.);
#6394 = ORIENTED_EDGE('',*,*,#1821,.F.);
#6395 = CYLINDRICAL_SURFACE('',#6396,1.);
#6396 = AXIS2_PLACEMENT_3D('',#6397,#6398,#6399);
#6397 = CARTESIAN_POINT('',(1.25,3.75,5.9));
#6398 = DIRECTION('',(0.,0.,1.));
#6399 = DIRECTION('',(1.,0.,0.));
#6400 = ADVANCED_FACE('',(#6401),#6420,.F.);
#6401 = FACE_BOUND('',#6402,.F.);
#6402 = EDGE_LOOP('',(#6403,#6411,#6418,#6419));
#6403 = ORIENTED_EDGE('',*,*,#6404,.T.);
#6404 = EDGE_CURVE('',#1833,#6405,#6407,.T.);
#6405 = VERTEX_POINT('',#6406);
#6406 = CARTESIAN_POINT('',(4.75,3.75,5.4));
#6407 = LINE('',#6408,#6409);
#6408 = CARTESIAN_POINT('',(4.75,3.75,5.9));
#6409 = VECTOR('',#6410,1.);
#6410 = DIRECTION('',(-0.,-0.,-1.));
#6411 = ORIENTED_EDGE('',*,*,#6412,.T.);
#6412 = EDGE_CURVE('',#6405,#6405,#6413,.T.);
#6413 = CIRCLE('',#6414,1.);
#6414 = AXIS2_PLACEMENT_3D('',#6415,#6416,#6417);
#6415 = CARTESIAN_POINT('',(3.75,3.75,5.4));
#6416 = DIRECTION('',(0.,0.,1.));
#6417 = DIRECTION('',(1.,0.,0.));
#6418 = ORIENTED_EDGE('',*,*,#6404,.F.);
#6419 = ORIENTED_EDGE('',*,*,#1832,.F.);
#6420 = CYLINDRICAL_SURFACE('',#6421,1.);
#6421 = AXIS2_PLACEMENT_3D('',#6422,#6423,#6424);
#6422 = CARTESIAN_POINT('',(3.75,3.75,5.9));
#6423 = DIRECTION('',(0.,0.,1.));
#6424 = DIRECTION('',(1.,0.,0.));
#6425 = ADVANCED_FACE('',(#6426),#6445,.F.);
#6426 = FACE_BOUND('',#6427,.F.);
#6427 = EDGE_LOOP('',(#6428,#6436,#6443,#6444));
#6428 = ORIENTED_EDGE('',*,*,#6429,.T.);
#6429 = EDGE_CURVE('',#1844,#6430,#6432,.T.);
#6430 = VERTEX_POINT('',#6431);
#6431 = CARTESIAN_POINT('',(7.25,1.25,5.4));
#6432 = LINE('',#6433,#6434);
#6433 = CARTESIAN_POINT('',(7.25,1.25,5.9));
#6434 = VECTOR('',#6435,1.);
#6435 = DIRECTION('',(-0.,-0.,-1.));
#6436 = ORIENTED_EDGE('',*,*,#6437,.T.);
#6437 = EDGE_CURVE('',#6430,#6430,#6438,.T.);
#6438 = CIRCLE('',#6439,1.);
#6439 = AXIS2_PLACEMENT_3D('',#6440,#6441,#6442);
#6440 = CARTESIAN_POINT('',(6.25,1.25,5.4));
#6441 = DIRECTION('',(0.,0.,1.));
#6442 = DIRECTION('',(1.,0.,0.));
#6443 = ORIENTED_EDGE('',*,*,#6429,.F.);
#6444 = ORIENTED_EDGE('',*,*,#1843,.F.);
#6445 = CYLINDRICAL_SURFACE('',#6446,1.);
#6446 = AXIS2_PLACEMENT_3D('',#6447,#6448,#6449);
#6447 = CARTESIAN_POINT('',(6.25,1.25,5.9));
#6448 = DIRECTION('',(0.,0.,1.));
#6449 = DIRECTION('',(1.,0.,0.));
#6450 = ADVANCED_FACE('',(#6451),#6470,.F.);
#6451 = FACE_BOUND('',#6452,.F.);
#6452 = EDGE_LOOP('',(#6453,#6461,#6468,#6469));
#6453 = ORIENTED_EDGE('',*,*,#6454,.T.);
#6454 = EDGE_CURVE('',#1855,#6455,#6457,.T.);
#6455 = VERTEX_POINT('',#6456);
#6456 = CARTESIAN_POINT('',(9.75,1.25,5.4));
#6457 = LINE('',#6458,#6459);
#6458 = CARTESIAN_POINT('',(9.75,1.25,5.9));
#6459 = VECTOR('',#6460,1.);
#6460 = DIRECTION('',(-0.,-0.,-1.));
#6461 = ORIENTED_EDGE('',*,*,#6462,.T.);
#6462 = EDGE_CURVE('',#6455,#6455,#6463,.T.);
#6463 = CIRCLE('',#6464,1.);
#6464 = AXIS2_PLACEMENT_3D('',#6465,#6466,#6467);
#6465 = CARTESIAN_POINT('',(8.75,1.25,5.4));
#6466 = DIRECTION('',(0.,0.,1.));
#6467 = DIRECTION('',(1.,0.,0.));
#6468 = ORIENTED_EDGE('',*,*,#6454,.F.);
#6469 = ORIENTED_EDGE('',*,*,#1854,.F.);
#6470 = CYLINDRICAL_SURFACE('',#6471,1.);
#6471 = AXIS2_PLACEMENT_3D('',#6472,#6473,#6474);
#6472 = CARTESIAN_POINT('',(8.75,1.25,5.9));
#6473 = DIRECTION('',(0.,0.,1.));
#6474 = DIRECTION('',(1.,0.,0.));
#6475 = ADVANCED_FACE('',(#6476),#6495,.F.);
#6476 = FACE_BOUND('',#6477,.F.);
#6477 = EDGE_LOOP('',(#6478,#6486,#6493,#6494));
#6478 = ORIENTED_EDGE('',*,*,#6479,.T.);
#6479 = EDGE_CURVE('',#1866,#6480,#6482,.T.);
#6480 = VERTEX_POINT('',#6481);
#6481 = CARTESIAN_POINT('',(7.25,3.75,5.4));
#6482 = LINE('',#6483,#6484);
#6483 = CARTESIAN_POINT('',(7.25,3.75,5.9));
#6484 = VECTOR('',#6485,1.);
#6485 = DIRECTION('',(-0.,-0.,-1.));
#6486 = ORIENTED_EDGE('',*,*,#6487,.T.);
#6487 = EDGE_CURVE('',#6480,#6480,#6488,.T.);
#6488 = CIRCLE('',#6489,1.);
#6489 = AXIS2_PLACEMENT_3D('',#6490,#6491,#6492);
#6490 = CARTESIAN_POINT('',(6.25,3.75,5.4));
#6491 = DIRECTION('',(0.,0.,1.));
#6492 = DIRECTION('',(1.,0.,0.));
#6493 = ORIENTED_EDGE('',*,*,#6479,.F.);
#6494 = ORIENTED_EDGE('',*,*,#1865,.F.);
#6495 = CYLINDRICAL_SURFACE('',#6496,1.);
#6496 = AXIS2_PLACEMENT_3D('',#6497,#6498,#6499);
#6497 = CARTESIAN_POINT('',(6.25,3.75,5.9));
#6498 = DIRECTION('',(0.,0.,1.));
#6499 = DIRECTION('',(1.,0.,0.));
#6500 = ADVANCED_FACE('',(#6501),#6520,.F.);
#6501 = FACE_BOUND('',#6502,.F.);
#6502 = EDGE_LOOP('',(#6503,#6511,#6518,#6519));
#6503 = ORIENTED_EDGE('',*,*,#6504,.T.);
#6504 = EDGE_CURVE('',#1877,#6505,#6507,.T.);
#6505 = VERTEX_POINT('',#6506);
#6506 = CARTESIAN_POINT('',(9.75,3.75,5.4));
#6507 = LINE('',#6508,#6509);
#6508 = CARTESIAN_POINT('',(9.75,3.75,5.9));
#6509 = VECTOR('',#6510,1.);
#6510 = DIRECTION('',(-0.,-0.,-1.));
#6511 = ORIENTED_EDGE('',*,*,#6512,.T.);
#6512 = EDGE_CURVE('',#6505,#6505,#6513,.T.);
#6513 = CIRCLE('',#6514,1.);
#6514 = AXIS2_PLACEMENT_3D('',#6515,#6516,#6517);
#6515 = CARTESIAN_POINT('',(8.75,3.75,5.4));
#6516 = DIRECTION('',(0.,0.,1.));
#6517 = DIRECTION('',(1.,0.,0.));
#6518 = ORIENTED_EDGE('',*,*,#6504,.F.);
#6519 = ORIENTED_EDGE('',*,*,#1876,.F.);
#6520 = CYLINDRICAL_SURFACE('',#6521,1.);
#6521 = AXIS2_PLACEMENT_3D('',#6522,#6523,#6524);
#6522 = CARTESIAN_POINT('',(8.75,3.75,5.9));
#6523 = DIRECTION('',(0.,0.,1.));
#6524 = DIRECTION('',(1.,0.,0.));
#6525 = ADVANCED_FACE('',(#6526),#6545,.F.);
#6526 = FACE_BOUND('',#6527,.F.);
#6527 = EDGE_LOOP('',(#6528,#6536,#6543,#6544));
#6528 = ORIENTED_EDGE('',*,*,#6529,.T.);
#6529 = EDGE_CURVE('',#1888,#6530,#6532,.T.);
#6530 = VERTEX_POINT('',#6531);
#6531 = CARTESIAN_POINT('',(2.25,6.25,5.4));
#6532 = LINE('',#6533,#6534);
#6533 = CARTESIAN_POINT('',(2.25,6.25,5.9));
#6534 = VECTOR('',#6535,1.);
#6535 = DIRECTION('',(-0.,-0.,-1.));
#6536 = ORIENTED_EDGE('',*,*,#6537,.T.);
#6537 = EDGE_CURVE('',#6530,#6530,#6538,.T.);
#6538 = CIRCLE('',#6539,1.);
#6539 = AXIS2_PLACEMENT_3D('',#6540,#6541,#6542);
#6540 = CARTESIAN_POINT('',(1.25,6.25,5.4));
#6541 = DIRECTION('',(0.,0.,1.));
#6542 = DIRECTION('',(1.,0.,0.));
#6543 = ORIENTED_EDGE('',*,*,#6529,.F.);
#6544 = ORIENTED_EDGE('',*,*,#1887,.F.);
#6545 = CYLINDRICAL_SURFACE('',#6546,1.);
#6546 = AXIS2_PLACEMENT_3D('',#6547,#6548,#6549);
#6547 = CARTESIAN_POINT('',(1.25,6.25,5.9));
#6548 = DIRECTION('',(0.,0.,1.));
#6549 = DIRECTION('',(1.,0.,0.));
#6550 = ADVANCED_FACE('',(#6551),#6570,.F.);
#6551 = FACE_BOUND('',#6552,.F.);
#6552 = EDGE_LOOP('',(#6553,#6561,#6568,#6569));
#6553 = ORIENTED_EDGE('',*,*,#6554,.T.);
#6554 = EDGE_CURVE('',#1899,#6555,#6557,.T.);
#6555 = VERTEX_POINT('',#6556);
#6556 = CARTESIAN_POINT('',(4.75,6.25,5.4));
#6557 = LINE('',#6558,#6559);
#6558 = CARTESIAN_POINT('',(4.75,6.25,5.9));
#6559 = VECTOR('',#6560,1.);
#6560 = DIRECTION('',(-0.,-0.,-1.));
#6561 = ORIENTED_EDGE('',*,*,#6562,.T.);
#6562 = EDGE_CURVE('',#6555,#6555,#6563,.T.);
#6563 = CIRCLE('',#6564,1.);
#6564 = AXIS2_PLACEMENT_3D('',#6565,#6566,#6567);
#6565 = CARTESIAN_POINT('',(3.75,6.25,5.4));
#6566 = DIRECTION('',(0.,0.,1.));
#6567 = DIRECTION('',(1.,0.,0.));
#6568 = ORIENTED_EDGE('',*,*,#6554,.F.);
#6569 = ORIENTED_EDGE('',*,*,#1898,.F.);
#6570 = CYLINDRICAL_SURFACE('',#6571,1.);
#6571 = AXIS2_PLACEMENT_3D('',#6572,#6573,#6574);
#6572 = CARTESIAN_POINT('',(3.75,6.25,5.9));
#6573 = DIRECTION('',(0.,0.,1.));
#6574 = DIRECTION('',(1.,0.,0.));
#6575 = ADVANCED_FACE('',(#6576),#6595,.F.);
#6576 = FACE_BOUND('',#6577,.F.);
#6577 = EDGE_LOOP('',(#6578,#6586,#6593,#6594));
#6578 = ORIENTED_EDGE('',*,*,#6579,.T.);
#6579 = EDGE_CURVE('',#1910,#6580,#6582,.T.);
#6580 = VERTEX_POINT('',#6581);
#6581 = CARTESIAN_POINT('',(2.25,8.75,5.4));
#6582 = LINE('',#6583,#6584);
#6583 = CARTESIAN_POINT('',(2.25,8.75,5.9));
#6584 = VECTOR('',#6585,1.);
#6585 = DIRECTION('',(-0.,-0.,-1.));
#6586 = ORIENTED_EDGE('',*,*,#6587,.T.);
#6587 = EDGE_CURVE('',#6580,#6580,#6588,.T.);
#6588 = CIRCLE('',#6589,1.);
#6589 = AXIS2_PLACEMENT_3D('',#6590,#6591,#6592);
#6590 = CARTESIAN_POINT('',(1.25,8.75,5.4));
#6591 = DIRECTION('',(0.,0.,1.));
#6592 = DIRECTION('',(1.,0.,0.));
#6593 = ORIENTED_EDGE('',*,*,#6579,.F.);
#6594 = ORIENTED_EDGE('',*,*,#1909,.F.);
#6595 = CYLINDRICAL_SURFACE('',#6596,1.);
#6596 = AXIS2_PLACEMENT_3D('',#6597,#6598,#6599);
#6597 = CARTESIAN_POINT('',(1.25,8.75,5.9));
#6598 = DIRECTION('',(0.,0.,1.));
#6599 = DIRECTION('',(1.,0.,0.));
#6600 = ADVANCED_FACE('',(#6601),#6620,.F.);
#6601 = FACE_BOUND('',#6602,.F.);
#6602 = EDGE_LOOP('',(#6603,#6611,#6618,#6619));
#6603 = ORIENTED_EDGE('',*,*,#6604,.T.);
#6604 = EDGE_CURVE('',#1921,#6605,#6607,.T.);
#6605 = VERTEX_POINT('',#6606);
#6606 = CARTESIAN_POINT('',(4.75,8.75,5.4));
#6607 = LINE('',#6608,#6609);
#6608 = CARTESIAN_POINT('',(4.75,8.75,5.9));
#6609 = VECTOR('',#6610,1.);
#6610 = DIRECTION('',(-0.,-0.,-1.));
#6611 = ORIENTED_EDGE('',*,*,#6612,.T.);
#6612 = EDGE_CURVE('',#6605,#6605,#6613,.T.);
#6613 = CIRCLE('',#6614,1.);
#6614 = AXIS2_PLACEMENT_3D('',#6615,#6616,#6617);
#6615 = CARTESIAN_POINT('',(3.75,8.75,5.4));
#6616 = DIRECTION('',(0.,0.,1.));
#6617 = DIRECTION('',(1.,0.,0.));
#6618 = ORIENTED_EDGE('',*,*,#6604,.F.);
#6619 = ORIENTED_EDGE('',*,*,#1920,.F.);
#6620 = CYLINDRICAL_SURFACE('',#6621,1.);
#6621 = AXIS2_PLACEMENT_3D('',#6622,#6623,#6624);
#6622 = CARTESIAN_POINT('',(3.75,8.75,5.9));
#6623 = DIRECTION('',(0.,0.,1.));
#6624 = DIRECTION('',(1.,0.,0.));
#6625 = ADVANCED_FACE('',(#6626),#6645,.F.);
#6626 = FACE_BOUND('',#6627,.F.);
#6627 = EDGE_LOOP('',(#6628,#6636,#6643,#6644));
#6628 = ORIENTED_EDGE('',*,*,#6629,.T.);
#6629 = EDGE_CURVE('',#1932,#6630,#6632,.T.);
#6630 = VERTEX_POINT('',#6631);
#6631 = CARTESIAN_POINT('',(7.25,6.25,5.4));
#6632 = LINE('',#6633,#6634);
#6633 = CARTESIAN_POINT('',(7.25,6.25,5.9));
#6634 = VECTOR('',#6635,1.);
#6635 = DIRECTION('',(-0.,-0.,-1.));
#6636 = ORIENTED_EDGE('',*,*,#6637,.T.);
#6637 = EDGE_CURVE('',#6630,#6630,#6638,.T.);
#6638 = CIRCLE('',#6639,1.);
#6639 = AXIS2_PLACEMENT_3D('',#6640,#6641,#6642);
#6640 = CARTESIAN_POINT('',(6.25,6.25,5.4));
#6641 = DIRECTION('',(0.,0.,1.));
#6642 = DIRECTION('',(1.,0.,0.));
#6643 = ORIENTED_EDGE('',*,*,#6629,.F.);
#6644 = ORIENTED_EDGE('',*,*,#1931,.F.);
#6645 = CYLINDRICAL_SURFACE('',#6646,1.);
#6646 = AXIS2_PLACEMENT_3D('',#6647,#6648,#6649);
#6647 = CARTESIAN_POINT('',(6.25,6.25,5.9));
#6648 = DIRECTION('',(0.,0.,1.));
#6649 = DIRECTION('',(1.,0.,0.));
#6650 = ADVANCED_FACE('',(#6651),#6670,.F.);
#6651 = FACE_BOUND('',#6652,.F.);
#6652 = EDGE_LOOP('',(#6653,#6661,#6668,#6669));
#6653 = ORIENTED_EDGE('',*,*,#6654,.T.);
#6654 = EDGE_CURVE('',#1943,#6655,#6657,.T.);
#6655 = VERTEX_POINT('',#6656);
#6656 = CARTESIAN_POINT('',(9.75,6.25,5.4));
#6657 = LINE('',#6658,#6659);
#6658 = CARTESIAN_POINT('',(9.75,6.25,5.9));
#6659 = VECTOR('',#6660,1.);
#6660 = DIRECTION('',(-0.,-0.,-1.));
#6661 = ORIENTED_EDGE('',*,*,#6662,.T.);
#6662 = EDGE_CURVE('',#6655,#6655,#6663,.T.);
#6663 = CIRCLE('',#6664,1.);
#6664 = AXIS2_PLACEMENT_3D('',#6665,#6666,#6667);
#6665 = CARTESIAN_POINT('',(8.75,6.25,5.4));
#6666 = DIRECTION('',(0.,0.,1.));
#6667 = DIRECTION('',(1.,0.,0.));
#6668 = ORIENTED_EDGE('',*,*,#6654,.F.);
#6669 = ORIENTED_EDGE('',*,*,#1942,.F.);
#6670 = CYLINDRICAL_SURFACE('',#6671,1.);
#6671 = AXIS2_PLACEMENT_3D('',#6672,#6673,#6674);
#6672 = CARTESIAN_POINT('',(8.75,6.25,5.9));
#6673 = DIRECTION('',(0.,0.,1.));
#6674 = DIRECTION('',(1.,0.,0.));
#6675 = ADVANCED_FACE('',(#6676),#6695,.F.);
#6676 = FACE_BOUND('',#6677,.F.);
#6677 = EDGE_LOOP('',(#6678,#6686,#6693,#6694));
#6678 = ORIENTED_EDGE('',*,*,#6679,.T.);
#6679 = EDGE_CURVE('',#1954,#6680,#6682,.T.);
#6680 = VERTEX_POINT('',#6681);
#6681 = CARTESIAN_POINT('',(7.25,8.75,5.4));
#6682 = LINE('',#6683,#6684);
#6683 = CARTESIAN_POINT('',(7.25,8.75,5.9));
#6684 = VECTOR('',#6685,1.);
#6685 = DIRECTION('',(-0.,-0.,-1.));
#6686 = ORIENTED_EDGE('',*,*,#6687,.T.);
#6687 = EDGE_CURVE('',#6680,#6680,#6688,.T.);
#6688 = CIRCLE('',#6689,1.);
#6689 = AXIS2_PLACEMENT_3D('',#6690,#6691,#6692);
#6690 = CARTESIAN_POINT('',(6.25,8.75,5.4));
#6691 = DIRECTION('',(0.,0.,1.));
#6692 = DIRECTION('',(1.,0.,0.));
#6693 = ORIENTED_EDGE('',*,*,#6679,.F.);
#6694 = ORIENTED_EDGE('',*,*,#1953,.F.);
#6695 = CYLINDRICAL_SURFACE('',#6696,1.);
#6696 = AXIS2_PLACEMENT_3D('',#6697,#6698,#6699);
#6697 = CARTESIAN_POINT('',(6.25,8.75,5.9));
#6698 = DIRECTION('',(0.,0.,1.));
#6699 = DIRECTION('',(1.,0.,0.));
#6700 = ADVANCED_FACE('',(#6701),#6720,.F.);
#6701 = FACE_BOUND('',#6702,.F.);
#6702 = EDGE_LOOP('',(#6703,#6711,#6718,#6719));
#6703 = ORIENTED_EDGE('',*,*,#6704,.T.);
#6704 = EDGE_CURVE('',#1965,#6705,#6707,.T.);
#6705 = VERTEX_POINT('',#6706);
#6706 = CARTESIAN_POINT('',(9.75,8.75,5.4));
#6707 = LINE('',#6708,#6709);
#6708 = CARTESIAN_POINT('',(9.75,8.75,5.9));
#6709 = VECTOR('',#6710,1.);
#6710 = DIRECTION('',(-0.,-0.,-1.));
#6711 = ORIENTED_EDGE('',*,*,#6712,.T.);
#6712 = EDGE_CURVE('',#6705,#6705,#6713,.T.);
#6713 = CIRCLE('',#6714,1.);
#6714 = AXIS2_PLACEMENT_3D('',#6715,#6716,#6717);
#6715 = CARTESIAN_POINT('',(8.75,8.75,5.4));
#6716 = DIRECTION('',(0.,0.,1.));
#6717 = DIRECTION('',(1.,0.,0.));
#6718 = ORIENTED_EDGE('',*,*,#6704,.F.);
#6719 = ORIENTED_EDGE('',*,*,#1964,.F.);
#6720 = CYLINDRICAL_SURFACE('',#6721,1.);
#6721 = AXIS2_PLACEMENT_3D('',#6722,#6723,#6724);
#6722 = CARTESIAN_POINT('',(8.75,8.75,5.9));
#6723 = DIRECTION('',(0.,0.,1.));
#6724 = DIRECTION('',(1.,0.,0.));
#6725 = ADVANCED_FACE('',(#6726),#6736,.F.);
#6726 = FACE_BOUND('',#6727,.F.);
#6727 = EDGE_LOOP('',(#6728,#6729,#6730,#6731,#6732,#6733,#6734,#6735));
#6728 = ORIENTED_EDGE('',*,*,#2001,.T.);
#6729 = ORIENTED_EDGE('',*,*,#2050,.T.);
#6730 = ORIENTED_EDGE('',*,*,#2099,.T.);
#6731 = ORIENTED_EDGE('',*,*,#2148,.T.);
#6732 = ORIENTED_EDGE('',*,*,#2173,.T.);
#6733 = ORIENTED_EDGE('',*,*,#2130,.T.);
#6734 = ORIENTED_EDGE('',*,*,#2082,.T.);
#6735 = ORIENTED_EDGE('',*,*,#2032,.T.);
#6736 = PLANE('',#6737);
#6737 = AXIS2_PLACEMENT_3D('',#6738,#6739,#6740);
#6738 = CARTESIAN_POINT('',(8.27E-13,-8.749999999999,-7.1));
#6739 = DIRECTION('',(0.,0.,1.));
#6740 = DIRECTION('',(1.,0.,0.));
#6741 = ADVANCED_FACE('',(#6742),#6752,.F.);
#6742 = FACE_BOUND('',#6743,.F.);
#6743 = EDGE_LOOP('',(#6744,#6745,#6746,#6747,#6748,#6749,#6750,#6751));
#6744 = ORIENTED_EDGE('',*,*,#2197,.T.);
#6745 = ORIENTED_EDGE('',*,*,#2221,.T.);
#6746 = ORIENTED_EDGE('',*,*,#2246,.T.);
#6747 = ORIENTED_EDGE('',*,*,#2270,.T.);
#6748 = ORIENTED_EDGE('',*,*,#2295,.T.);
#6749 = ORIENTED_EDGE('',*,*,#2319,.T.);
#6750 = ORIENTED_EDGE('',*,*,#2344,.T.);
#6751 = ORIENTED_EDGE('',*,*,#2368,.T.);
#6752 = PLANE('',#6753);
#6753 = AXIS2_PLACEMENT_3D('',#6754,#6755,#6756);
#6754 = CARTESIAN_POINT('',(8.272819966483E-13,-6.209999999999,-7.1));
#6755 = DIRECTION('',(0.,0.,1.));
#6756 = DIRECTION('',(1.,0.,0.));
#6757 = ADVANCED_FACE('',(#6758),#6768,.F.);
#6758 = FACE_BOUND('',#6759,.F.);
#6759 = EDGE_LOOP('',(#6760,#6761,#6762,#6763,#6764,#6765,#6766,#6767));
#6760 = ORIENTED_EDGE('',*,*,#2393,.T.);
#6761 = ORIENTED_EDGE('',*,*,#2417,.T.);
#6762 = ORIENTED_EDGE('',*,*,#2442,.T.);
#6763 = ORIENTED_EDGE('',*,*,#2466,.T.);
#6764 = ORIENTED_EDGE('',*,*,#2491,.T.);
#6765 = ORIENTED_EDGE('',*,*,#2515,.T.);
#6766 = ORIENTED_EDGE('',*,*,#2540,.T.);
#6767 = ORIENTED_EDGE('',*,*,#2564,.T.);
#6768 = PLANE('',#6769);
#6769 = AXIS2_PLACEMENT_3D('',#6770,#6771,#6772);
#6770 = CARTESIAN_POINT('',(8.275639932965E-13,-3.669999999999,-7.1));
#6771 = DIRECTION('',(0.,0.,1.));
#6772 = DIRECTION('',(1.,0.,0.));
#6773 = ADVANCED_FACE('',(#6774),#6784,.F.);
#6774 = FACE_BOUND('',#6775,.F.);
#6775 = EDGE_LOOP('',(#6776,#6777,#6778,#6779,#6780,#6781,#6782,#6783));
#6776 = ORIENTED_EDGE('',*,*,#2589,.T.);
#6777 = ORIENTED_EDGE('',*,*,#2613,.T.);
#6778 = ORIENTED_EDGE('',*,*,#2638,.T.);
#6779 = ORIENTED_EDGE('',*,*,#2662,.T.);
#6780 = ORIENTED_EDGE('',*,*,#2687,.T.);
#6781 = ORIENTED_EDGE('',*,*,#2711,.T.);
#6782 = ORIENTED_EDGE('',*,*,#2736,.T.);
#6783 = ORIENTED_EDGE('',*,*,#2760,.T.);
#6784 = PLANE('',#6785);
#6785 = AXIS2_PLACEMENT_3D('',#6786,#6787,#6788);
#6786 = CARTESIAN_POINT('',(8.278459899448E-13,-1.129999999999,-7.1));
#6787 = DIRECTION('',(0.,0.,1.));
#6788 = DIRECTION('',(1.,0.,0.));
#6789 = ADVANCED_FACE('',(#6790),#6800,.F.);
#6790 = FACE_BOUND('',#6791,.F.);
#6791 = EDGE_LOOP('',(#6792,#6793,#6794,#6795,#6796,#6797,#6798,#6799));
#6792 = ORIENTED_EDGE('',*,*,#2785,.T.);
#6793 = ORIENTED_EDGE('',*,*,#2834,.T.);
#6794 = ORIENTED_EDGE('',*,*,#2883,.T.);
#6795 = ORIENTED_EDGE('',*,*,#2932,.T.);
#6796 = ORIENTED_EDGE('',*,*,#2957,.T.);
#6797 = ORIENTED_EDGE('',*,*,#2914,.T.);
#6798 = ORIENTED_EDGE('',*,*,#2866,.T.);
#6799 = ORIENTED_EDGE('',*,*,#2816,.T.);
#6800 = PLANE('',#6801);
#6801 = AXIS2_PLACEMENT_3D('',#6802,#6803,#6804);
#6802 = CARTESIAN_POINT('',(8.27E-13,-8.749999999999,-7.1));
#6803 = DIRECTION('',(0.,0.,1.));
#6804 = DIRECTION('',(1.,0.,0.));
#6805 = ADVANCED_FACE('',(#6806),#6816,.F.);
#6806 = FACE_BOUND('',#6807,.F.);
#6807 = EDGE_LOOP('',(#6808,#6809,#6810,#6811,#6812,#6813,#6814,#6815));
#6808 = ORIENTED_EDGE('',*,*,#2981,.T.);
#6809 = ORIENTED_EDGE('',*,*,#3005,.T.);
#6810 = ORIENTED_EDGE('',*,*,#3030,.T.);
#6811 = ORIENTED_EDGE('',*,*,#3054,.T.);
#6812 = ORIENTED_EDGE('',*,*,#3079,.T.);
#6813 = ORIENTED_EDGE('',*,*,#3103,.T.);
#6814 = ORIENTED_EDGE('',*,*,#3128,.T.);
#6815 = ORIENTED_EDGE('',*,*,#3152,.T.);
#6816 = PLANE('',#6817);
#6817 = AXIS2_PLACEMENT_3D('',#6818,#6819,#6820);
#6818 = CARTESIAN_POINT('',(8.272819966483E-13,-6.209999999999,-7.1));
#6819 = DIRECTION('',(0.,0.,1.));
#6820 = DIRECTION('',(1.,0.,0.));
#6821 = ADVANCED_FACE('',(#6822),#6832,.F.);
#6822 = FACE_BOUND('',#6823,.F.);
#6823 = EDGE_LOOP('',(#6824,#6825,#6826,#6827,#6828,#6829,#6830,#6831));
#6824 = ORIENTED_EDGE('',*,*,#3177,.T.);
#6825 = ORIENTED_EDGE('',*,*,#3201,.T.);
#6826 = ORIENTED_EDGE('',*,*,#3226,.T.);
#6827 = ORIENTED_EDGE('',*,*,#3250,.T.);
#6828 = ORIENTED_EDGE('',*,*,#3275,.T.);
#6829 = ORIENTED_EDGE('',*,*,#3299,.T.);
#6830 = ORIENTED_EDGE('',*,*,#3324,.T.);
#6831 = ORIENTED_EDGE('',*,*,#3348,.T.);
#6832 = PLANE('',#6833);
#6833 = AXIS2_PLACEMENT_3D('',#6834,#6835,#6836);
#6834 = CARTESIAN_POINT('',(8.275639932965E-13,-3.669999999999,-7.1));
#6835 = DIRECTION('',(0.,0.,1.));
#6836 = DIRECTION('',(1.,0.,0.));
#6837 = ADVANCED_FACE('',(#6838),#6848,.F.);
#6838 = FACE_BOUND('',#6839,.F.);
#6839 = EDGE_LOOP('',(#6840,#6841,#6842,#6843,#6844,#6845,#6846,#6847));
#6840 = ORIENTED_EDGE('',*,*,#3373,.T.);
#6841 = ORIENTED_EDGE('',*,*,#3397,.T.);
#6842 = ORIENTED_EDGE('',*,*,#3422,.T.);
#6843 = ORIENTED_EDGE('',*,*,#3446,.T.);
#6844 = ORIENTED_EDGE('',*,*,#3471,.T.);
#6845 = ORIENTED_EDGE('',*,*,#3495,.T.);
#6846 = ORIENTED_EDGE('',*,*,#3520,.T.);
#6847 = ORIENTED_EDGE('',*,*,#3544,.T.);
#6848 = PLANE('',#6849);
#6849 = AXIS2_PLACEMENT_3D('',#6850,#6851,#6852);
#6850 = CARTESIAN_POINT('',(8.278459899448E-13,-1.129999999999,-7.1));
#6851 = DIRECTION('',(0.,0.,1.));
#6852 = DIRECTION('',(1.,0.,0.));
#6853 = ADVANCED_FACE('',(#6854),#6864,.F.);
#6854 = FACE_BOUND('',#6855,.F.);
#6855 = EDGE_LOOP('',(#6856,#6857,#6858,#6859,#6860,#6861,#6862,#6863));
#6856 = ORIENTED_EDGE('',*,*,#3569,.T.);
#6857 = ORIENTED_EDGE('',*,*,#3593,.T.);
#6858 = ORIENTED_EDGE('',*,*,#3618,.T.);
#6859 = ORIENTED_EDGE('',*,*,#3642,.T.);
#6860 = ORIENTED_EDGE('',*,*,#3667,.T.);
#6861 = ORIENTED_EDGE('',*,*,#3691,.T.);
#6862 = ORIENTED_EDGE('',*,*,#3716,.T.);
#6863 = ORIENTED_EDGE('',*,*,#3740,.T.);
#6864 = PLANE('',#6865);
#6865 = AXIS2_PLACEMENT_3D('',#6866,#6867,#6868);
#6866 = CARTESIAN_POINT('',(8.28127986593E-13,1.410000000001,-7.1));
#6867 = DIRECTION('',(0.,0.,1.));
#6868 = DIRECTION('',(1.,0.,0.));
#6869 = ADVANCED_FACE('',(#6870),#6880,.F.);
#6870 = FACE_BOUND('',#6871,.F.);
#6871 = EDGE_LOOP('',(#6872,#6873,#6874,#6875,#6876,#6877,#6878,#6879));
#6872 = ORIENTED_EDGE('',*,*,#3765,.T.);
#6873 = ORIENTED_EDGE('',*,*,#3789,.T.);
#6874 = ORIENTED_EDGE('',*,*,#3814,.T.);
#6875 = ORIENTED_EDGE('',*,*,#3838,.T.);
#6876 = ORIENTED_EDGE('',*,*,#3863,.T.);
#6877 = ORIENTED_EDGE('',*,*,#3887,.T.);
#6878 = ORIENTED_EDGE('',*,*,#3912,.T.);
#6879 = ORIENTED_EDGE('',*,*,#3936,.T.);
#6880 = PLANE('',#6881);
#6881 = AXIS2_PLACEMENT_3D('',#6882,#6883,#6884);
#6882 = CARTESIAN_POINT('',(8.284099832413E-13,3.950000000001,-7.1));
#6883 = DIRECTION('',(0.,0.,1.));
#6884 = DIRECTION('',(1.,0.,0.));
#6885 = ADVANCED_FACE('',(#6886),#6896,.F.);
#6886 = FACE_BOUND('',#6887,.F.);
#6887 = EDGE_LOOP('',(#6888,#6889,#6890,#6891,#6892,#6893,#6894,#6895));
#6888 = ORIENTED_EDGE('',*,*,#3961,.T.);
#6889 = ORIENTED_EDGE('',*,*,#3985,.T.);
#6890 = ORIENTED_EDGE('',*,*,#4010,.T.);
#6891 = ORIENTED_EDGE('',*,*,#4034,.T.);
#6892 = ORIENTED_EDGE('',*,*,#4059,.T.);
#6893 = ORIENTED_EDGE('',*,*,#4083,.T.);
#6894 = ORIENTED_EDGE('',*,*,#4108,.T.);
#6895 = ORIENTED_EDGE('',*,*,#4132,.T.);
#6896 = PLANE('',#6897);
#6897 = AXIS2_PLACEMENT_3D('',#6898,#6899,#6900);
#6898 = CARTESIAN_POINT('',(8.286919798895E-13,6.490000000001,-7.1));
#6899 = DIRECTION('',(0.,0.,1.));
#6900 = DIRECTION('',(1.,0.,0.));
#6901 = ADVANCED_FACE('',(#6902),#6912,.F.);
#6902 = FACE_BOUND('',#6903,.F.);
#6903 = EDGE_LOOP('',(#6904,#6905,#6906,#6907,#6908,#6909,#6910,#6911));
#6904 = ORIENTED_EDGE('',*,*,#4157,.T.);
#6905 = ORIENTED_EDGE('',*,*,#4181,.T.);
#6906 = ORIENTED_EDGE('',*,*,#4206,.T.);
#6907 = ORIENTED_EDGE('',*,*,#4230,.T.);
#6908 = ORIENTED_EDGE('',*,*,#4255,.T.);
#6909 = ORIENTED_EDGE('',*,*,#4279,.T.);
#6910 = ORIENTED_EDGE('',*,*,#4304,.T.);
#6911 = ORIENTED_EDGE('',*,*,#4328,.T.);
#6912 = PLANE('',#6913);
#6913 = AXIS2_PLACEMENT_3D('',#6914,#6915,#6916);
#6914 = CARTESIAN_POINT('',(8.289739765378E-13,9.030000000001,-7.1));
#6915 = DIRECTION('',(0.,0.,1.));
#6916 = DIRECTION('',(1.,0.,0.));
#6917 = ADVANCED_FACE('',(#6918),#6928,.F.);
#6918 = FACE_BOUND('',#6919,.F.);
#6919 = EDGE_LOOP('',(#6920,#6921,#6922,#6923,#6924,#6925,#6926,#6927));
#6920 = ORIENTED_EDGE('',*,*,#4353,.T.);
#6921 = ORIENTED_EDGE('',*,*,#4377,.T.);
#6922 = ORIENTED_EDGE('',*,*,#4402,.T.);
#6923 = ORIENTED_EDGE('',*,*,#4426,.T.);
#6924 = ORIENTED_EDGE('',*,*,#4451,.T.);
#6925 = ORIENTED_EDGE('',*,*,#4475,.T.);
#6926 = ORIENTED_EDGE('',*,*,#4500,.T.);
#6927 = ORIENTED_EDGE('',*,*,#4524,.T.);
#6928 = PLANE('',#6929);
#6929 = AXIS2_PLACEMENT_3D('',#6930,#6931,#6932);
#6930 = CARTESIAN_POINT('',(8.28127986593E-13,1.410000000001,-7.1));
#6931 = DIRECTION('',(0.,0.,1.));
#6932 = DIRECTION('',(1.,0.,0.));
#6933 = ADVANCED_FACE('',(#6934),#6944,.F.);
#6934 = FACE_BOUND('',#6935,.F.);
#6935 = EDGE_LOOP('',(#6936,#6937,#6938,#6939,#6940,#6941,#6942,#6943));
#6936 = ORIENTED_EDGE('',*,*,#4549,.T.);
#6937 = ORIENTED_EDGE('',*,*,#4573,.T.);
#6938 = ORIENTED_EDGE('',*,*,#4598,.T.);
#6939 = ORIENTED_EDGE('',*,*,#4622,.T.);
#6940 = ORIENTED_EDGE('',*,*,#4647,.T.);
#6941 = ORIENTED_EDGE('',*,*,#4671,.T.);
#6942 = ORIENTED_EDGE('',*,*,#4696,.T.);
#6943 = ORIENTED_EDGE('',*,*,#4720,.T.);
#6944 = PLANE('',#6945);
#6945 = AXIS2_PLACEMENT_3D('',#6946,#6947,#6948);
#6946 = CARTESIAN_POINT('',(8.284099832413E-13,3.950000000001,-7.1));
#6947 = DIRECTION('',(0.,0.,1.));
#6948 = DIRECTION('',(1.,0.,0.));
#6949 = ADVANCED_FACE('',(#6950),#6960,.F.);
#6950 = FACE_BOUND('',#6951,.F.);
#6951 = EDGE_LOOP('',(#6952,#6953,#6954,#6955,#6956,#6957,#6958,#6959));
#6952 = ORIENTED_EDGE('',*,*,#4745,.T.);
#6953 = ORIENTED_EDGE('',*,*,#4769,.T.);
#6954 = ORIENTED_EDGE('',*,*,#4794,.T.);
#6955 = ORIENTED_EDGE('',*,*,#4818,.T.);
#6956 = ORIENTED_EDGE('',*,*,#4843,.T.);
#6957 = ORIENTED_EDGE('',*,*,#4867,.T.);
#6958 = ORIENTED_EDGE('',*,*,#4892,.T.);
#6959 = ORIENTED_EDGE('',*,*,#4916,.T.);
#6960 = PLANE('',#6961);
#6961 = AXIS2_PLACEMENT_3D('',#6962,#6963,#6964);
#6962 = CARTESIAN_POINT('',(8.286919798895E-13,6.490000000001,-7.1));
#6963 = DIRECTION('',(0.,0.,1.));
#6964 = DIRECTION('',(1.,0.,0.));
#6965 = ADVANCED_FACE('',(#6966),#6976,.F.);
#6966 = FACE_BOUND('',#6967,.F.);
#6967 = EDGE_LOOP('',(#6968,#6969,#6970,#6971,#6972,#6973,#6974,#6975));
#6968 = ORIENTED_EDGE('',*,*,#4941,.T.);
#6969 = ORIENTED_EDGE('',*,*,#4965,.T.);
#6970 = ORIENTED_EDGE('',*,*,#4990,.T.);
#6971 = ORIENTED_EDGE('',*,*,#5014,.T.);
#6972 = ORIENTED_EDGE('',*,*,#5039,.T.);
#6973 = ORIENTED_EDGE('',*,*,#5063,.T.);
#6974 = ORIENTED_EDGE('',*,*,#5088,.T.);
#6975 = ORIENTED_EDGE('',*,*,#5112,.T.);
#6976 = PLANE('',#6977);
#6977 = AXIS2_PLACEMENT_3D('',#6978,#6979,#6980);
#6978 = CARTESIAN_POINT('',(8.289739765378E-13,9.030000000001,-7.1));
#6979 = DIRECTION('',(0.,0.,1.));
#6980 = DIRECTION('',(1.,0.,0.));
#6981 = ADVANCED_FACE('',(#6982),#6985,.T.);
#6982 = FACE_BOUND('',#6983,.T.);
#6983 = EDGE_LOOP('',(#6984));
#6984 = ORIENTED_EDGE('',*,*,#5137,.T.);
#6985 = PLANE('',#6986);
#6986 = AXIS2_PLACEMENT_3D('',#6987,#6988,#6989);
#6987 = CARTESIAN_POINT('',(-8.75,5.127900497023E-16,5.4));
#6988 = DIRECTION('',(0.,0.,1.));
#6989 = DIRECTION('',(1.,0.,0.));
#6990 = ADVANCED_FACE('',(#6991),#6994,.T.);
#6991 = FACE_BOUND('',#6992,.T.);
#6992 = EDGE_LOOP('',(#6993));
#6993 = ORIENTED_EDGE('',*,*,#5162,.T.);
#6994 = PLANE('',#6995);
#6995 = AXIS2_PLACEMENT_3D('',#6996,#6997,#6998);
#6996 = CARTESIAN_POINT('',(-6.25,5.127900497023E-16,5.4));
#6997 = DIRECTION('',(0.,0.,1.));
#6998 = DIRECTION('',(1.,0.,0.));
#6999 = ADVANCED_FACE('',(#7000),#7003,.T.);
#7000 = FACE_BOUND('',#7001,.T.);
#7001 = EDGE_LOOP('',(#7002));
#7002 = ORIENTED_EDGE('',*,*,#5187,.T.);
#7003 = PLANE('',#7004);
#7004 = AXIS2_PLACEMENT_3D('',#7005,#7006,#7007);
#7005 = CARTESIAN_POINT('',(-8.75,5.127900497023E-16,5.4));
#7006 = DIRECTION('',(0.,0.,1.));
#7007 = DIRECTION('',(1.,0.,0.));
#7008 = ADVANCED_FACE('',(#7009),#7012,.T.);
#7009 = FACE_BOUND('',#7010,.T.);
#7010 = EDGE_LOOP('',(#7011));
#7011 = ORIENTED_EDGE('',*,*,#5212,.T.);
#7012 = PLANE('',#7013);
#7013 = AXIS2_PLACEMENT_3D('',#7014,#7015,#7016);
#7014 = CARTESIAN_POINT('',(-6.25,5.127900497023E-16,5.4));
#7015 = DIRECTION('',(0.,0.,1.));
#7016 = DIRECTION('',(1.,0.,0.));
#7017 = ADVANCED_FACE('',(#7018),#7021,.T.);
#7018 = FACE_BOUND('',#7019,.T.);
#7019 = EDGE_LOOP('',(#7020));
#7020 = ORIENTED_EDGE('',*,*,#5237,.T.);
#7021 = PLANE('',#7022);
#7022 = AXIS2_PLACEMENT_3D('',#7023,#7024,#7025);
#7023 = CARTESIAN_POINT('',(-3.75,5.127900497023E-16,5.4));
#7024 = DIRECTION('',(0.,0.,1.));
#7025 = DIRECTION('',(1.,0.,0.));
#7026 = ADVANCED_FACE('',(#7027),#7030,.T.);
#7027 = FACE_BOUND('',#7028,.T.);
#7028 = EDGE_LOOP('',(#7029));
#7029 = ORIENTED_EDGE('',*,*,#5262,.T.);
#7030 = PLANE('',#7031);
#7031 = AXIS2_PLACEMENT_3D('',#7032,#7033,#7034);
#7032 = CARTESIAN_POINT('',(-1.25,5.127900497023E-16,5.4));
#7033 = DIRECTION('',(0.,0.,1.));
#7034 = DIRECTION('',(1.,0.,0.));
#7035 = ADVANCED_FACE('',(#7036),#7039,.T.);
#7036 = FACE_BOUND('',#7037,.T.);
#7037 = EDGE_LOOP('',(#7038));
#7038 = ORIENTED_EDGE('',*,*,#5287,.T.);
#7039 = PLANE('',#7040);
#7040 = AXIS2_PLACEMENT_3D('',#7041,#7042,#7043);
#7041 = CARTESIAN_POINT('',(-3.75,5.127900497023E-16,5.4));
#7042 = DIRECTION('',(0.,0.,1.));
#7043 = DIRECTION('',(1.,0.,0.));
#7044 = ADVANCED_FACE('',(#7045),#7048,.T.);
#7045 = FACE_BOUND('',#7046,.T.);
#7046 = EDGE_LOOP('',(#7047));
#7047 = ORIENTED_EDGE('',*,*,#5312,.T.);
#7048 = PLANE('',#7049);
#7049 = AXIS2_PLACEMENT_3D('',#7050,#7051,#7052);
#7050 = CARTESIAN_POINT('',(-1.25,5.127900497023E-16,5.4));
#7051 = DIRECTION('',(0.,0.,1.));
#7052 = DIRECTION('',(1.,0.,0.));
#7053 = ADVANCED_FACE('',(#7054),#7057,.T.);
#7054 = FACE_BOUND('',#7055,.T.);
#7055 = EDGE_LOOP('',(#7056));
#7056 = ORIENTED_EDGE('',*,*,#5337,.T.);
#7057 = PLANE('',#7058);
#7058 = AXIS2_PLACEMENT_3D('',#7059,#7060,#7061);
#7059 = CARTESIAN_POINT('',(-8.75,5.127900497023E-16,5.4));
#7060 = DIRECTION('',(0.,0.,1.));
#7061 = DIRECTION('',(1.,0.,0.));
#7062 = ADVANCED_FACE('',(#7063),#7066,.T.);
#7063 = FACE_BOUND('',#7064,.T.);
#7064 = EDGE_LOOP('',(#7065));
#7065 = ORIENTED_EDGE('',*,*,#5362,.T.);
#7066 = PLANE('',#7067);
#7067 = AXIS2_PLACEMENT_3D('',#7068,#7069,#7070);
#7068 = CARTESIAN_POINT('',(-6.25,5.127900497023E-16,5.4));
#7069 = DIRECTION('',(0.,0.,1.));
#7070 = DIRECTION('',(1.,0.,0.));
#7071 = ADVANCED_FACE('',(#7072),#7075,.T.);
#7072 = FACE_BOUND('',#7073,.T.);
#7073 = EDGE_LOOP('',(#7074));
#7074 = ORIENTED_EDGE('',*,*,#5387,.T.);
#7075 = PLANE('',#7076);
#7076 = AXIS2_PLACEMENT_3D('',#7077,#7078,#7079);
#7077 = CARTESIAN_POINT('',(-8.75,5.127900497023E-16,5.4));
#7078 = DIRECTION('',(0.,0.,1.));
#7079 = DIRECTION('',(1.,0.,0.));
#7080 = ADVANCED_FACE('',(#7081),#7084,.T.);
#7081 = FACE_BOUND('',#7082,.T.);
#7082 = EDGE_LOOP('',(#7083));
#7083 = ORIENTED_EDGE('',*,*,#5412,.T.);
#7084 = PLANE('',#7085);
#7085 = AXIS2_PLACEMENT_3D('',#7086,#7087,#7088);
#7086 = CARTESIAN_POINT('',(-6.25,5.127900497023E-16,5.4));
#7087 = DIRECTION('',(0.,0.,1.));
#7088 = DIRECTION('',(1.,0.,0.));
#7089 = ADVANCED_FACE('',(#7090),#7093,.T.);
#7090 = FACE_BOUND('',#7091,.T.);
#7091 = EDGE_LOOP('',(#7092));
#7092 = ORIENTED_EDGE('',*,*,#5437,.T.);
#7093 = PLANE('',#7094);
#7094 = AXIS2_PLACEMENT_3D('',#7095,#7096,#7097);
#7095 = CARTESIAN_POINT('',(-3.75,5.127900497023E-16,5.4));
#7096 = DIRECTION('',(0.,0.,1.));
#7097 = DIRECTION('',(1.,0.,0.));
#7098 = ADVANCED_FACE('',(#7099),#7102,.T.);
#7099 = FACE_BOUND('',#7100,.T.);
#7100 = EDGE_LOOP('',(#7101));
#7101 = ORIENTED_EDGE('',*,*,#5462,.T.);
#7102 = PLANE('',#7103);
#7103 = AXIS2_PLACEMENT_3D('',#7104,#7105,#7106);
#7104 = CARTESIAN_POINT('',(-1.25,5.127900497023E-16,5.4));
#7105 = DIRECTION('',(0.,0.,1.));
#7106 = DIRECTION('',(1.,0.,0.));
#7107 = ADVANCED_FACE('',(#7108),#7111,.T.);
#7108 = FACE_BOUND('',#7109,.T.);
#7109 = EDGE_LOOP('',(#7110));
#7110 = ORIENTED_EDGE('',*,*,#5487,.T.);
#7111 = PLANE('',#7112);
#7112 = AXIS2_PLACEMENT_3D('',#7113,#7114,#7115);
#7113 = CARTESIAN_POINT('',(-3.75,5.127900497023E-16,5.4));
#7114 = DIRECTION('',(0.,0.,1.));
#7115 = DIRECTION('',(1.,0.,0.));
#7116 = ADVANCED_FACE('',(#7117),#7120,.T.);
#7117 = FACE_BOUND('',#7118,.T.);
#7118 = EDGE_LOOP('',(#7119));
#7119 = ORIENTED_EDGE('',*,*,#5512,.T.);
#7120 = PLANE('',#7121);
#7121 = AXIS2_PLACEMENT_3D('',#7122,#7123,#7124);
#7122 = CARTESIAN_POINT('',(-1.25,5.127900497023E-16,5.4));
#7123 = DIRECTION('',(0.,0.,1.));
#7124 = DIRECTION('',(1.,0.,0.));
#7125 = ADVANCED_FACE('',(#7126),#7129,.T.);
#7126 = FACE_BOUND('',#7127,.T.);
#7127 = EDGE_LOOP('',(#7128));
#7128 = ORIENTED_EDGE('',*,*,#5537,.T.);
#7129 = PLANE('',#7130);
#7130 = AXIS2_PLACEMENT_3D('',#7131,#7132,#7133);
#7131 = CARTESIAN_POINT('',(1.25,5.127900497023E-16,5.4));
#7132 = DIRECTION('',(0.,0.,1.));
#7133 = DIRECTION('',(1.,0.,0.));
#7134 = ADVANCED_FACE('',(#7135),#7138,.T.);
#7135 = FACE_BOUND('',#7136,.T.);
#7136 = EDGE_LOOP('',(#7137));
#7137 = ORIENTED_EDGE('',*,*,#5562,.T.);
#7138 = PLANE('',#7139);
#7139 = AXIS2_PLACEMENT_3D('',#7140,#7141,#7142);
#7140 = CARTESIAN_POINT('',(3.75,5.127900497023E-16,5.4));
#7141 = DIRECTION('',(0.,0.,1.));
#7142 = DIRECTION('',(1.,0.,0.));
#7143 = ADVANCED_FACE('',(#7144),#7147,.T.);
#7144 = FACE_BOUND('',#7145,.T.);
#7145 = EDGE_LOOP('',(#7146));
#7146 = ORIENTED_EDGE('',*,*,#5587,.T.);
#7147 = PLANE('',#7148);
#7148 = AXIS2_PLACEMENT_3D('',#7149,#7150,#7151);
#7149 = CARTESIAN_POINT('',(1.25,5.127900497023E-16,5.4));
#7150 = DIRECTION('',(0.,0.,1.));
#7151 = DIRECTION('',(1.,0.,0.));
#7152 = ADVANCED_FACE('',(#7153),#7156,.T.);
#7153 = FACE_BOUND('',#7154,.T.);
#7154 = EDGE_LOOP('',(#7155));
#7155 = ORIENTED_EDGE('',*,*,#5612,.T.);
#7156 = PLANE('',#7157);
#7157 = AXIS2_PLACEMENT_3D('',#7158,#7159,#7160);
#7158 = CARTESIAN_POINT('',(3.75,5.127900497023E-16,5.4));
#7159 = DIRECTION('',(0.,0.,1.));
#7160 = DIRECTION('',(1.,0.,0.));
#7161 = ADVANCED_FACE('',(#7162),#7165,.T.);
#7162 = FACE_BOUND('',#7163,.T.);
#7163 = EDGE_LOOP('',(#7164));
#7164 = ORIENTED_EDGE('',*,*,#5637,.T.);
#7165 = PLANE('',#7166);
#7166 = AXIS2_PLACEMENT_3D('',#7167,#7168,#7169);
#7167 = CARTESIAN_POINT('',(6.25,5.127900497023E-16,5.4));
#7168 = DIRECTION('',(0.,0.,1.));
#7169 = DIRECTION('',(1.,0.,0.));
#7170 = ADVANCED_FACE('',(#7171),#7174,.T.);
#7171 = FACE_BOUND('',#7172,.T.);
#7172 = EDGE_LOOP('',(#7173));
#7173 = ORIENTED_EDGE('',*,*,#5662,.T.);
#7174 = PLANE('',#7175);
#7175 = AXIS2_PLACEMENT_3D('',#7176,#7177,#7178);
#7176 = CARTESIAN_POINT('',(8.75,5.127900497023E-16,5.4));
#7177 = DIRECTION('',(0.,0.,1.));
#7178 = DIRECTION('',(1.,0.,0.));
#7179 = ADVANCED_FACE('',(#7180),#7183,.T.);
#7180 = FACE_BOUND('',#7181,.T.);
#7181 = EDGE_LOOP('',(#7182));
#7182 = ORIENTED_EDGE('',*,*,#5687,.T.);
#7183 = PLANE('',#7184);
#7184 = AXIS2_PLACEMENT_3D('',#7185,#7186,#7187);
#7185 = CARTESIAN_POINT('',(6.25,5.127900497023E-16,5.4));
#7186 = DIRECTION('',(0.,0.,1.));
#7187 = DIRECTION('',(1.,0.,0.));
#7188 = ADVANCED_FACE('',(#7189),#7192,.T.);
#7189 = FACE_BOUND('',#7190,.T.);
#7190 = EDGE_LOOP('',(#7191));
#7191 = ORIENTED_EDGE('',*,*,#5712,.T.);
#7192 = PLANE('',#7193);
#7193 = AXIS2_PLACEMENT_3D('',#7194,#7195,#7196);
#7194 = CARTESIAN_POINT('',(8.75,5.127900497023E-16,5.4));
#7195 = DIRECTION('',(0.,0.,1.));
#7196 = DIRECTION('',(1.,0.,0.));
#7197 = ADVANCED_FACE('',(#7198),#7201,.T.);
#7198 = FACE_BOUND('',#7199,.T.);
#7199 = EDGE_LOOP('',(#7200));
#7200 = ORIENTED_EDGE('',*,*,#5737,.T.);
#7201 = PLANE('',#7202);
#7202 = AXIS2_PLACEMENT_3D('',#7203,#7204,#7205);
#7203 = CARTESIAN_POINT('',(1.25,5.127900497023E-16,5.4));
#7204 = DIRECTION('',(0.,0.,1.));
#7205 = DIRECTION('',(1.,0.,0.));
#7206 = ADVANCED_FACE('',(#7207),#7210,.T.);
#7207 = FACE_BOUND('',#7208,.T.);
#7208 = EDGE_LOOP('',(#7209));
#7209 = ORIENTED_EDGE('',*,*,#5762,.T.);
#7210 = PLANE('',#7211);
#7211 = AXIS2_PLACEMENT_3D('',#7212,#7213,#7214);
#7212 = CARTESIAN_POINT('',(3.75,5.127900497023E-16,5.4));
#7213 = DIRECTION('',(0.,0.,1.));
#7214 = DIRECTION('',(1.,0.,0.));
#7215 = ADVANCED_FACE('',(#7216),#7219,.T.);
#7216 = FACE_BOUND('',#7217,.T.);
#7217 = EDGE_LOOP('',(#7218));
#7218 = ORIENTED_EDGE('',*,*,#5787,.T.);
#7219 = PLANE('',#7220);
#7220 = AXIS2_PLACEMENT_3D('',#7221,#7222,#7223);
#7221 = CARTESIAN_POINT('',(1.25,5.127900497023E-16,5.4));
#7222 = DIRECTION('',(0.,0.,1.));
#7223 = DIRECTION('',(1.,0.,0.));
#7224 = ADVANCED_FACE('',(#7225),#7228,.T.);
#7225 = FACE_BOUND('',#7226,.T.);
#7226 = EDGE_LOOP('',(#7227));
#7227 = ORIENTED_EDGE('',*,*,#5812,.T.);
#7228 = PLANE('',#7229);
#7229 = AXIS2_PLACEMENT_3D('',#7230,#7231,#7232);
#7230 = CARTESIAN_POINT('',(3.75,5.127900497023E-16,5.4));
#7231 = DIRECTION('',(0.,0.,1.));
#7232 = DIRECTION('',(1.,0.,0.));
#7233 = ADVANCED_FACE('',(#7234),#7237,.T.);
#7234 = FACE_BOUND('',#7235,.T.);
#7235 = EDGE_LOOP('',(#7236));
#7236 = ORIENTED_EDGE('',*,*,#5837,.T.);
#7237 = PLANE('',#7238);
#7238 = AXIS2_PLACEMENT_3D('',#7239,#7240,#7241);
#7239 = CARTESIAN_POINT('',(6.25,5.127900497023E-16,5.4));
#7240 = DIRECTION('',(0.,0.,1.));
#7241 = DIRECTION('',(1.,0.,0.));
#7242 = ADVANCED_FACE('',(#7243),#7246,.T.);
#7243 = FACE_BOUND('',#7244,.T.);
#7244 = EDGE_LOOP('',(#7245));
#7245 = ORIENTED_EDGE('',*,*,#5862,.T.);
#7246 = PLANE('',#7247);
#7247 = AXIS2_PLACEMENT_3D('',#7248,#7249,#7250);
#7248 = CARTESIAN_POINT('',(8.75,5.127900497023E-16,5.4));
#7249 = DIRECTION('',(0.,0.,1.));
#7250 = DIRECTION('',(1.,0.,0.));
#7251 = ADVANCED_FACE('',(#7252),#7255,.T.);
#7252 = FACE_BOUND('',#7253,.T.);
#7253 = EDGE_LOOP('',(#7254));
#7254 = ORIENTED_EDGE('',*,*,#5887,.T.);
#7255 = PLANE('',#7256);
#7256 = AXIS2_PLACEMENT_3D('',#7257,#7258,#7259);
#7257 = CARTESIAN_POINT('',(6.25,5.127900497023E-16,5.4));
#7258 = DIRECTION('',(0.,0.,1.));
#7259 = DIRECTION('',(1.,0.,0.));
#7260 = ADVANCED_FACE('',(#7261),#7264,.T.);
#7261 = FACE_BOUND('',#7262,.T.);
#7262 = EDGE_LOOP('',(#7263));
#7263 = ORIENTED_EDGE('',*,*,#5912,.T.);
#7264 = PLANE('',#7265);
#7265 = AXIS2_PLACEMENT_3D('',#7266,#7267,#7268);
#7266 = CARTESIAN_POINT('',(8.75,5.127900497023E-16,5.4));
#7267 = DIRECTION('',(0.,0.,1.));
#7268 = DIRECTION('',(1.,0.,0.));
#7269 = ADVANCED_FACE('',(#7270),#7273,.T.);
#7270 = FACE_BOUND('',#7271,.T.);
#7271 = EDGE_LOOP('',(#7272));
#7272 = ORIENTED_EDGE('',*,*,#5937,.T.);
#7273 = PLANE('',#7274);
#7274 = AXIS2_PLACEMENT_3D('',#7275,#7276,#7277);
#7275 = CARTESIAN_POINT('',(-8.75,5.127900497023E-16,5.4));
#7276 = DIRECTION('',(0.,0.,1.));
#7277 = DIRECTION('',(1.,0.,0.));
#7278 = ADVANCED_FACE('',(#7279),#7282,.T.);
#7279 = FACE_BOUND('',#7280,.T.);
#7280 = EDGE_LOOP('',(#7281));
#7281 = ORIENTED_EDGE('',*,*,#5962,.T.);
#7282 = PLANE('',#7283);
#7283 = AXIS2_PLACEMENT_3D('',#7284,#7285,#7286);
#7284 = CARTESIAN_POINT('',(-6.25,5.127900497023E-16,5.4));
#7285 = DIRECTION('',(0.,0.,1.));
#7286 = DIRECTION('',(1.,0.,0.));
#7287 = ADVANCED_FACE('',(#7288),#7291,.T.);
#7288 = FACE_BOUND('',#7289,.T.);
#7289 = EDGE_LOOP('',(#7290));
#7290 = ORIENTED_EDGE('',*,*,#5987,.T.);
#7291 = PLANE('',#7292);
#7292 = AXIS2_PLACEMENT_3D('',#7293,#7294,#7295);
#7293 = CARTESIAN_POINT('',(-8.75,5.127900497023E-16,5.4));
#7294 = DIRECTION('',(0.,0.,1.));
#7295 = DIRECTION('',(1.,0.,0.));
#7296 = ADVANCED_FACE('',(#7297),#7300,.T.);
#7297 = FACE_BOUND('',#7298,.T.);
#7298 = EDGE_LOOP('',(#7299));
#7299 = ORIENTED_EDGE('',*,*,#6012,.T.);
#7300 = PLANE('',#7301);
#7301 = AXIS2_PLACEMENT_3D('',#7302,#7303,#7304);
#7302 = CARTESIAN_POINT('',(-6.25,5.127900497023E-16,5.4));
#7303 = DIRECTION('',(0.,0.,1.));
#7304 = DIRECTION('',(1.,0.,0.));
#7305 = ADVANCED_FACE('',(#7306),#7309,.T.);
#7306 = FACE_BOUND('',#7307,.T.);
#7307 = EDGE_LOOP('',(#7308));
#7308 = ORIENTED_EDGE('',*,*,#6037,.T.);
#7309 = PLANE('',#7310);
#7310 = AXIS2_PLACEMENT_3D('',#7311,#7312,#7313);
#7311 = CARTESIAN_POINT('',(-3.75,5.127900497023E-16,5.4));
#7312 = DIRECTION('',(0.,0.,1.));
#7313 = DIRECTION('',(1.,0.,0.));
#7314 = ADVANCED_FACE('',(#7315),#7318,.T.);
#7315 = FACE_BOUND('',#7316,.T.);
#7316 = EDGE_LOOP('',(#7317));
#7317 = ORIENTED_EDGE('',*,*,#6062,.T.);
#7318 = PLANE('',#7319);
#7319 = AXIS2_PLACEMENT_3D('',#7320,#7321,#7322);
#7320 = CARTESIAN_POINT('',(-1.25,5.127900497023E-16,5.4));
#7321 = DIRECTION('',(0.,0.,1.));
#7322 = DIRECTION('',(1.,0.,0.));
#7323 = ADVANCED_FACE('',(#7324),#7327,.T.);
#7324 = FACE_BOUND('',#7325,.T.);
#7325 = EDGE_LOOP('',(#7326));
#7326 = ORIENTED_EDGE('',*,*,#6087,.T.);
#7327 = PLANE('',#7328);
#7328 = AXIS2_PLACEMENT_3D('',#7329,#7330,#7331);
#7329 = CARTESIAN_POINT('',(-3.75,5.127900497023E-16,5.4));
#7330 = DIRECTION('',(0.,0.,1.));
#7331 = DIRECTION('',(1.,0.,0.));
#7332 = ADVANCED_FACE('',(#7333),#7336,.T.);
#7333 = FACE_BOUND('',#7334,.T.);
#7334 = EDGE_LOOP('',(#7335));
#7335 = ORIENTED_EDGE('',*,*,#6112,.T.);
#7336 = PLANE('',#7337);
#7337 = AXIS2_PLACEMENT_3D('',#7338,#7339,#7340);
#7338 = CARTESIAN_POINT('',(-1.25,5.127900497023E-16,5.4));
#7339 = DIRECTION('',(0.,0.,1.));
#7340 = DIRECTION('',(1.,0.,0.));
#7341 = ADVANCED_FACE('',(#7342),#7345,.T.);
#7342 = FACE_BOUND('',#7343,.T.);
#7343 = EDGE_LOOP('',(#7344));
#7344 = ORIENTED_EDGE('',*,*,#6137,.T.);
#7345 = PLANE('',#7346);
#7346 = AXIS2_PLACEMENT_3D('',#7347,#7348,#7349);
#7347 = CARTESIAN_POINT('',(-8.75,5.127900497023E-16,5.4));
#7348 = DIRECTION('',(0.,0.,1.));
#7349 = DIRECTION('',(1.,0.,0.));
#7350 = ADVANCED_FACE('',(#7351),#7354,.T.);
#7351 = FACE_BOUND('',#7352,.T.);
#7352 = EDGE_LOOP('',(#7353));
#7353 = ORIENTED_EDGE('',*,*,#6162,.T.);
#7354 = PLANE('',#7355);
#7355 = AXIS2_PLACEMENT_3D('',#7356,#7357,#7358);
#7356 = CARTESIAN_POINT('',(-6.25,5.127900497023E-16,5.4));
#7357 = DIRECTION('',(0.,0.,1.));
#7358 = DIRECTION('',(1.,0.,0.));
#7359 = ADVANCED_FACE('',(#7360),#7363,.T.);
#7360 = FACE_BOUND('',#7361,.T.);
#7361 = EDGE_LOOP('',(#7362));
#7362 = ORIENTED_EDGE('',*,*,#6187,.T.);
#7363 = PLANE('',#7364);
#7364 = AXIS2_PLACEMENT_3D('',#7365,#7366,#7367);
#7365 = CARTESIAN_POINT('',(-8.75,5.127900497023E-16,5.4));
#7366 = DIRECTION('',(0.,0.,1.));
#7367 = DIRECTION('',(1.,0.,0.));
#7368 = ADVANCED_FACE('',(#7369),#7372,.T.);
#7369 = FACE_BOUND('',#7370,.T.);
#7370 = EDGE_LOOP('',(#7371));
#7371 = ORIENTED_EDGE('',*,*,#6212,.T.);
#7372 = PLANE('',#7373);
#7373 = AXIS2_PLACEMENT_3D('',#7374,#7375,#7376);
#7374 = CARTESIAN_POINT('',(-6.25,5.127900497023E-16,5.4));
#7375 = DIRECTION('',(0.,0.,1.));
#7376 = DIRECTION('',(1.,0.,0.));
#7377 = ADVANCED_FACE('',(#7378),#7381,.T.);
#7378 = FACE_BOUND('',#7379,.T.);
#7379 = EDGE_LOOP('',(#7380));
#7380 = ORIENTED_EDGE('',*,*,#6237,.T.);
#7381 = PLANE('',#7382);
#7382 = AXIS2_PLACEMENT_3D('',#7383,#7384,#7385);
#7383 = CARTESIAN_POINT('',(-3.75,5.127900497023E-16,5.4));
#7384 = DIRECTION('',(0.,0.,1.));
#7385 = DIRECTION('',(1.,0.,0.));
#7386 = ADVANCED_FACE('',(#7387),#7390,.T.);
#7387 = FACE_BOUND('',#7388,.T.);
#7388 = EDGE_LOOP('',(#7389));
#7389 = ORIENTED_EDGE('',*,*,#6262,.T.);
#7390 = PLANE('',#7391);
#7391 = AXIS2_PLACEMENT_3D('',#7392,#7393,#7394);
#7392 = CARTESIAN_POINT('',(-1.25,5.127900497023E-16,5.4));
#7393 = DIRECTION('',(0.,0.,1.));
#7394 = DIRECTION('',(1.,0.,0.));
#7395 = ADVANCED_FACE('',(#7396),#7399,.T.);
#7396 = FACE_BOUND('',#7397,.T.);
#7397 = EDGE_LOOP('',(#7398));
#7398 = ORIENTED_EDGE('',*,*,#6287,.T.);
#7399 = PLANE('',#7400);
#7400 = AXIS2_PLACEMENT_3D('',#7401,#7402,#7403);
#7401 = CARTESIAN_POINT('',(-3.75,5.127900497023E-16,5.4));
#7402 = DIRECTION('',(0.,0.,1.));
#7403 = DIRECTION('',(1.,0.,0.));
#7404 = ADVANCED_FACE('',(#7405),#7408,.T.);
#7405 = FACE_BOUND('',#7406,.T.);
#7406 = EDGE_LOOP('',(#7407));
#7407 = ORIENTED_EDGE('',*,*,#6312,.T.);
#7408 = PLANE('',#7409);
#7409 = AXIS2_PLACEMENT_3D('',#7410,#7411,#7412);
#7410 = CARTESIAN_POINT('',(-1.25,5.127900497023E-16,5.4));
#7411 = DIRECTION('',(0.,0.,1.));
#7412 = DIRECTION('',(1.,0.,0.));
#7413 = ADVANCED_FACE('',(#7414),#7417,.T.);
#7414 = FACE_BOUND('',#7415,.T.);
#7415 = EDGE_LOOP('',(#7416));
#7416 = ORIENTED_EDGE('',*,*,#6337,.T.);
#7417 = PLANE('',#7418);
#7418 = AXIS2_PLACEMENT_3D('',#7419,#7420,#7421);
#7419 = CARTESIAN_POINT('',(1.25,5.127900497023E-16,5.4));
#7420 = DIRECTION('',(0.,0.,1.));
#7421 = DIRECTION('',(1.,0.,0.));
#7422 = ADVANCED_FACE('',(#7423),#7426,.T.);
#7423 = FACE_BOUND('',#7424,.T.);
#7424 = EDGE_LOOP('',(#7425));
#7425 = ORIENTED_EDGE('',*,*,#6362,.T.);
#7426 = PLANE('',#7427);
#7427 = AXIS2_PLACEMENT_3D('',#7428,#7429,#7430);
#7428 = CARTESIAN_POINT('',(3.75,5.127900497023E-16,5.4));
#7429 = DIRECTION('',(0.,0.,1.));
#7430 = DIRECTION('',(1.,0.,0.));
#7431 = ADVANCED_FACE('',(#7432),#7435,.T.);
#7432 = FACE_BOUND('',#7433,.T.);
#7433 = EDGE_LOOP('',(#7434));
#7434 = ORIENTED_EDGE('',*,*,#6387,.T.);
#7435 = PLANE('',#7436);
#7436 = AXIS2_PLACEMENT_3D('',#7437,#7438,#7439);
#7437 = CARTESIAN_POINT('',(1.25,5.127900497023E-16,5.4));
#7438 = DIRECTION('',(0.,0.,1.));
#7439 = DIRECTION('',(1.,0.,0.));
#7440 = ADVANCED_FACE('',(#7441),#7444,.T.);
#7441 = FACE_BOUND('',#7442,.T.);
#7442 = EDGE_LOOP('',(#7443));
#7443 = ORIENTED_EDGE('',*,*,#6412,.T.);
#7444 = PLANE('',#7445);
#7445 = AXIS2_PLACEMENT_3D('',#7446,#7447,#7448);
#7446 = CARTESIAN_POINT('',(3.75,5.127900497023E-16,5.4));
#7447 = DIRECTION('',(0.,0.,1.));
#7448 = DIRECTION('',(1.,0.,0.));
#7449 = ADVANCED_FACE('',(#7450),#7453,.T.);
#7450 = FACE_BOUND('',#7451,.T.);
#7451 = EDGE_LOOP('',(#7452));
#7452 = ORIENTED_EDGE('',*,*,#6437,.T.);
#7453 = PLANE('',#7454);
#7454 = AXIS2_PLACEMENT_3D('',#7455,#7456,#7457);
#7455 = CARTESIAN_POINT('',(6.25,5.127900497023E-16,5.4));
#7456 = DIRECTION('',(0.,0.,1.));
#7457 = DIRECTION('',(1.,0.,0.));
#7458 = ADVANCED_FACE('',(#7459),#7462,.T.);
#7459 = FACE_BOUND('',#7460,.T.);
#7460 = EDGE_LOOP('',(#7461));
#7461 = ORIENTED_EDGE('',*,*,#6462,.T.);
#7462 = PLANE('',#7463);
#7463 = AXIS2_PLACEMENT_3D('',#7464,#7465,#7466);
#7464 = CARTESIAN_POINT('',(8.75,5.127900497023E-16,5.4));
#7465 = DIRECTION('',(0.,0.,1.));
#7466 = DIRECTION('',(1.,0.,0.));
#7467 = ADVANCED_FACE('',(#7468),#7471,.T.);
#7468 = FACE_BOUND('',#7469,.T.);
#7469 = EDGE_LOOP('',(#7470));
#7470 = ORIENTED_EDGE('',*,*,#6487,.T.);
#7471 = PLANE('',#7472);
#7472 = AXIS2_PLACEMENT_3D('',#7473,#7474,#7475);
#7473 = CARTESIAN_POINT('',(6.25,5.127900497023E-16,5.4));
#7474 = DIRECTION('',(0.,0.,1.));
#7475 = DIRECTION('',(1.,0.,0.));
#7476 = ADVANCED_FACE('',(#7477),#7480,.T.);
#7477 = FACE_BOUND('',#7478,.T.);
#7478 = EDGE_LOOP('',(#7479));
#7479 = ORIENTED_EDGE('',*,*,#6512,.T.);
#7480 = PLANE('',#7481);
#7481 = AXIS2_PLACEMENT_3D('',#7482,#7483,#7484);
#7482 = CARTESIAN_POINT('',(8.75,5.127900497023E-16,5.4));
#7483 = DIRECTION('',(0.,0.,1.));
#7484 = DIRECTION('',(1.,0.,0.));
#7485 = ADVANCED_FACE('',(#7486),#7489,.T.);
#7486 = FACE_BOUND('',#7487,.T.);
#7487 = EDGE_LOOP('',(#7488));
#7488 = ORIENTED_EDGE('',*,*,#6537,.T.);
#7489 = PLANE('',#7490);
#7490 = AXIS2_PLACEMENT_3D('',#7491,#7492,#7493);
#7491 = CARTESIAN_POINT('',(1.25,5.127900497023E-16,5.4));
#7492 = DIRECTION('',(0.,0.,1.));
#7493 = DIRECTION('',(1.,0.,0.));
#7494 = ADVANCED_FACE('',(#7495),#7498,.T.);
#7495 = FACE_BOUND('',#7496,.T.);
#7496 = EDGE_LOOP('',(#7497));
#7497 = ORIENTED_EDGE('',*,*,#6562,.T.);
#7498 = PLANE('',#7499);
#7499 = AXIS2_PLACEMENT_3D('',#7500,#7501,#7502);
#7500 = CARTESIAN_POINT('',(3.75,5.127900497023E-16,5.4));
#7501 = DIRECTION('',(0.,0.,1.));
#7502 = DIRECTION('',(1.,0.,0.));
#7503 = ADVANCED_FACE('',(#7504),#7507,.T.);
#7504 = FACE_BOUND('',#7505,.T.);
#7505 = EDGE_LOOP('',(#7506));
#7506 = ORIENTED_EDGE('',*,*,#6587,.T.);
#7507 = PLANE('',#7508);
#7508 = AXIS2_PLACEMENT_3D('',#7509,#7510,#7511);
#7509 = CARTESIAN_POINT('',(1.25,5.127900497023E-16,5.4));
#7510 = DIRECTION('',(0.,0.,1.));
#7511 = DIRECTION('',(1.,0.,0.));
#7512 = ADVANCED_FACE('',(#7513),#7516,.T.);
#7513 = FACE_BOUND('',#7514,.T.);
#7514 = EDGE_LOOP('',(#7515));
#7515 = ORIENTED_EDGE('',*,*,#6612,.T.);
#7516 = PLANE('',#7517);
#7517 = AXIS2_PLACEMENT_3D('',#7518,#7519,#7520);
#7518 = CARTESIAN_POINT('',(3.75,5.127900497023E-16,5.4));
#7519 = DIRECTION('',(0.,0.,1.));
#7520 = DIRECTION('',(1.,0.,0.));
#7521 = ADVANCED_FACE('',(#7522),#7525,.T.);
#7522 = FACE_BOUND('',#7523,.T.);
#7523 = EDGE_LOOP('',(#7524));
#7524 = ORIENTED_EDGE('',*,*,#6637,.T.);
#7525 = PLANE('',#7526);
#7526 = AXIS2_PLACEMENT_3D('',#7527,#7528,#7529);
#7527 = CARTESIAN_POINT('',(6.25,5.127900497023E-16,5.4));
#7528 = DIRECTION('',(0.,0.,1.));
#7529 = DIRECTION('',(1.,0.,0.));
#7530 = ADVANCED_FACE('',(#7531),#7534,.T.);
#7531 = FACE_BOUND('',#7532,.T.);
#7532 = EDGE_LOOP('',(#7533));
#7533 = ORIENTED_EDGE('',*,*,#6662,.T.);
#7534 = PLANE('',#7535);
#7535 = AXIS2_PLACEMENT_3D('',#7536,#7537,#7538);
#7536 = CARTESIAN_POINT('',(8.75,5.127900497023E-16,5.4));
#7537 = DIRECTION('',(0.,0.,1.));
#7538 = DIRECTION('',(1.,0.,0.));
#7539 = ADVANCED_FACE('',(#7540),#7543,.T.);
#7540 = FACE_BOUND('',#7541,.T.);
#7541 = EDGE_LOOP('',(#7542));
#7542 = ORIENTED_EDGE('',*,*,#6687,.T.);
#7543 = PLANE('',#7544);
#7544 = AXIS2_PLACEMENT_3D('',#7545,#7546,#7547);
#7545 = CARTESIAN_POINT('',(6.25,5.127900497023E-16,5.4));
#7546 = DIRECTION('',(0.,0.,1.));
#7547 = DIRECTION('',(1.,0.,0.));
#7548 = ADVANCED_FACE('',(#7549),#7552,.T.);
#7549 = FACE_BOUND('',#7550,.T.);
#7550 = EDGE_LOOP('',(#7551));
#7551 = ORIENTED_EDGE('',*,*,#6712,.T.);
#7552 = PLANE('',#7553);
#7553 = AXIS2_PLACEMENT_3D('',#7554,#7555,#7556);
#7554 = CARTESIAN_POINT('',(8.75,5.127900497023E-16,5.4));
#7555 = DIRECTION('',(0.,0.,1.));
#7556 = DIRECTION('',(1.,0.,0.));
#7557 = ( GEOMETRIC_REPRESENTATION_CONTEXT(3) 
GLOBAL_UNCERTAINTY_ASSIGNED_CONTEXT((#7561)) 
GLOBAL_UNIT_ASSIGNED_CONTEXT((#7558,#7559,#7560)) REPRESENTATION_CONTEXT
('Context #1','3D Context with UNIT and UNCERTAINTY') );
#7558 = ( LENGTH_UNIT() NAMED_UNIT(*) SI_UNIT(.MILLI.,.METRE.) );
#7559 = ( NAMED_UNIT(*) PLANE_ANGLE_UNIT() SI_UNIT($,.RADIAN.) );
#7560 = ( NAMED_UNIT(*) SI_UNIT($,.STERADIAN.) SOLID_ANGLE_UNIT() );
#7561 = UNCERTAINTY_MEASURE_WITH_UNIT(LENGTH_MEASURE(1.E-07),#7558,
  'distance_accuracy_value','confusion accuracy');
#7562 = PRODUCT_RELATED_PRODUCT_CATEGORY('part',$,(#7));
#7563 = MECHANICAL_DESIGN_GEOMETRIC_PRESENTATION_REPRESENTATION('',(
    #7564),#7557);
#7564 = STYLED_ITEM('color',(#7565),#15);
#7565 = PRESENTATION_STYLE_ASSIGNMENT((#7566,#7572));
#7566 = SURFACE_STYLE_USAGE(.BOTH.,#7567);
#7567 = SURFACE_SIDE_STYLE('',(#7568));
#7568 = SURFACE_STYLE_FILL_AREA(#7569);
#7569 = FILL_AREA_STYLE('',(#7570));
#7570 = FILL_AREA_STYLE_COLOUR('',#7571);
#7571 = COLOUR_RGB('',0.447058818107,0.474509808674,0.501960817233);
#7572 = CURVE_STYLE('',#7573,POSITIVE_LENGTH_MEASURE(0.1),#7574);
#7573 = DRAUGHTING_PRE_DEFINED_CURVE_FONT('continuous');
#7574 = COLOUR_RGB('',9.803921802644E-02,9.803921802644E-02,
  9.803921802644E-02);
ENDSEC;
END-ISO-10303-21;
